Player,Team,League,Pos,Position,Age,Minutes,Goals,Assists,Shots_p90,Passes_p90,PassAcc,Tackles_p90,Interceptions_p90,Score,Label,Pred_Score,Pred_Category,Cluster,Profile,PC1,PC2
Abdel Abqar,Alavés,La Liga,DF,Defender,25-081,2312.0,0.0,0.0,0.38927335640138405,29.662629757785467,72.6,1.3624567474048441,0.8953287197231834,0.0,0,0.036,Low,2,Defensive,-0.38587805749290155,0.6324146284056067
Carlos Benavídez,Alavés,La Liga,MF,Midfielder,26-061,1136.0,3.0,1.0,1.1091549295774648,36.36443661971831,69.9,4.436619718309859,1.5052816901408452,0.31690140845070425,1,0.151,Low,2,Defensive,1.3192646225499367,3.6003126310882743
Antonio Blanco,Alavés,La Liga,MF,Midfielder,23-312,2426.0,0.0,1.0,0.7419620774938169,39.064303380049466,77.0,2.262984336356142,1.2984336356141797,0.03709810387469085,0,0.12,Low,2,Defensive,0.7570758778826696,1.1355027695387834
Rubén Duarte,Alavés,La Liga,DF,Defender,28-225,1878.0,2.0,1.0,0.7188498402555911,39.632587859424916,68.4,1.8690095846645367,1.1022364217252396,0.1437699680511182,0,0.139,Low,2,Defensive,-0.06768692350192401,1.213677012894477
Andoni Gorosabel,Alavés,La Liga,DF,Defender,27-300,2854.0,1.0,0.0,0.47302032235459,41.909600560616674,79.7,1.9551506657323054,0.8829712683952348,0.03153468815697267,0,0.058,Low,2,Defensive,0.5923571206090559,0.3419296266743857
Ander Guevara,Alavés,La Liga,MF,Midfielder,26-328,2932.0,1.0,0.0,0.4911323328785812,45.15347885402456,75.5,1.8110504774897682,0.3990450204638472,0.030695770804911326,0,0.114,Low,2,Defensive,-0.07748674990322621,0.05527418389393153
Jon Guridi,Alavés,La Liga,MF,Midfielder,29-092,2678.0,3.0,4.0,1.2098581030619866,27.893950709484688,77.5,1.4115011202389842,0.7393577296489917,0.2352501867064974,1,0.233,Low,0,Attacking,-0.6893840375564108,0.2197770137717644
Ianis Hagi,Alavés,La Liga,"MF,FW",Midfielder,25-221,804.0,0.0,2.0,2.9104477611940296,33.69402985074627,64.5,1.9029850746268657,0.5597014925373134,0.22388059701492538,1,0.282,High,0,Attacking,-2.031662896492834,1.0811150120860784
Kiké,Alavés,La Liga,"FW,MF",Forward,34-187,1423.0,3.0,2.0,3.541813070976809,19.037245256500352,66.4,0.5059732958538299,0.06324666198172874,0.3162333099086437,1,0.592,High,0,Attacking,-3.7804906100964404,-0.25850430614071923
Javi López,Alavés,La Liga,DF,Defender,22-150,2386.0,1.0,3.0,0.6789606035205364,42.5859178541492,68.6,0.8675607711651299,0.3772003352891869,0.15088013411567475,0,0.163,Low,0,Attacking,-1.0993491642434607,-0.24206218421070985
Rafa Marín,Alavés,La Liga,DF,Defender,22-011,2443.0,0.0,0.0,0.4789193614408514,37.760949652067126,82.5,1.1788784281620956,1.2157183790421613,0.0,0,0.029,Low,2,Defensive,0.5694937612649771,-0.13602934940950243
Samuel Omorodion,Alavés,La Liga,FW,Forward,20-025,1918.0,8.0,1.0,3.0031282586027115,15.109489051094892,72.0,0.28154327424400416,0.04692387904066737,0.4223149113660063,1,0.785,High,0,Attacking,-3.4324299259237336,-0.6888227341593438
Abderrahman Rebbach,Alavés,La Liga,"FW,MF",Forward,25-293,722.0,1.0,0.0,2.119113573407202,28.047091412742382,55.1,1.1218836565096952,0.3739612188365651,0.12465373961218837,0,0.27,High,0,Attacking,-2.872367105905683,1.1065267799425207
Luis Rioja,Alavés,La Liga,"FW,MF",Forward,30-227,2498.0,5.0,4.0,1.909527622097678,30.804643714971977,64.4,0.9727782225780625,0.5764611689351481,0.3242594075260208,1,0.405,High,0,Attacking,-2.048721453147961,0.47110670539276184
Aleksandar Sedlar,Alavés,La Liga,DF,Defender,32-169,946.0,1.0,0.0,0.38054968287526425,38.530655391120504,84.7,1.331923890063425,1.236786469344609,0.09513742071881606,0,0.057,Low,1,Playmaking,0.8561189507856958,-0.1494109062507985
Giuliano Simeone,Alavés,La Liga,FW,Forward,21-164,630.0,1.0,2.0,2.0,24.142857142857142,67.5,1.0,0.7142857142857143,0.42857142857142855,1,0.429,High,0,Attacking,-1.9693484333496425,0.5508270584621232
Alex Sola,Alavés,La Liga,"FW,MF",Forward,24-356,1262.0,0.0,3.0,1.9968304278922346,30.665610142630744,62.6,1.925515055467512,0.7844690966719493,0.21394611727416799,1,0.25,High,0,Attacking,-1.553063417693482,1.5326044062511273
Nahuel Tenaglia,Alavés,La Liga,DF,Defender,28-099,1141.0,1.0,0.0,0.63102541630149,35.810692375109554,72.7,2.287467134092901,0.946538124452235,0.07887817703768625,0,0.104,Low,2,Defensive,0.16166489330574466,1.2632503271905644
Carlos Vicente,Alavés,La Liga,FW,Forward,25-037,1114.0,2.0,4.0,1.2118491921005385,28.84201077199282,56.3,1.2926391382405744,0.3231597845601436,0.4847396768402154,1,0.339,High,0,Attacking,-2.298608250806048,1.1773854980778724
Sergio Akieme,Almería,La Liga,DF,Defender,26-166,1675.0,2.0,0.0,0.4835820895522388,43.038805970149255,77.4,1.4507462686567165,0.5373134328358209,0.10746268656716418,0,0.108,Low,2,Defensive,-0.06966540244171933,-0.21262817117822766
Sergio Arribas,Almería,La Liga,"MF,FW",Midfielder,22-243,2047.0,9.0,4.0,2.638006839276991,33.019052271617,78.3,1.4948705422569615,0.7034684904738642,0.5715681485100146,1,0.419,High,0,Attacking,-1.199293035183465,-0.01929397536237388
Iddrisu Baba,Almería,La Liga,MF,Midfielder,28-129,1430.0,0.0,0.0,0.5034965034965034,41.16083916083916,83.0,2.895104895104895,0.6923076923076923,0.0,0,0.035,Low,2,Defensive,1.0093398529558324,0.7797524248388954
Léo Baptistão,Almería,La Liga,FW,Forward,31-278,1837.0,6.0,0.0,2.351660315732172,27.8279804028307,64.4,1.2248230811105063,0.5389221556886228,0.2939575394665215,1,0.376,High,0,Attacking,-2.26882510155585,0.6938160055554985
Juan Brandáriz,Almería,La Liga,DF,Defender,25-089,2434.0,0.0,1.0,0.1848808545603944,44.66721446179129,86.4,1.257189811010682,0.5176663927691043,0.03697617091207888,0,0.024,Low,1,Playmaking,0.521563326221719,-0.9969124866434542
Álex Centelles,Almería,La Liga,DF,Defender,26-204,980.0,0.0,1.0,0.18367346938775508,49.95918367346938,73.5,1.010204081632653,1.6530612244897958,0.09183673469387754,0,0.075,Low,2,Defensive,0.885659899008182,0.3616214188797938
Adri Embarba,Almería,La Liga,"FW,MF",Forward,32-023,2476.0,3.0,2.0,2.2899838449111467,33.731825525040385,65.6,1.9991922455573505,0.5452342487883683,0.18174474959612277,1,0.232,High,0,Attacking,-1.6289792739710827,1.1217695429166596
Édgar González,Almería,La Liga,"DF,MF",Defender,27-059,2522.0,2.0,0.0,0.4639175257731959,48.17605075337034,85.2,1.605868358445678,1.3560666137985726,0.07137192704203013,0,0.049,Low,1,Playmaking,1.3599831805550906,-0.10925250883033173
Luis Javier Suárez,Almería,La Liga,FW,Forward,26-180,917.0,6.0,0.0,3.8276990185387136,19.825517993456927,74.3,0.6870229007633588,0.0,0.588876772082879,1,0.733,High,0,Attacking,-3.4282091458540704,-0.7135712770062035
Kaiky,Almería,La Liga,DF,Defender,20-139,523.0,1.0,0.0,0.5162523900573613,45.25812619502868,82.5,1.2045889101338432,0.5162523900573613,0.17208413001912046,1,0.115,Low,1,Playmaking,0.12860752156883226,-0.8242405690289818
Bruno Langa,Almería,La Liga,DF,Defender,26-212,820.0,1.0,0.0,0.8780487804878049,43.90243902439025,76.8,1.8658536585365855,0.43902439024390244,0.10975609756097561,0,0.127,Low,2,Defensive,-0.1689806538798319,0.04831331274360357
Dion Lopy,Almería,La Liga,MF,Midfielder,22-118,1916.0,0.0,0.0,1.0803757828810021,41.43006263048017,84.5,2.91231732776618,0.7045929018789144,0.0,0,0.07,Low,2,Defensive,0.8350046527244407,0.6566735371391161
Anthony Lozano,Almería,La Liga,FW,Forward,31-035,772.0,3.0,0.0,2.6813471502590676,15.854922279792747,72.1,0.8160621761658031,0.23316062176165803,0.34974093264248707,1,0.521,High,0,Attacking,-2.8199085549378906,-0.10775494532093917
Gonzalo Melero,Almería,La Liga,"MF,FW",Midfielder,30-149,1103.0,1.0,1.0,1.1423390752493199,37.94197642792384,81.9,1.1423390752493199,0.3263825929283771,0.16319129646418856,0,0.19,High,0,Attacking,-0.6311461266986026,-0.8432191381129596
César Montes,Almería,La Liga,DF,Defender,27-096,1788.0,0.0,0.0,0.6543624161073825,48.97651006711409,77.1,1.1073825503355705,0.5536912751677853,0.0,0,0.061,Low,1,Playmaking,-0.14826664176177118,-0.6243165389273059
Alejandro Pozo Pozo,Almería,La Liga,"DF,MF",Defender,25-098,976.0,0.0,0.0,0.3688524590163934,55.143442622950815,74.1,1.7520491803278688,0.6454918032786885,0.0,0,0.038,Low,2,Defensive,0.3917999101361479,0.0448954346132606
Pubill,Almería,La Liga,DF,Defender,20-345,1883.0,1.0,3.0,0.9559214020180563,45.7886351566649,71.6,2.2464152947424325,0.7169410515135423,0.19118428040361127,1,0.179,Low,2,Defensive,-0.0077899227066736305,0.8607801847916587
Aleksandar Radovanović,Almería,La Liga,DF,Defender,30-201,569.0,0.0,0.0,0.15817223198594024,31.15992970123023,91.9,1.265377855887522,1.7398945518453428,0.0,0,0.018,Low,1,Playmaking,1.5957461700212152,-0.10375497850403648
Largie Ramazani,Almería,La Liga,"FW,MF",Forward,23-093,1555.0,3.0,5.0,2.315112540192926,19.678456591639872,59.7,0.6945337620578778,1.967845659163987,0.4630225080385852,1,0.439,High,0,Attacking,-1.6729075219156062,1.8320228894108295
Lucas Robertone,Almería,La Liga,MF,Midfielder,27-073,2381.0,0.0,5.0,1.3985720285594287,51.52036959260815,81.2,2.3057538849223014,1.9277614447711047,0.1889962200755985,1,0.154,Low,2,Defensive,1.629716010566347,1.0113758069191934
Jonathan Viera,Almería,La Liga,MF,Midfielder,34-222,912.0,0.0,3.0,1.1842105263157896,53.78289473684211,85.9,1.875,0.39473684210526316,0.2960526315789474,1,0.251,High,1,Playmaking,0.43773247240514157,-0.8394015087087471
Kai Havertz,Arsenal,Premier League,"MF,FW",Midfielder,24-354,2634.0,13.0,7.0,2.3234624145785876,32.63097949886105,80.0,1.1958997722095672,0.683371298405467,0.683371298405467,1,0.572,High,0,Attacking,-1.11903901107783,-0.3618192554682865
Gabriel Jesus,Arsenal,Premier League,FW,Forward,27-057,1478.0,4.0,5.0,3.3491204330175917,31.23815967523681,78.6,1.4614343707713127,0.7916102841677944,0.5480378890392423,1,0.525,High,0,Attacking,-1.5200133617991143,-0.008251839351577648
Jorginho,Arsenal,Premier League,MF,Midfielder,32-162,921.0,0.0,2.0,0.39087947882736157,76.71009771986971,89.0,2.3452768729641695,1.1726384364820848,0.19543973941368079,1,0.135,Low,1,Playmaking,2.6079733733399677,-0.5790253673166195
Jakub Kiwior,Arsenal,Premier League,DF,Defender,24-105,946.0,1.0,3.0,0.5708245243128964,59.46088794926004,83.7,1.9027484143763214,0.7610993657505285,0.38054968287526425,1,0.182,Low,1,Playmaking,1.1342552608905996,-0.4942110226536453
Gabriel Magalhães,Arsenal,Premier League,DF,Defender,26-163,3044.0,4.0,0.0,0.9165571616294349,63.77463863337714,88.7,1.419185282522996,0.9165571616294349,0.11826544021024966,0,0.168,Low,1,Playmaking,1.283295510529658,-1.238688622452267
Gabriel Martinelli,Arsenal,Premier League,FW,Forward,22-347,2019.0,6.0,4.0,2.585438335809807,41.411589895988115,77.9,1.337295690936107,0.22288261515601782,0.44576523031203563,1,0.478,High,0,Attacking,-1.4759400504425368,-0.6855968637551505
Eddie Nketiah,Arsenal,Premier League,FW,Forward,25-000,1082.0,5.0,2.0,3.1608133086876156,17.88354898336414,78.1,0.9981515711645101,0.33271719038817005,0.5822550831792976,1,0.603,High,0,Attacking,-2.483237734140873,-0.3602649866479245
Thomas Partey,Arsenal,Premier League,"MF,DF",Midfielder,30-352,788.0,0.0,0.0,0.9137055837563451,72.63959390862944,89.6,1.5989847715736039,1.2563451776649746,0.0,0,0.079,Low,1,Playmaking,1.990231048889545,-1.1128668099170436
Declan Rice,Arsenal,Premier League,MF,Midfielder,25-137,3225.0,7.0,8.0,1.6186046511627905,64.04651162790697,88.9,2.316279069767442,1.227906976744186,0.41860465116279066,1,0.295,High,1,Playmaking,1.6681071971522463,-0.33178230343268367
Bukayo Saka,Arsenal,Premier League,FW,Forward,22-268,2919.0,16.0,9.0,3.1449126413155195,46.618705035971225,75.6,2.034943473792395,0.4624871531346352,0.7708119218910587,1,0.611,High,0,Attacking,-1.1805979908192448,0.054855124196699995
William Saliba,Arsenal,Premier League,DF,Defender,23-067,3420.0,2.0,1.0,0.2631578947368421,75.02631578947368,92.4,1.0789473684210527,0.7631578947368421,0.07894736842105263,0,0.056,Low,1,Playmaking,1.8345395046174255,-2.108445749421049
Takehiro Tomiyasu,Arsenal,Premier League,DF,Defender,25-207,1149.0,2.0,1.0,1.3315926892950392,54.595300261096604,82.4,1.5665796344647518,1.4099216710182767,0.23498694516971275,1,0.225,Low,1,Playmaking,0.9878011735830434,-0.13855352320758918
Leandro Trossard,Arsenal,Premier League,"FW,MF",Forward,29-178,1649.0,12.0,1.0,3.2747119466343237,36.73135233474833,73.4,1.4736203759854456,0.4366282595512432,0.7095209217707702,1,0.588,High,0,Attacking,-1.9420103882265873,-0.052025097533267665
Ben White,Arsenal,Premier League,DF,Defender,26-235,2988.0,4.0,4.0,0.39156626506024095,65.5722891566265,84.0,1.4457831325301203,0.9638554216867469,0.24096385542168672,1,0.14,Low,1,Playmaking,1.387228202389692,-0.8794968580389027
Oleksandr Zinchenko,Arsenal,Premier League,DF,Defender,27-167,1722.0,1.0,2.0,0.8885017421602788,81.95121951219512,87.6,2.6132404181184667,1.0452961672473868,0.156794425087108,0,0.181,Low,1,Playmaking,2.4414114398586313,-0.5246971627402818
Martin Ødegaard,Arsenal,Premier League,MF,Midfielder,25-165,3091.0,8.0,10.0,2.183759301197024,58.40828210934973,84.3,1.4267227434487222,0.43675186023940477,0.5241022322872857,1,0.492,High,1,Playmaking,-0.1883745823574389,-1.261121218278136
Leon Bailey,Aston Villa,Premier League,"MF,FW",Midfielder,26-295,2068.0,10.0,9.0,2.3065764023210833,34.38104448742747,72.5,0.5657640232108317,0.3916827852998066,0.8268858800773695,1,0.669,High,0,Attacking,-2.0515900378918257,-0.6527108896364165
Diego Carlos,Aston Villa,Premier League,DF,Defender,31-076,1816.0,0.0,0.0,0.4955947136563877,66.40969162995594,88.4,1.3381057268722467,0.644273127753304,0.0,0,0.054,Low,1,Playmaking,1.259449327164647,-1.5242108479983985
Matty Cash,Aston Villa,Premier League,DF,Defender,26-297,2142.0,2.0,2.0,1.3865546218487395,51.470588235294116,80.4,2.26890756302521,0.7563025210084033,0.1680672268907563,0,0.157,High,2,Defensive,0.4839293500857136,0.16071448139868502
Moussa Diaby,Aston Villa,Premier League,"FW,MF",Forward,24-328,2174.0,6.0,8.0,2.235510579576817,25.62557497700092,78.4,0.49678012879484823,0.37258509659613614,0.579576816927323,1,0.569,High,0,Attacking,-1.9859222722450736,-0.8904893118264807
Lucas Digne,Aston Villa,Premier League,DF,Defender,30-315,2410.0,1.0,3.0,0.7468879668049793,50.45228215767635,75.1,1.7551867219917012,0.970954356846473,0.14937759336099585,0,0.128,Low,2,Defensive,0.4298288043569092,0.3132245532199621
Jhon Durán,Aston Villa,Premier League,"FW,MF",Forward,20-169,475.0,5.0,0.0,3.7894736842105265,22.926315789473684,68.6,1.1368421052631579,0.18947368421052632,0.9473684210526316,1,0.769,High,0,Attacking,-3.2521021835654365,0.10160227458023992
Boubacar Kamara,Aston Villa,Premier League,MF,Midfielder,24-189,1652.0,0.0,1.0,0.27239709443099275,56.3861985472155,89.1,2.342615012106538,1.1440677966101696,0.054479418886198554,0,0.055,Low,1,Playmaking,2.0616937754707534,-0.10007593989936682
Ezri Konsa,Aston Villa,Premier League,DF,Defender,26-220,3069.0,1.0,0.0,0.5571847507331378,61.407624633431084,91.1,1.5835777126099706,0.8211143695014662,0.029325513196480937,0,0.079,Low,1,Playmaking,1.5177883760767301,-1.246720701288685
Clément Lenglet,Aston Villa,Premier League,DF,Defender,28-348,1153.0,0.0,1.0,0.624457935819601,71.65654813529922,89.5,1.0147441457068516,0.5464006938421508,0.07805724197745012,0,0.101,Low,1,Playmaking,1.163948602964025,-2.076390416081281
Douglas Luiz,Aston Villa,Premier League,MF,Midfielder,26-021,2993.0,9.0,5.0,1.3230872034747745,63.177413965920486,85.7,1.7440694954894755,0.6916137654527231,0.420982292014701,1,0.346,High,1,Playmaking,0.840758659144223,-0.9546894694433916
John McGinn,Aston Villa,Premier League,"MF,FW",Midfielder,29-225,2999.0,6.0,4.0,1.2004001333777925,36.70223407802601,79.5,1.770590196732244,0.6302100700233411,0.3001000333444481,1,0.244,High,2,Defensive,-0.25094098216198507,0.08898790272505014
Álex Moreno,Aston Villa,Premier League,DF,Defender,30-357,1031.0,2.0,0.0,0.6983511154219204,47.31328806983511,79.0,1.571290009699321,1.1348205625606207,0.1745877788554801,1,0.138,Low,2,Defensive,0.6483916563891442,0.10788797720637609
Jacob Ramsey,Aston Villa,Premier League,"FW,MF",Forward,23-002,853.0,1.0,1.0,2.004689331770223,33.974208675263775,79.8,1.6881594372801876,0.31652989449003516,0.21101992966002345,1,0.266,High,0,Attacking,-1.0413604613439618,-0.22403664196895456
Morgan Rogers,Aston Villa,Premier League,"MF,FW",Midfielder,21-309,638.0,3.0,1.0,1.5517241379310345,27.507836990595614,75.4,1.1285266457680252,0.42319749216300945,0.5642633228840126,1,0.434,High,0,Attacking,-1.4156446173780046,-0.12856742350047698
Youri Tielemans,Aston Villa,Premier League,"MF,FW",Midfielder,27-023,1622.0,2.0,6.0,0.7768187422934648,52.65721331689272,83.1,2.2749691738594326,0.8323057953144266,0.4438964241676942,1,0.129,Low,2,Defensive,1.0455925506913781,0.060064466660415906
Pau Torres,Aston Villa,Premier League,DF,Defender,27-135,2464.0,2.0,0.0,0.4383116883116883,65.30844155844156,87.4,1.0592532467532467,0.5113636363636364,0.07305194805194806,0,0.093,Low,1,Playmaking,0.9445749442745318,-1.7581208053323851
Ollie Watkins,Aston Villa,Premier League,FW,Forward,28-152,3217.0,19.0,13.0,2.993472179048803,17.03761268262356,75.4,0.335716506061548,0.111905502020516,0.895244016164128,1,0.773,High,0,Attacking,-3.0950820483434556,-0.8651277620149717
Nicolò Zaniolo,Aston Villa,Premier League,"FW,MF",Forward,24-333,839.0,2.0,0.0,2.8963051251489866,24.457687723480333,65.8,2.038140643623361,0.1072705601907032,0.2145411203814064,1,0.299,High,0,Attacking,-2.572563126107271,0.9987471377605198
Charles De Ketelaere,Atalanta,Serie A,"FW,MF",Forward,23-081,1953.0,10.0,7.0,2.0276497695852536,34.47004608294931,72.6,1.4285714285714286,0.3225806451612903,0.7834101382488479,1,0.556,High,0,Attacking,-1.5608470265839662,0.02335259493702495
Berat Djimsiti,Atalanta,Serie A,DF,Defender,31-101,2816.0,0.0,1.0,0.4154829545454546,52.79829545454545,87.5,1.3423295454545454,1.8217329545454546,0.03196022727272727,0,0.067,Low,1,Playmaking,1.953624211863013,-0.24158048954437666
Éderson,Atalanta,Serie A,MF,Midfielder,24-328,2779.0,6.0,1.0,1.2306585102554877,52.04390068369918,83.4,2.5908600215905,1.29543001079525,0.22670025188916876,1,0.187,Low,2,Defensive,1.399501217620388,0.630862892046965
Hans Hateboer,Atalanta,Serie A,DF,Defender,30-142,1106.0,0.0,1.0,0.8137432188065099,49.23146473779385,83.5,0.9764918625678118,0.325497287522604,0.081374321880651,0,0.136,Low,1,Playmaking,-0.13379827027767272,-1.3408924966387565
Isak Hien,Atalanta,Serie A,DF,Defender,25-138,847.0,0.0,1.0,0.3187721369539551,45.79693034238488,88.2,1.9126328217237307,1.1688311688311688,0.10625737898465171,0,0.072,Low,1,Playmaking,1.5038323170827654,-0.12209396531310882
Emil Holm,Atalanta,Serie A,DF,Defender,24-017,891.0,1.0,1.0,2.4242424242424243,43.535353535353536,66.8,2.6262626262626263,0.7070707070707071,0.20202020202020202,1,0.282,High,2,Defensive,-0.8997405881083104,1.4334063049615884
Sead Kolašinac,Atalanta,Serie A,DF,Defender,30-345,2178.0,1.0,0.0,0.5371900826446281,52.8099173553719,84.3,1.8181818181818183,0.8677685950413223,0.04132231404958678,0,0.13,Low,1,Playmaking,1.052970541918558,-0.35791796002612086
Teun Koopmeiners,Atalanta,Serie A,MF,Midfielder,26-092,2537.0,12.0,5.0,1.8092234923137562,48.74260938115885,76.9,1.3835238470634608,0.35474970437524633,0.6030744974379187,1,0.494,High,0,Attacking,-0.7927913688063594,-0.607840318579144
Ademola Lookman,Atalanta,Serie A,"FW,MF",Forward,26-223,1839.0,10.0,6.0,3.230016313213703,39.49429037520392,76.5,0.8809135399673735,0.44045676998368677,0.7830342577487766,1,0.676,High,0,Attacking,-1.9432495376488368,-0.8094079210529698
Aleksei Miranchuk,Atalanta,Serie A,"MF,FW",Midfielder,28-226,1142.0,3.0,5.0,2.7583187390542907,47.28546409807356,72.7,0.9457092819614712,0.1576182136602452,0.6304728546409808,1,0.628,High,0,Attacking,-1.9317194095930914,-0.8754613484469882
Mario Pašalić,Atalanta,Serie A,"MF,FW",Midfielder,29-111,1961.0,6.0,6.0,1.7440081591024987,49.93370729219786,86.2,1.2850586435492097,0.7343192248852627,0.550739418663947,1,0.389,High,1,Playmaking,0.10276423836685396,-1.0408284417484261
Marten de Roon,Atalanta,Serie A,"MF,DF",Midfielder,33-062,2599.0,0.0,5.0,0.5540592535590612,59.28434013081955,84.5,2.770296267795306,1.385148133897653,0.17314351673720663,1,0.13,Low,2,Defensive,2.1727257208929656,0.6450632561204984
Matteo Ruggeri,Atalanta,Serie A,DF,Defender,21-324,2359.0,0.0,4.0,0.41966935142009326,57.38024586689275,79.7,1.030097498940229,0.8393387028401865,0.1526070368800339,0,0.116,Low,1,Playmaking,0.5840383645600633,-0.8358139739556812
Giorgio Scalvini,Atalanta,Serie A,DF,Defender,20-171,2461.0,0.0,3.0,0.65826899634295,55.404307192198296,81.5,1.9016659894351888,2.0845184884193415,0.10971149939049167,0,0.104,Low,2,Defensive,2.0792735505502975,0.7308882899341818
Gianluca Scamacca,Atalanta,Serie A,FW,Forward,25-150,1418.0,12.0,6.0,3.6812411847672775,27.03808180535966,67.6,0.9520451339915373,0.2538787023977433,1.1424541607898449,1,0.825,High,0,Attacking,-3.164456635482708,-0.0316156651142006
Rafael Tolói,Atalanta,Serie A,DF,Defender,33-233,891.0,0.0,0.0,0.30303030303030304,49.292929292929294,81.8,1.9191919191919191,1.3131313131313131,0.0,0,0.014,Low,2,Defensive,1.3889567702408845,0.3259061993964001
Davide Zappacosta,Atalanta,Serie A,DF,Defender,31-354,1867.0,2.0,1.0,1.7836100696304231,50.56775575790038,84.0,1.4461703267273702,0.24102838778789504,0.144617032672737,0,0.21,High,1,Playmaking,-0.40427326314577633,-1.1495348294389252
Yeray Álvarez,Athletic Club,La Liga,DF,Defender,29-127,1152.0,0.0,0.0,0.546875,55.46875,80.6,1.40625,0.859375,0.0,0,0.121,Low,1,Playmaking,0.7134641558623697,-0.5296743835568192
Yuri Berchiche,Athletic Club,La Liga,DF,Defender,34-110,1930.0,3.0,1.0,0.839378238341969,60.80829015544042,82.7,1.5388601036269431,0.9326424870466322,0.18652849740932642,1,0.163,Low,1,Playmaking,0.9705360242083008,-0.6551681740523602
Álex Berenguer,Athletic Club,La Liga,FW,Forward,28-331,1592.0,7.0,3.0,1.7525125628140703,33.69346733668341,62.6,1.300251256281407,0.28266331658291455,0.5653266331658291,1,0.443,High,0,Attacking,-2.1071030561158874,0.5818518469411915
Iñigo Ruiz de Galarreta,Athletic Club,La Liga,MF,Midfielder,30-298,2091.0,1.0,1.0,0.4734576757532281,53.027259684361546,80.6,2.109038737446198,0.5164992826398852,0.0860832137733142,0,0.094,Low,2,Defensive,0.694135297026412,-0.13678305372767108
Dani García,Athletic Club,La Liga,MF,Midfielder,34-006,745.0,1.0,0.0,0.7248322147651006,39.98657718120805,84.3,2.053691275167785,0.9664429530201342,0.12080536912751677,0,0.123,Low,2,Defensive,0.7953162125020674,0.21357784923586723
Unai Gómez,Athletic Club,La Liga,MF,Midfielder,21-005,875.0,2.0,0.0,1.645714285714286,26.742857142857144,76.2,1.2342857142857144,0.20571428571428574,0.20571428571428574,1,0.304,High,0,Attacking,-1.591072477653612,-0.24353906191975963
Gorka Guruzeta,Athletic Club,La Liga,FW,Forward,27-261,2217.0,14.0,5.0,2.557510148849797,25.087956698240866,68.3,1.3802435723951285,0.6901217861975643,0.7713125845737483,1,0.555,High,0,Attacking,-2.016067670001143,0.7325971283969464
Ander Herrera,Athletic Club,La Liga,MF,Midfielder,34-290,1030.0,0.0,3.0,1.2233009708737863,66.05825242718447,85.1,3.8446601941747574,1.3106796116504855,0.2621359223300971,1,0.216,Low,2,Defensive,2.5084032542809953,1.2270832605404545
Imanol,Athletic Club,La Liga,DF,Defender,23-357,525.0,0.0,0.0,0.17142857142857143,58.800000000000004,81.6,1.2,1.2,0.0,0,0.026,Low,1,Playmaking,1.2700712718733664,-0.5671969725758343
Iñigo Lekue,Athletic Club,La Liga,DF,Defender,31-026,2002.0,0.0,2.0,0.2247752247752248,57.22777222777223,79.5,1.7982017982017984,0.6743256743256744,0.08991008991008992,0,0.082,Low,1,Playmaking,0.8754188603074557,-0.2904096632906792
Óscar de Marcos,Athletic Club,La Liga,DF,Defender,35-046,2258.0,1.0,5.0,0.19929140832595219,62.418069087688224,79.4,2.2320637732506645,0.5978742249778565,0.2391496899911426,1,0.15,Low,1,Playmaking,1.1656696912393019,-0.10671320175013306
Iker Muniain,Athletic Club,La Liga,"MF,FW",Midfielder,31-163,594.0,2.0,0.0,1.9696969696969697,62.121212121212125,84.1,0.7575757575757576,0.0,0.30303030303030304,1,0.375,High,0,Attacking,-0.7093811815159531,-2.205667601552102
Aitor Paredes,Athletic Club,La Liga,DF,Defender,24-031,2704.0,1.0,0.0,0.46597633136094674,51.789940828402365,85.5,0.665680473372781,1.0983727810650887,0.03328402366863906,0,0.043,Low,1,Playmaking,0.7950891479407806,-1.1910505267560563
Beñat Prados,Athletic Club,La Liga,"MF,DF",Midfielder,23-112,1449.0,0.0,0.0,0.43478260869565216,50.37267080745341,82.2,2.795031055900621,1.4285714285714284,0.0,0,0.038,Low,2,Defensive,1.8989308213948097,1.07693378793843
Oihan Sancet,Athletic Club,La Liga,MF,Midfielder,24-035,1975.0,4.0,5.0,1.868354430379747,36.54683544303798,79.9,0.8658227848101266,0.4556962025316456,0.41012658227848103,1,0.375,High,0,Attacking,-1.1544237774466468,-0.8629639051968733
Mikel Vesga,Athletic Club,La Liga,MF,Midfielder,31-009,1534.0,3.0,1.0,0.9973924380704042,48.63754889178618,77.1,2.346805736636245,1.8774445893089962,0.23468057366362452,1,0.162,Low,2,Defensive,1.4879865739894276,1.376686701013349
Asier Villalibre,Athletic Club,La Liga,FW,Forward,26-243,513.0,2.0,1.0,2.1052631578947367,21.75438596491228,71.0,0.3508771929824561,0.0,0.5263157894736842,1,0.501,High,0,Attacking,-2.8637423798955104,-0.6997178982633847
Daniel Vivian,Athletic Club,La Liga,DF,Defender,24-320,2878.0,0.0,0.0,0.3439888811674774,53.756080611535786,83.9,1.3134120917303682,0.9694232105628909,0.0,0,0.067,Low,1,Playmaking,1.0088281388182303,-0.6842541809257825
Iñaki Williams,Athletic Club,La Liga,FW,Forward,29-350,2844.0,12.0,3.0,2.943037974683544,31.487341772151897,67.1,0.7594936708860759,0.4430379746835443,0.47468354430379744,1,0.478,High,0,Attacking,-2.614502181490512,-0.07388776462136097
Nico Williams,Athletic Club,La Liga,FW,Forward,21-323,2263.0,5.0,11.0,2.2271321254971275,32.9297392841361,69.9,1.2328767123287672,0.11931064958020327,0.6363234644277508,1,0.548,High,0,Attacking,-2.13721974926323,-0.09021526064614044
César Azpilicueta,Atlético Madrid,La Liga,DF,Defender,34-276,1423.0,0.0,2.0,0.12649332396345747,65.46029515108924,83.8,1.5811665495432186,1.0119465917076598,0.12649332396345747,0,0.101,Low,1,Playmaking,1.6129300289694313,-0.6962346689491273
Pablo Barrios,Atlético Madrid,La Liga,MF,Midfielder,20-350,1555.0,0.0,1.0,0.9839228295819935,50.52733118971061,83.4,2.6045016077170415,1.6205787781350482,0.05787781350482315,0,0.072,Low,2,Defensive,1.7867379789271158,0.9400604836924465
Ángel Correa,Atlético Madrid,La Liga,"FW,MF",Forward,29-082,1528.0,9.0,2.0,2.473821989528796,30.392670157068064,73.4,1.2958115183246073,0.11780104712041885,0.6479057591623036,1,0.559,High,0,Attacking,-2.1069873076296997,-0.22393598287603714
Rodrigo De Paul,Atlético Madrid,La Liga,MF,Midfielder,30-006,2075.0,3.0,5.0,1.3012048192771084,67.35903614457831,83.1,1.344578313253012,0.4771084337349397,0.34698795180722886,1,0.321,High,1,Playmaking,0.43694144263849743,-1.3773839483846195
Antoine Griezmann,Atlético Madrid,La Liga,"FW,MF",Forward,33-070,2644.0,16.0,6.0,2.5529500756429653,47.07639939485628,76.8,1.1232980332829048,0.340393343419062,0.7488653555219364,1,0.671,High,0,Attacking,-1.351440716449818,-0.8405486963559542
Mario Hermoso,Atlético Madrid,La Liga,DF,Defender,28-347,2557.0,0.0,1.0,0.5983574501368791,68.5295267892061,86.1,1.6190848650762613,1.0559249120062573,0.03519749706687524,0,0.081,Low,1,Playmaking,1.6551970630818187,-0.8923299887911627
Koke,Atlético Madrid,La Liga,MF,Midfielder,32-143,2493.0,0.0,4.0,0.36101083032490977,81.69675090252707,90.0,2.3826714801444044,0.5776173285198556,0.1444043321299639,0,0.128,Low,1,Playmaking,2.287187076228829,-1.178481691730037
Samuel Lino,Atlético Madrid,La Liga,"DF,MF",Defender,24-159,2080.0,4.0,5.0,2.3365384615384617,43.91826923076923,80.4,2.639423076923077,0.6057692307692307,0.3894230769230769,1,0.456,High,2,Defensive,-0.168020449053913,0.47354741622196717
Marcos Llorente,Atlético Madrid,La Liga,"MF,DF",Midfielder,29-121,2565.0,6.0,4.0,1.0526315789473684,42.771929824561404,79.9,1.4035087719298245,0.49122807017543857,0.3508771929824561,1,0.282,Low,2,Defensive,-0.28395185638356907,-0.48462051849458304
Reinildo Mandava,Atlético Madrid,La Liga,DF,Defender,30-130,731.0,2.0,1.0,0.6155950752393982,50.97127222982216,85.3,3.6935704514363885,1.8467852257181943,0.3693570451436389,1,0.163,Low,2,Defensive,2.8145942547898315,1.9040871521030875
José María Giménez,Atlético Madrid,La Liga,DF,Defender,29-131,1326.0,0.0,0.0,0.47511312217194573,44.321266968325794,86.1,1.2217194570135748,0.6787330316742082,0.0,0,0.065,Low,1,Playmaking,0.4836585262412501,-0.8988002704119539
Memphis,Atlético Madrid,La Liga,FW,Forward,30-107,893.0,5.0,1.0,3.829787234042553,26.606942889137738,73.9,0.503919372900336,0.10078387458006718,0.6047032474804032,1,0.746,High,0,Attacking,-3.250357061462982,-0.931264008191775
Nahuel Molina,Atlético Madrid,La Liga,DF,Defender,26-054,1852.0,2.0,3.0,0.5831533477321814,63.36933045356371,73.4,1.8466522678185744,0.43736501079913603,0.24298056155507558,1,0.228,Low,2,Defensive,0.3335891600019975,-0.20404678319691089
Álvaro Morata,Atlético Madrid,La Liga,FW,Forward,31-220,1904.0,15.0,3.0,3.119747899159664,18.15126050420168,69.5,0.7563025210084033,0.04726890756302521,0.8508403361344539,1,0.664,High,0,Attacking,-3.3185859653672014,-0.21373323554353793
Saúl Ñíguez,Atlético Madrid,La Liga,MF,Midfielder,29-191,1374.0,1.0,4.0,1.0480349344978166,44.67248908296943,80.5,4.192139737991266,0.9170305676855894,0.32751091703056767,1,0.22,Low,2,Defensive,1.5221422025520903,2.0626711701734384
Rodrigo Riquelme,Atlético Madrid,La Liga,"DF,MF",Defender,24-058,1528.0,3.0,5.0,2.1793193717277486,39.640052356020945,74.4,1.7670157068062826,0.5301047120418848,0.47120418848167545,1,0.412,High,0,Attacking,-1.0335749233999278,0.20297725258084565
Stefan Savić,Atlético Madrid,La Liga,DF,Defender,33-143,1630.0,0.0,0.0,0.27607361963190186,54.607361963190186,82.9,1.49079754601227,1.49079754601227,0.0,0,0.022,Low,1,Playmaking,1.5787994911841432,-0.0982002591750927
Axel Witsel,Atlético Madrid,La Liga,DF,Defender,35-139,2783.0,2.0,0.0,0.22637441609773626,59.34243621990658,91.9,1.1318720804886813,0.5174272367948257,0.06467840459935321,0,0.048,Low,1,Playmaking,1.1717195351847027,-1.8262797313858632
Maximilian Bauer,Augsburg,Bundesliga,DF,Defender,24-111,810.0,1.0,0.0,0.4444444444444444,54.55555555555556,86.2,2.111111111111111,1.2222222222222223,0.1111111111111111,0,0.102,Low,1,Playmaking,1.7237356324787554,-0.011013588971613239
Tim Breithaupt,Augsburg,Bundesliga,MF,Midfielder,22-113,629.0,0.0,0.0,0.4292527821939587,40.206677265500794,82.6,2.861685214626391,1.1446740858505564,0.0,0,0.035,Low,2,Defensive,1.4005473150340344,1.1448308138212584
Ermedin Demirović,Augsburg,Bundesliga,"FW,MF",Forward,26-066,2873.0,15.0,9.0,2.4121127741037243,17.981204316045947,64.6,0.7518273581621998,0.3445875391576749,0.7518273581621998,1,0.523,High,0,Attacking,-2.9743157764044996,0.3810552977017831
Niklas Dorsch,Augsburg,Bundesliga,MF,Midfielder,26-136,1386.0,0.0,0.0,0.9090909090909091,40.77922077922078,86.8,2.2727272727272725,1.0389610389610389,0.0,0,0.075,Low,2,Defensive,1.0383765573816999,0.2528108499877403
Dion Drena Beljo,Augsburg,Bundesliga,"FW,MF",Forward,22-090,581.0,2.0,0.0,2.9432013769363166,24.78485370051635,71.9,0.0,0.1549053356282272,0.3098106712564544,1,0.499,High,0,Attacking,-3.1638797631549105,-1.0693522896899157
Arne Engels,Augsburg,Bundesliga,"MF,DF",Midfielder,20-265,1405.0,3.0,2.0,1.2811387900355873,37.60142348754449,67.1,2.113879003558719,0.9608540925266904,0.32028469750889677,1,0.255,High,2,Defensive,-0.4932100566837648,1.406231445737519
Ohis Felix Uduokhai,Augsburg,Bundesliga,DF,Defender,26-264,2921.0,2.0,0.0,0.40054775761725436,51.08524477918521,81.4,1.140020540910647,1.4173228346456692,0.06162273194111605,0,0.046,Low,1,Playmaking,1.0974052891323234,-0.2681177434941122
Jeffrey Gouweleeuw,Augsburg,Bundesliga,DF,Defender,32-325,2593.0,1.0,0.0,0.7983031237948323,51.7161588893174,77.0,1.2148091014269187,1.2148091014269187,0.034708831469340534,0,0.098,Low,2,Defensive,0.5181130582804977,-0.11279632436910604
Robert Gumny,Augsburg,Bundesliga,DF,Defender,25-361,481.0,0.0,0.0,0.5613305613305614,36.48648648648649,70.8,1.1226611226611227,1.30977130977131,0.0,0,0.05,Low,2,Defensive,-0.10539573696518126,0.6803853562363033
Iago,Augsburg,Bundesliga,DF,Defender,27-068,1622.0,1.0,1.0,0.998766954377312,40.7829839704069,72.9,1.997533908754624,0.998766954377312,0.11097410604192355,0,0.115,Low,2,Defensive,0.0444454789169553,0.8994909591354422
Kristijan Jakić,Augsburg,Bundesliga,MF,Midfielder,27-016,1051.0,2.0,1.0,1.1132254995242628,43.0732635585157,79.1,2.3977164605137964,1.7126546146527117,0.25689819219790677,1,0.136,Low,2,Defensive,1.2545710617411439,1.2934323881763277
Fredrik Jensen,Augsburg,Bundesliga,"MF,FW",Midfielder,26-264,1338.0,2.0,4.0,0.9417040358744394,32.01793721973094,60.9,1.547085201793722,0.8071748878923767,0.40358744394618834,1,0.221,Low,0,Attacking,-1.2448823078465028,1.3895235567149542
Arne Maier,Augsburg,Bundesliga,MF,Midfielder,25-143,1003.0,2.0,4.0,1.9740777666999003,53.210368893320044,75.7,1.2562313060817547,0.5383848454636092,0.5383848454636092,1,0.522,High,0,Attacking,-0.7036312257016394,-0.6196031936293124
Kevin Mbabu,Augsburg,Bundesliga,DF,Defender,29-041,2047.0,0.0,2.0,0.17586712261846604,44.846116267708844,63.1,2.242305813385442,1.0552027357107963,0.08793356130923302,0,0.079,Low,2,Defensive,0.18589858385138514,1.7468044826128108
Sven Michel,Augsburg,Bundesliga,"FW,MF",Forward,33-320,583.0,2.0,1.0,1.8524871355060033,26.706689536878216,56.1,1.0806174957118353,0.0,0.4631217838765008,1,0.375,High,0,Attacking,-3.089176921367099,0.7796716467185542
Mads Pedersen,Augsburg,Bundesliga,DF,Defender,27-272,1786.0,1.0,1.0,0.6550951847704367,42.984322508398655,74.7,3.22508398656215,0.9574468085106382,0.10078387458006718,0,0.115,Low,2,Defensive,0.9219714674998005,1.7402529696287963
Patric Pfeiffer,Augsburg,Bundesliga,DF,Defender,24-284,511.0,0.0,1.0,1.9373776908023483,47.025440313111545,72.3,1.9373776908023483,1.9373776908023483,0.1761252446183953,1,0.203,High,2,Defensive,0.5675360561799996,1.3683890000623864
Elvis Rexhbeçaj,Augsburg,Bundesliga,MF,Midfielder,26-211,1985.0,2.0,0.0,1.269521410579345,32.14609571788413,73.8,1.3602015113350125,0.906801007556675,0.0906801007556675,0,0.262,High,2,Defensive,-0.6739618118659088,0.43587549089152133
Phillip Tietz,Augsburg,Bundesliga,FW,Forward,26-326,2382.0,8.0,4.0,1.9647355163727962,20.17632241813602,62.2,0.8690176322418136,0.22670025188916879,0.45340050377833757,1,0.422,High,0,Attacking,-2.878582943594289,0.525894867245094
Ruben Vargas,Augsburg,Bundesliga,"MF,FW",Midfielder,25-299,1962.0,4.0,5.0,2.2477064220183487,31.376146788990823,69.3,1.055045871559633,0.3211009174311926,0.4128440366972477,1,0.462,High,0,Attacking,-2.1225223875439503,-0.011061290566865176
Ronald Araújo,Barcelona,La Liga,DF,Defender,25-084,1997.0,1.0,2.0,1.0365548322483724,73.95593390085128,88.8,1.2168252378567852,0.5408112168252378,0.13520280420630948,0,0.16,High,1,Playmaking,1.0766801861612736,-1.953167299264333
Alejandro Balde,Barcelona,La Liga,DF,Defender,20-225,1378.0,0.0,1.0,0.3265602322206096,53.359941944847606,84.9,1.3062409288824384,0.3265602322206096,0.06531204644412192,0,0.083,Low,1,Playmaking,0.4619801162405743,-1.2247623105788048
João Cancelo,Barcelona,La Liga,DF,Defender,30-003,2503.0,2.0,4.0,1.15061925689173,66.59208949260888,82.8,2.30123851378346,1.0427487015581303,0.21574111066719937,1,0.245,High,1,Playmaking,1.4508862609958164,-0.11141230112627981
Andreas Christensen,Barcelona,La Liga,"DF,MF",Defender,28-050,1979.0,2.0,2.0,0.5457301667508844,71.35421930267813,94.3,1.0459828196058616,0.9550277918140476,0.1819100555836281,1,0.138,Low,1,Playmaking,1.8586020548596598,-2.047089315196951
Pau Cubarsí,Barcelona,La Liga,DF,Defender,17-129,1558.0,0.0,0.0,0.17329910141206675,85.89858793324775,91.5,1.270860077021823,0.693196405648267,0.0,0,0.032,Low,1,Playmaking,2.166136613662893,-2.203602372134021
João Félix,Barcelona,La Liga,FW,Forward,24-202,1540.0,7.0,3.0,3.564935064935065,38.74675324675325,81.1,1.2857142857142858,0.5844155844155844,0.5844155844155845,1,0.623,High,0,Attacking,-1.54662696067886,-0.6732633183959947
Gavi,Barcelona,La Liga,"MF,FW",Midfielder,19-299,944.0,1.0,1.0,0.8580508474576272,51.57838983050848,90.4,3.718220338983051,0.7627118644067796,0.1906779661016949,1,0.137,Low,2,Defensive,2.0036672876523856,0.7482449220173014
İlkay Gündoğan,Barcelona,La Liga,MF,Midfielder,33-219,2994.0,5.0,9.0,1.2324649298597194,75.45090180360722,86.2,0.9619238476953909,0.6312625250501002,0.42084168336673344,1,0.222,High,1,Playmaking,0.8394844940069772,-1.9776446738763052
Frenkie de Jong,Barcelona,La Liga,MF,Midfielder,27-018,1634.0,2.0,0.0,0.38555691554467564,92.203182374541,92.1,2.368421052631579,0.7711138310893513,0.11015911872705018,0,0.129,Low,1,Playmaking,2.86740731012605,-1.4440963290918032
Jules Koundé,Barcelona,La Liga,DF,Defender,25-200,2899.0,1.0,2.0,0.7450845119006555,85.5915833045878,89.9,1.148671955846844,0.7761296998965161,0.09313556398758192,0,0.076,Low,1,Playmaking,1.8030183590782265,-2.1717797627851474
Robert Lewandowski,Barcelona,La Liga,FW,Forward,35-283,2750.0,19.0,8.0,2.9454545454545453,19.374545454545455,70.3,0.2618181818181818,0.29454545454545455,0.8836363636363636,1,0.692,High,0,Attacking,-3.1565460755773285,-0.5097007369713313
Fermin López,Barcelona,La Liga,"MF,FW",Midfielder,21-019,1446.0,8.0,0.0,3.1742738589211617,39.273858921161825,82.7,2.5518672199170123,0.24896265560165975,0.4979253112033195,1,0.482,High,0,Attacking,-0.9599405072292079,0.037675011163657415
Iñigo Martínez,Barcelona,La Liga,DF,Defender,33-013,1296.0,0.0,0.0,0.5555555555555556,78.61111111111111,88.4,0.6944444444444444,0.7638888888888888,0.0,0,0.077,Low,1,Playmaking,1.386008852829954,-2.274094269096258
Pedri,Barcelona,La Liga,"MF,FW",Midfielder,21-187,1476.0,4.0,2.0,0.9146341463414634,72.5,87.0,2.0121951219512195,0.853658536585366,0.3658536585365854,1,0.282,Low,1,Playmaking,1.6611594320695227,-0.8965533995408539
Raphinha,Barcelona,La Liga,"FW,MF",Forward,27-168,1368.0,6.0,9.0,3.8157894736842106,45.5921052631579,75.3,0.9210526315789475,0.8552631578947368,0.986842105263158,1,0.934,High,0,Attacking,-1.7220832028471944,-0.5800094011122308
Sergi Roberto,Barcelona,La Liga,"MF,DF",Midfielder,32-113,860.0,3.0,2.0,1.0465116279069768,68.44186046511628,89.0,1.5697674418604652,0.8372093023255814,0.5232558139534884,1,0.34,Low,1,Playmaking,1.3671925618119365,-1.3168856597609506
Oriol Romeu,Barcelona,La Liga,MF,Midfielder,32-249,936.0,0.0,1.0,0.9615384615384615,77.5,89.0,3.269230769230769,0.9615384615384615,0.09615384615384615,0,0.15,Low,1,Playmaking,2.5890740152277725,-0.030071916054570925
Ferrán Torres,Barcelona,La Liga,FW,Forward,24-091,1211.0,7.0,2.0,2.82411230388109,33.44343517753922,78.0,0.6688687035507844,0.37159372419488024,0.6688687035507844,1,0.586,High,0,Attacking,-1.9954875994753498,-0.9570210669062985
Lamine Yamal,Barcelona,La Liga,FW,Forward,16-322,2201.0,5.0,5.0,2.371649250340754,46.28805088596093,79.8,2.494320763289414,0.7769195820081781,0.408905043162199,1,0.441,High,2,Defensive,-0.06097434340326413,0.45932908832196384
Kingsley Coman,Bayern Munich,Bundesliga,FW,Forward,27-352,1113.0,3.0,3.0,2.7493261455525606,52.318059299191376,81.6,0.9703504043126684,0.16172506738544473,0.4851752021563342,1,0.655,High,0,Attacking,-1.2667655036919654,-1.558986640285681
Alphonso Davies,Bayern Munich,Bundesliga,DF,Defender,23-210,2065.0,2.0,5.0,0.5665859564164649,71.56416464891042,87.7,2.0484261501210654,1.1331719128329298,0.3050847457627119,1,0.213,Low,1,Playmaking,2.122973257955319,-0.6555963036235993
Eric Dier,Bayern Munich,Bundesliga,DF,Defender,30-136,1166.0,0.0,0.0,0.6946826758147513,88.22469982847342,91.2,0.8490566037735849,0.7718696397941681,0.0,0,0.053,Low,1,Playmaking,1.8308598404251732,-2.5701967113614135
Leon Goretzka,Bayern Munich,Bundesliga,MF,Midfielder,29-114,2241.0,6.0,7.0,2.248995983935743,70.4417670682731,88.9,1.6465863453815262,1.244979919678715,0.5220883534136547,1,0.61,High,1,Playmaking,1.237805280429761,-1.0779095834433916
Raphaël Guerreiro,Bayern Munich,Bundesliga,"DF,MF",Defender,30-160,1191.0,3.0,0.0,1.3602015113350128,76.85138539042822,86.5,1.4357682619647356,1.1335012594458438,0.22670025188916879,1,0.285,High,1,Playmaking,1.5239158657367433,-1.2726251180257682
Harry Kane,Bayern Munich,Bundesliga,FW,Forward,30-307,2839.0,36.0,8.0,4.4698837618879885,21.04966537513209,71.4,0.4121169425854174,0.19020781965480804,1.394857344135259,1,1.023,High,0,Attacking,-3.8281299298008906,-0.6859540713713905
Joshua Kimmich,Bayern Munich,Bundesliga,"MF,DF",Midfielder,29-112,2176.0,1.0,6.0,1.0340073529411764,93.76378676470588,86.1,1.8612132352941178,0.5790441176470589,0.28952205882352944,1,0.256,High,1,Playmaking,1.8346599628357583,-1.7001648418186703
Konrad Laimer,Bayern Munich,Bundesliga,"DF,MF",Defender,27-003,1772.0,0.0,3.0,0.8634311512415349,74.00112866817156,88.8,2.8442437923250563,0.9142212189616252,0.15237020316027086,0,0.179,Low,1,Playmaking,2.280990142356928,-0.3118896798268267
Matthijs de Ligt,Bayern Munich,Bundesliga,DF,Defender,24-292,1390.0,2.0,0.0,0.9064748201438849,77.24460431654676,93.9,0.9712230215827338,1.2302158273381294,0.12949640287769784,0,0.121,Low,1,Playmaking,2.0463390329851423,-2.0484912996108533
Eric Maxim Choupo-Moting,Bayern Munich,Bundesliga,"MF,FW",Midfielder,35-068,717.0,2.0,2.0,3.2635983263598325,35.39748953974895,82.3,2.1338912133891212,0.8786610878661087,0.502092050209205,1,0.546,High,0,Attacking,-0.7509994574117125,0.2760741152413104
Noussair Mazraoui,Bayern Munich,Bundesliga,DF,Defender,26-198,1197.0,0.0,3.0,0.9022556390977443,73.68421052631578,88.3,2.406015037593985,1.5037593984962405,0.22556390977443608,1,0.136,Low,1,Playmaking,2.564538304157514,-0.19775467574461092
Kim Min-jae,Bayern Munich,Bundesliga,DF,Defender,27-197,1970.0,1.0,1.0,0.45685279187817257,97.72081218274111,92.8,1.6903553299492386,2.0558375634517767,0.09137055837563451,0,0.078,Low,1,Playmaking,3.901731370122903,-1.2347774186678502
Thomas Müller,Bayern Munich,Bundesliga,"MF,FW",Midfielder,34-260,1654.0,5.0,9.0,1.9588875453446193,44.07496977025394,74.3,1.414752116082225,0.16324062877871828,0.7617896009673519,1,0.592,High,0,Attacking,-1.3101792970917294,-0.4501842164596405
Jamal Musiala,Bayern Munich,Bundesliga,"MF,FW",Midfielder,21-094,1755.0,10.0,5.0,2.9743589743589745,39.58974358974359,80.4,2.051282051282051,0.8205128205128205,0.7692307692307692,1,0.606,High,0,Attacking,-0.6873723054122972,0.20627382688686638
Aleksandar Pavlovic,Bayern Munich,Bundesliga,MF,Midfielder,20-027,1227.0,2.0,2.0,0.58679706601467,71.22249388753056,92.4,2.053789731051345,1.2469437652811737,0.293398533007335,1,0.212,Low,1,Playmaking,2.475757122003665,-0.8675160702873563
Leroy Sané,Bayern Munich,Bundesliga,FW,Forward,28-140,2137.0,8.0,11.0,3.074403369209172,46.24239588207768,80.0,0.6317267197005147,0.2948058025269069,0.8001871782873187,1,0.712,High,0,Attacking,-1.7288996861773605,-1.5095898199571418
Mathys Tel,Bayern Munich,Bundesliga,"FW,MF",Forward,19-033,1050.0,7.0,5.0,3.685714285714286,35.142857142857146,82.9,1.0285714285714287,0.5142857142857143,1.0285714285714285,1,0.805,High,0,Attacking,-1.7954526292475514,-0.9771150697531644
Dayot Upamecano,Bayern Munich,Bundesliga,DF,Defender,25-216,1762.0,1.0,0.0,0.5618615209988649,92.6049943246311,92.6,1.7366628830874005,0.9704880817253121,0.0510783200908059,0,0.072,Low,1,Playmaking,2.7057262892783287,-1.8751266983609882
Abner,Betis,La Liga,DF,Defender,24-003,1400.0,0.0,1.0,0.2571428571428572,51.23571428571429,77.2,1.6071428571428572,0.9642857142857143,0.0642857142857143,0,0.058,Low,2,Defensive,0.736960703762456,0.06355366415934746
Sergi Altimira,Betis,La Liga,MF,Midfielder,22-279,568.0,1.0,0.0,1.1091549295774648,50.70422535211268,90.3,2.376760563380282,1.426056338028169,0.15845070422535212,0,0.133,Low,1,Playmaking,1.829446229507507,0.13980130931767198
Héctor Bellerín,Betis,La Liga,DF,Defender,29-072,1711.0,0.0,1.0,0.10520163646990063,51.49620105201636,77.2,1.7884278199883108,1.157218001168907,0.05260081823495032,0,0.065,Low,2,Defensive,1.08474441860234,0.36263112043744805
Johnny Cardoso,Betis,La Liga,MF,Midfielder,22-253,1328.0,1.0,2.0,0.8132530120481927,43.373493975903614,84.2,3.2530120481927707,2.1686746987951806,0.20331325301204817,1,0.146,Low,2,Defensive,2.5271879833232562,2.0236848942642767
William Carvalho,Betis,La Liga,MF,Midfielder,32-053,680.0,1.0,3.0,1.0588235294117647,83.91176470588236,88.3,2.6470588235294117,1.0588235294117647,0.5294117647058824,1,0.306,Low,1,Playmaking,2.4811479580334246,-0.5929767787217244
Assane Diao,Betis,La Liga,FW,Forward,18-266,1048.0,2.0,0.0,1.8034351145038168,22.67175572519084,75.8,1.717557251908397,0.601145038167939,0.1717557251908397,1,0.244,High,0,Attacking,-1.21252562664772,0.5680674159944443
Abdessamad Ezzalzouli,Betis,La Liga,FW,Forward,22-165,865.0,1.0,0.0,3.433526011560694,36.72832369942196,65.7,1.7687861271676302,0.5202312138728324,0.10404624277456648,0,0.307,High,0,Attacking,-2.236645643419288,0.749141978022895
Nabil Fekir,Betis,La Liga,"MF,FW",Midfielder,30-317,1049.0,1.0,2.0,2.4022878932316494,52.42135367016206,78.9,1.2869399428026693,0.6005719733079123,0.25738798856053385,1,0.526,High,0,Attacking,-0.686241422598847,-0.7689606261327104
Pablo Fornals,Betis,La Liga,"FW,MF",Forward,28-098,1148.0,3.0,2.0,1.332752613240418,52.68292682926829,74.4,1.881533101045296,1.724738675958188,0.39198606271777003,1,0.282,Low,2,Defensive,0.9237751568159016,0.9297182557660068
Luiz Henrique,Betis,La Liga,FW,Forward,23-149,616.0,0.0,3.0,2.62987012987013,30.82792207792208,69.2,2.1915584415584415,0.7305194805194806,0.4383116883116883,1,0.359,High,0,Attacking,-1.4151065478592395,1.230737975208269
Isco,Betis,La Liga,MF,Midfielder,32-039,2326.0,8.0,5.0,2.3989681857265692,58.11693895098882,80.0,1.586414445399828,0.3869303525365434,0.5030094582975064,1,0.532,High,0,Attacking,-0.5159990090413722,-0.8920138805499984
Willian José,Betis,La Liga,FW,Forward,32-189,1971.0,10.0,5.0,2.1917808219178085,24.703196347031966,79.3,0.31963470319634707,0.09132420091324202,0.6849315068493151,1,0.555,High,0,Attacking,-2.2851146667416637,-1.2807241074724858
Juan Miranda,Betis,La Liga,DF,Defender,24-132,1858.0,1.0,1.0,0.77502691065662,56.480086114101184,78.3,1.8406889128094723,0.9203444564047362,0.0968783638320775,0,0.123,Low,2,Defensive,0.7622468964971962,-0.01393924187769823
Sokratis Papastathopoulos,Betis,La Liga,DF,Defender,35-356,1136.0,0.0,0.0,0.15845070422535212,45.475352112676056,88.3,1.6637323943661972,0.47535211267605637,0.0,0,0.02,Low,1,Playmaking,0.8178938812716408,-0.833602964984524
Ayoze Pérez,Betis,La Liga,FW,Forward,30-306,2294.0,9.0,1.0,2.6678291194420227,28.9537925021796,77.5,2.3147340889276373,0.8631211857018309,0.39232781168265046,1,0.435,High,0,Attacking,-0.8392846472498998,0.9310240959339088
Germán Pezzella,Betis,La Liga,DF,Defender,32-338,2767.0,1.0,0.0,0.748102638236357,48.301409468738704,86.0,1.1058908565233105,1.0083122515359595,0.03252620166245031,0,0.055,Low,1,Playmaking,0.7080647534302692,-0.8600057713270106
Chadi Riad,Betis,La Liga,DF,Defender,20-348,2164.0,0.0,0.0,0.45748613678373384,49.82439926062847,89.6,1.455637707948244,0.9565619223659889,0.0,0,0.035,Low,1,Playmaking,1.2158592748464843,-0.8609873236230803
Marc Roca,Betis,La Liga,MF,Midfielder,27-186,1980.0,2.0,2.0,0.9090909090909091,54.22727272727273,83.6,2.3636363636363638,0.7727272727272727,0.18181818181818182,1,0.17,Low,2,Defensive,1.0398190747756966,0.008213386272428787
Rodri,Betis,La Liga,"FW,MF",Forward,24-014,1051.0,0.0,0.0,1.5413891531874406,48.81065651760228,78.8,1.455756422454805,0.6850618458610848,0.0,0,0.187,High,2,Defensive,-0.21022959525583668,-0.4082720206032929
Guido Rodríguez,Betis,La Liga,MF,Midfielder,30-048,1846.0,2.0,0.0,0.8775731310942578,50.80173347778981,85.2,2.5839653304442036,1.4138678223185264,0.09750812567713975,0,0.1,Low,2,Defensive,1.7469129087836701,0.6515103721968173
Aitor Ruibal,Betis,La Liga,"DF,FW",Defender,28-069,1017.0,2.0,1.0,1.1504424778761062,51.858407079646014,75.9,4.070796460176991,1.238938053097345,0.2654867256637168,1,0.235,Low,2,Defensive,1.660160414191873,2.3196473624510947
Youssouf Sabaly,Betis,La Liga,DF,Defender,31-086,1046.0,0.0,1.0,0.3441682600382409,56.443594646271514,82.3,1.3766730401529637,0.9464627151051626,0.08604206500956023,0,0.073,Low,1,Playmaking,1.0044260774768243,-0.6101294131360712
Christopher Antwi-Adjei,Bochum,Bundesliga,"FW,MF",Forward,30-113,1216.0,2.0,2.0,2.1463815789473686,33.60197368421053,60.4,1.5542763157894737,0.14802631578947367,0.29605263157894735,1,0.354,High,0,Attacking,-2.433535816744334,0.8104300376813921
Takuma Asano,Bochum,Bundesliga,"FW,MF",Forward,29-202,1986.0,6.0,1.0,2.9456193353474323,17.99093655589124,66.0,0.770392749244713,0.18126888217522658,0.31722054380664655,1,0.479,High,0,Attacking,-3.302648525913473,0.1440621192403846
Bernardo,Bochum,Bundesliga,DF,Defender,29-016,2924.0,1.0,0.0,0.8926128590971273,49.92476060191519,71.9,3.0471956224350207,1.6928864569083448,0.030779753761969907,0,0.083,Low,2,Defensive,1.4444852044096759,2.13729136395383
Matúš Bero,Bochum,Bundesliga,"MF,FW",Midfielder,28-267,1661.0,1.0,1.0,1.6255267910897049,28.988561107766404,66.4,1.7338952438290187,0.650210716435882,0.10836845273931367,0,0.199,High,0,Attacking,-1.4186900539033984,1.0920592366363302
Moritz Broschinski,Bochum,Bundesliga,FW,Forward,23-250,1247.0,2.0,3.0,1.8765036086607858,16.094627105052126,60.5,0.7939053728949479,0.0,0.36086607858861264,1,0.365,High,0,Attacking,-3.293615478063893,0.5126517929692934
Lukas Daschner,Bochum,Bundesliga,"MF,FW",Midfielder,25-242,536.0,1.0,1.0,2.1828358208955225,30.05597014925373,59.8,1.5111940298507462,0.33582089552238803,0.33582089552238803,1,0.363,High,0,Attacking,-2.4330571149820215,1.0389314800817304
Cristian Gamboa,Bochum,Bundesliga,DF,Defender,34-219,1187.0,0.0,1.0,0.4549283909014322,36.01516427969672,73.7,1.819713563605729,1.1373209772535806,0.07582139848357203,0,0.086,Low,2,Defensive,0.2668245546182343,0.9593984689791782
Philipp Hofmann,Bochum,Bundesliga,FW,Forward,31-061,1571.0,4.0,2.0,2.2342457033736474,23.831954169318905,63.9,0.5728835136855506,0.22915340547422025,0.3437301082113304,1,0.37,High,0,Attacking,-2.949634981661256,0.060934294024095136
Anthony Losilla,Bochum,Bundesliga,MF,Midfielder,38-081,2576.0,1.0,2.0,0.9782608695652173,31.304347826086953,72.4,2.2010869565217392,0.873447204968944,0.10481366459627328,0,0.129,Low,2,Defensive,-0.2653627507590992,1.2426248373496032
Erhan Mašović,Bochum,Bundesliga,"DF,MF",Defender,25-190,2219.0,0.0,0.0,0.6894997746732763,29.68904912122578,77.9,2.5957638575935107,1.0139702568724651,0.0,0,0.059,Low,2,Defensive,0.458223795376154,1.3750319705002623
Tim Oermann,Bochum,Bundesliga,DF,Defender,20-237,714.0,0.0,0.0,0.6302521008403361,33.02521008403361,69.1,2.3949579831932772,0.25210084033613445,0.0,0,0.112,Low,2,Defensive,-0.7143596857144711,1.1387933374794383
Ivan Ordets,Bochum,Bundesliga,DF,Defender,31-327,1880.0,1.0,0.0,0.7659574468085106,31.26063829787234,72.4,0.9095744680851063,1.4840425531914894,0.047872340425531915,0,0.089,Low,2,Defensive,-0.20573894368821738,0.6426118276243019
Patrick Osterhage,Bochum,Bundesliga,MF,Midfielder,24-119,1861.0,2.0,1.0,1.063944116066631,40.381515314347126,78.8,1.8377216550241806,1.3057495969908652,0.14508328855454058,0,0.133,Low,2,Defensive,0.5419603102576374,0.6142189635021073
Gonçalo Paciência,Bochum,Bundesliga,"FW,MF",Forward,29-303,650.0,3.0,1.0,5.2615384615384615,24.369230769230768,63.1,1.1076923076923078,0.0,0.5538461538461539,1,0.602,High,0,Attacking,-4.439695395633588,0.15518787976113943
Felix Passlack,Bochum,Bundesliga,DF,Defender,26-001,960.0,2.0,2.0,1.3125,38.8125,63.3,1.96875,0.9375,0.375,1,0.302,High,2,Defensive,-0.7781962686481688,1.4854662152546447
Keven Schlotterbeck,Bochum,Bundesliga,DF,Defender,27-032,2185.0,5.0,1.0,1.1121281464530892,42.3020594965675,78.1,1.7299771167048055,1.3592677345537758,0.2471395881006865,1,0.203,Low,2,Defensive,0.5324627837904284,0.5598712333244084
Kevin Stöger,Bochum,Bundesliga,MF,Midfielder,30-277,2668.0,7.0,10.0,2.3950524737631183,68.41079460269864,67.2,1.6529235382308844,0.6409295352323838,0.5734632683658171,1,0.422,High,0,Attacking,-0.6715829141276568,-0.06082061912153292
Maximilian Wittek,Bochum,Bundesliga,"DF,FW",Defender,28-283,1070.0,3.0,1.0,2.1869158878504673,41.97196261682243,62.5,1.9345794392523363,1.514018691588785,0.3364485981308411,1,0.284,High,2,Defensive,-0.6468989786940847,1.7992580340743964
Michel Aebischer,Bologna,Serie A,MF,Midfielder,27-145,2230.0,0.0,1.0,0.726457399103139,60.65919282511211,91.2,1.412556053811659,0.484304932735426,0.04035874439461883,0,0.113,Low,1,Playmaking,1.0242926563789592,-1.6404886221473696
Oussama El Azzouzi,Bologna,Serie A,MF,Midfielder,23-001,547.0,2.0,2.0,0.3290676416819013,64.16819012797075,90.3,1.9744058500914077,0.9872029250457038,0.6581352833638026,1,0.263,Low,1,Playmaking,2.0042990784108876,-0.7973300771294359
Victor Bernth Kristiansen,Bologna,Serie A,DF,Defender,21-166,2307.0,0.0,3.0,0.2340702210663199,65.851755526658,84.2,2.0286085825747726,0.4681404421326398,0.11703511053315994,0,0.123,Low,1,Playmaking,1.3001428618940822,-0.7743911215681318
Sam Beukema,Bologna,Serie A,DF,Defender,25-195,2547.0,1.0,1.0,0.42402826855123676,72.6148409893993,89.6,0.9540636042402827,0.5300353356890459,0.0706713780918728,0,0.065,Low,1,Playmaking,1.252499630316791,-2.15471973841129
Riccardo Calafiori,Bologna,Serie A,DF,Defender,22-011,2349.0,2.0,5.0,0.6513409961685823,69.34865900383141,89.6,1.800766283524904,1.9157088122605364,0.2681992337164751,1,0.114,Low,1,Playmaking,2.7337624283817434,-0.3531155731438126
Lorenzo De Silvestri,Bologna,Serie A,DF,Defender,36-007,674.0,2.0,0.0,0.5341246290801187,57.68545994065282,86.3,1.3353115727002967,0.8011869436201781,0.26706231454005935,1,0.171,Low,1,Playmaking,1.01640568018307,-1.059554998613477
Giovanni Fabbian,Bologna,Serie A,"MF,FW",Midfielder,21-137,1057.0,5.0,2.0,2.384105960264901,24.437086092715234,78.4,1.447492904446547,0.5960264900662252,0.5960264900662252,1,0.514,High,0,Attacking,-1.4361104013206631,0.08422067681018477
Lewis Ferguson,Bologna,Serie A,MF,Midfielder,24-280,2712.0,6.0,3.0,1.991150442477876,59.00442477876106,88.4,1.2278761061946903,0.5641592920353983,0.29867256637168144,1,0.392,High,1,Playmaking,0.1790488089846107,-1.6008240625204986
Remo Freuler,Bologna,Serie A,MF,Midfielder,32-045,2624.0,1.0,1.0,0.4801829268292683,64.82469512195122,90.5,2.6753048780487805,1.2347560975609757,0.06859756097560976,0,0.119,Low,1,Playmaking,2.521153752275747,-0.0707575450801068
Jhon Lucumí,Bologna,Serie A,DF,Defender,25-339,2217.0,0.0,0.0,0.4465493910690122,75.38565629228688,93.4,1.9485791610284169,0.6495263870094723,0.0,0,0.069,Low,1,Playmaking,2.1163425801064943,-1.558931115911082
Charalambos Lykogiannis,Bologna,Serie A,DF,Defender,30-221,904.0,2.0,1.0,1.4933628318584071,59.13716814159292,75.9,0.995575221238938,0.497787610619469,0.29867256637168144,1,0.304,High,1,Playmaking,-0.44518084558702536,-0.9907944098147881
Nikola Moro,Bologna,Serie A,MF,Midfielder,26-079,840.0,1.0,0.0,1.1785714285714286,61.285714285714285,82.0,2.25,0.75,0.10714285714285714,0,0.134,High,1,Playmaking,0.9437295909913165,-0.19138214413185617
Dan Ndoye,Bologna,Serie A,"FW,MF",Forward,23-218,1771.0,1.0,1.0,2.083568605307736,30.59288537549407,77.6,1.5245623941276116,0.5081874647092038,0.10163749294184077,0,0.376,High,0,Attacking,-1.2006682193216283,0.0051296310576114685
Riccardo Orsolini,Bologna,Serie A,"FW,MF",Forward,27-127,1792.0,10.0,2.0,2.7622767857142856,36.71316964285714,67.0,1.1551339285714286,0.4017857142857143,0.6026785714285714,1,0.47,High,0,Attacking,-2.231657262219893,0.11465844944941757
Stefan Posch,Bologna,Serie A,DF,Defender,27-016,2409.0,1.0,2.0,0.6724782067247821,77.78331257783313,82.2,2.8767123287671232,0.6724782067247821,0.11207970112079702,0,0.159,Low,1,Playmaking,1.9037036852744869,-0.1119236754311771
Alexis Saelemaekers,Bologna,Serie A,"FW,MF",Forward,24-338,1887.0,4.0,2.0,1.383147853736089,48.076311605723376,78.0,1.5262321144674087,0.6200317965023848,0.28616852146263916,1,0.243,High,2,Defensive,-0.224870592617418,-0.3163655156133012
Kacper Urbanski,Bologna,Serie A,"MF,FW",Midfielder,19-266,926.0,0.0,1.0,1.6522678185745139,37.6133909287257,80.9,1.5550755939524836,0.3887688984881209,0.09719222462203023,0,0.147,High,0,Attacking,-0.6963098202184945,-0.4169965895475338
Joshua Zirkzee,Bologna,Serie A,FW,Forward,23-008,2759.0,11.0,4.0,2.740123233055455,29.913011960855382,77.4,1.0438564697354114,0.09786154403769481,0.48930772018847407,1,0.53,High,0,Attacking,-2.1655296066721927,-0.7177235776938141
Max Aarons,Bournemouth,Premier League,DF,Defender,24-147,1237.0,0.0,1.0,0.14551333872271627,42.27162489894907,77.5,2.1099434114793856,0.5820533548908651,0.07275666936135813,0,0.046,Low,2,Defensive,0.435174325405902,0.40473101871038436
Philip Billing,Bournemouth,Premier League,MF,Midfielder,27-354,1398.0,2.0,2.0,1.9313304721030042,34.57081545064378,75.2,2.124463519313305,1.2875536480686696,0.2575107296137339,1,0.29,High,2,Defensive,-0.13838449282213994,1.1554871250207819
Ryan Christie,Bournemouth,Premier League,MF,Midfielder,29-098,2907.0,0.0,5.0,1.3312693498452013,40.247678018575854,76.0,2.6625386996904026,1.6099071207430342,0.15479876160990713,0,0.146,Low,2,Defensive,0.9209918648026041,1.6938051688603082
Lewis Cook,Bournemouth,Premier League,MF,Midfielder,27-117,2786.0,0.0,3.0,0.38765254845656855,48.036611629576456,76.3,1.9705671213208902,2.0997846374730798,0.09691313711414214,0,0.085,Low,2,Defensive,1.7564006256289972,1.3414876760489831
Lloyd Kelly,Bournemouth,Premier League,DF,Defender,25-237,1559.0,0.0,1.0,0.23091725465041693,52.302758178319436,74.3,1.3855035279025016,0.750481077613855,0.05772931366260423,0,0.066,Low,2,Defensive,0.3139446706396266,-0.11426622863483443
Milos Kerkez,Bournemouth,Premier League,DF,Defender,20-205,1970.0,0.0,1.0,0.7309644670050761,38.558375634517766,72.6,2.1472081218274113,0.9137055837563451,0.04568527918781726,0,0.108,Low,2,Defensive,0.08840277156899368,1.0539869200348948
Justin Kluivert,Bournemouth,Premier League,"MF,FW",Midfielder,25-025,1916.0,7.0,1.0,2.630480167014614,19.775574112734866,68.4,1.315240083507307,0.3757828810020877,0.37578288100208773,1,0.454,High,0,Attacking,-2.5216493716601143,0.5629552671577019
Chris Mepham,Bournemouth,Premier League,DF,Defender,26-207,617.0,0.0,1.0,0.14586709886547813,52.36628849270665,82.5,1.7504051863857375,1.0210696920583469,0.14586709886547813,0,0.084,Low,1,Playmaking,1.2432673462195505,-0.14257353801286846
Dango Ouattara,Bournemouth,Premier League,"FW,DF",Forward,22-109,1229.0,1.0,2.0,2.196908055329536,40.86248982912937,66.5,3.2953620829943047,1.61106590724166,0.21969080553295364,1,0.239,High,2,Defensive,0.2756756097737973,2.765720438295599
Alex Scott,Bournemouth,Premier League,MF,Midfielder,20-283,1014.0,1.0,1.0,1.331360946745562,42.07100591715976,76.2,2.130177514792899,1.0650887573964496,0.17751479289940827,1,0.204,High,2,Defensive,0.22652593339012625,0.7870220923918554
Antoine Semenyo,Bournemouth,Premier League,FW,Forward,24-144,2105.0,8.0,2.0,2.9928741092636577,27.66270783847981,69.9,1.0261282660332542,0.25653206650831356,0.42755344418052255,1,0.435,High,0,Attacking,-2.6383451426801474,-0.08481971132298362
Marcos Senesi,Bournemouth,Premier League,DF,Defender,27-020,2242.0,4.0,5.0,0.5218554861730598,52.06512042818912,77.5,2.207850133809099,1.4049955396966993,0.36128456735057984,1,0.088,Low,2,Defensive,1.340024477616412,0.8321642243961276
Luis Sinisterra,Bournemouth,Premier League,"FW,MF",Forward,24-348,699.0,2.0,2.0,3.476394849785408,37.59656652360515,77.4,2.96137339055794,1.0300429184549356,0.5150214592274678,1,0.557,High,2,Defensive,-0.5367834660623625,1.328020218059665
Adam Smith,Bournemouth,Premier League,DF,Defender,33-031,2150.0,0.0,2.0,0.08372093023255814,42.906976744186046,76.3,1.5488372093023255,0.8790697674418605,0.08372093023255814,0,0.081,Low,2,Defensive,0.42671584503914717,0.2281513233670429
Dominic Solanke,Bournemouth,Premier League,FW,Forward,26-259,3325.0,19.0,3.0,2.869172932330827,14.724812030075189,73.5,0.6225563909774436,0.18947368421052632,0.5954887218045113,1,0.621,High,0,Attacking,-2.9988512104040006,-0.3785427540133997
Marcus Tavernier,Bournemouth,Premier League,FW,Forward,25-069,2118.0,3.0,4.0,2.252124645892351,39.093484419263454,71.5,2.252124645892351,0.21246458923512745,0.29745042492917845,1,0.327,High,0,Attacking,-1.3138146381100753,0.5670065046374057
Illia Zabarnyi,Bournemouth,Premier League,DF,Defender,21-272,3330.0,1.0,0.0,0.21621621621621623,48.78378378378378,81.5,1.5945945945945945,0.8918918918918919,0.02702702702702703,0,0.027,Low,1,Playmaking,0.8556723049280172,-0.2196249928244593
Kristoffer Ajer,Brentford,Premier League,DF,Defender,26-043,1832.0,2.0,1.0,0.5895196506550219,39.79257641921398,75.3,1.866812227074236,1.2281659388646289,0.14737991266375547,0,0.12,Low,2,Defensive,0.505098715026038,0.8586672502268586
Nathan Collins,Brentford,Premier League,DF,Defender,23-030,2652.0,1.0,1.0,0.3393665158371041,52.66968325791856,81.3,1.2895927601809956,1.493212669683258,0.06787330316742082,0,0.053,Low,1,Playmaking,1.308832280212962,-0.11533466749009542
Mikkel Damsgaard,Brentford,Premier League,MF,Midfielder,23-332,842.0,0.0,2.0,0.9619952494061758,46.17577197149643,69.4,3.0997624703087885,1.175771971496437,0.21377672209026127,1,0.15,Low,2,Defensive,0.7065997561633091,2.046156064603108
Saman Ghoddos,Brentford,Premier League,DF,Defender,30-267,739.0,1.0,0.0,1.0960757780784844,54.560216508795676,72.5,3.4100135317997298,0.6089309878213803,0.12178619756427606,0,0.131,High,2,Defensive,0.6754551002565125,1.4610532582124682
Aaron Hickey,Brentford,Premier League,DF,Defender,21-355,713.0,0.0,0.0,0.8835904628330995,34.96493688639551,87.7,2.0196353436185133,0.37868162692847124,0.0,0,0.093,Low,2,Defensive,0.20192929645630409,-0.3642978352317116
Vitaly Janelt,Brentford,Premier League,"MF,DF",Midfielder,26-020,3054.0,1.0,3.0,0.6188605108055011,41.19842829076621,77.8,1.8565815324165031,1.0609037328094304,0.11787819253438114,0,0.106,Low,2,Defensive,0.5113430494767888,0.5245810194915739
Mathias Jensen,Brentford,Premier League,MF,Midfielder,28-150,2204.0,3.0,3.0,0.5716878402903811,49.08348457350272,72.8,2.20508166969147,0.9392014519056262,0.24500907441016337,1,0.168,Low,2,Defensive,0.5315340011338644,0.8602138118591196
Mathias Jørgensen,Brentford,Premier League,DF,Defender,34-037,1087.0,1.0,0.0,0.6623735050597976,49.0984360625575,75.2,1.40754369825207,0.9935602575896965,0.0827966881324747,0,0.1,Low,2,Defensive,0.29494703059256755,0.074344434750189
Keane Lewis-Potter,Brentford,Premier League,"FW,DF",Forward,23-098,1441.0,3.0,1.0,2.685634975711311,25.91950034698126,69.6,1.0617626648160998,0.4371963913948646,0.24982650936849407,1,0.345,High,0,Attacking,-2.368252586017902,0.16437598860745276
Neal Maupay,Brentford,Premier League,FW,Forward,27-290,1321.0,6.0,3.0,2.5208175624526876,26.707040121120365,71.9,0.6813020439061317,0.13626040878122636,0.6131718395155186,1,0.554,High,0,Attacking,-2.5941361629349786,-0.534568654366963
Bryan Mbeumo,Brentford,Premier League,FW,Forward,24-297,1960.0,9.0,6.0,2.2959183673469385,35.12755102040816,66.8,0.6887755102040816,0.3214285714285714,0.6887755102040816,1,0.556,High,0,Attacking,-2.3525723493571022,-0.24678589185388744
Ben Mee,Brentford,Premier League,DF,Defender,34-252,1272.0,2.0,0.0,0.7075471698113208,47.193396226415096,76.6,1.839622641509434,0.919811320754717,0.14150943396226415,0,0.138,Low,2,Defensive,0.43273811995740885,0.3298445074720855
Christian Nørgaard,Brentford,Premier League,MF,Midfielder,30-081,2505.0,2.0,1.0,1.25748502994012,53.92814371257485,79.9,2.910179640718563,1.9401197604790419,0.10778443113772454,0,0.13,Low,2,Defensive,1.9931901686240865,1.5585428635020493
Frank Onyeka,Brentford,Premier League,MF,Midfielder,26-150,1161.0,1.0,2.0,1.7054263565891472,30.69767441860465,75.5,2.8682170542635657,1.7829457364341086,0.23255813953488372,1,0.211,High,2,Defensive,0.6915497853213964,2.23481246233038
Ethan Pinnock,Brentford,Premier League,DF,Defender,31-001,2521.0,2.0,0.0,0.6783022610075367,51.12257040856802,83.2,1.2495041650138834,1.5351051170170567,0.07140023800079333,0,0.064,Low,1,Playmaking,1.2232441568345955,-0.22825854440305374
Sergio Reguilón,Brentford,Premier League,DF,Defender,27-166,1118.0,0.0,4.0,1.0465116279069768,42.021466905187836,67.2,3.6225402504472273,1.2880143112701252,0.3220035778175313,1,0.194,Low,2,Defensive,0.7735107950732053,2.8045097786619575
Mads Roerslev,Brentford,Premier League,DF,Defender,24-341,1985.0,1.0,2.0,0.31738035264483627,33.642317380352644,66.8,2.17632241813602,0.8614609571788413,0.13602015113350124,0,0.108,Low,2,Defensive,-0.20856554477292674,1.5704177820318455
Ivan Toney,Brentford,Premier League,FW,Forward,28-075,1450.0,4.0,2.0,3.1655172413793102,26.44137931034483,53.5,0.9310344827586207,0.6206896551724138,0.37241379310344824,1,0.351,High,0,Attacking,-3.3884279930456294,1.2014568539506907
Yoane Wissa,Brentford,Premier League,FW,Forward,27-270,2493.0,12.0,3.0,2.4187725631768955,16.67870036101083,70.8,1.0108303249097472,0.3249097472924188,0.5415162454873647,1,0.549,High,0,Attacking,-2.5618367997359646,0.20633071626887645
Yehor Yarmoliuk,Brentford,Premier League,MF,Midfielder,20-090,688.0,0.0,0.0,1.438953488372093,38.98255813953488,74.2,2.2238372093023253,0.7848837209302325,0.0,0,0.102,High,2,Defensive,-0.24377329705977652,0.8550714213729325
Lilian Brassier,Brest,Ligue 1,DF,Defender,24-210,2677.0,3.0,0.0,0.40343668285394096,60.85169966380277,83.0,1.0422114307060142,1.3784086664176318,0.10085917071348524,0,0.093,Low,1,Playmaking,1.3836292075474217,-0.7240498380446668
Mahdi Camara,Brest,Ligue 1,MF,Midfielder,25-335,2020.0,7.0,3.0,1.8267326732673268,37.960396039603964,81.3,2.4504950495049505,1.2029702970297032,0.44554455445544555,1,0.306,High,2,Defensive,0.4296446457162955,0.886966650425675
Brendan Chardonnet,Brest,Ligue 1,DF,Defender,29-160,2970.0,1.0,1.0,0.5454545454545454,55.27272727272727,82.8,1.7272727272727273,1.606060606060606,0.06060606060606061,0,0.074,Low,1,Playmaking,1.6776900316273442,0.15496872574328385
Romain Del Castillo,Brest,Ligue 1,FW,Forward,28-062,2497.0,8.0,8.0,1.3336003203844613,52.94753704445335,67.3,1.6579895875050061,0.32438926712054467,0.5766920304365238,1,0.279,High,0,Attacking,-0.8747351923044911,0.15771420566926228
Kamory Doumbia,Brest,Ligue 1,MF,Midfielder,21-102,879.0,6.0,5.0,2.5597269624573378,49.86348122866894,86.2,2.866894197952218,0.9215017064846416,1.1262798634812285,1,0.79,High,2,Defensive,0.6190082881198194,0.35522685658170744
Kenny Lala,Brest,Ligue 1,DF,Defender,32-240,2970.0,2.0,3.0,0.42424242424242425,66.51515151515152,78.0,2.3636363636363638,0.8484848484848485,0.15151515151515152,0,0.213,Low,2,Defensive,1.3878969246523354,0.16436801127856832
Julien Le Cardinal,Brest,Ligue 1,DF,Defender,26-301,473.0,0.0,0.0,0.7610993657505285,49.09090909090909,82.2,3.6152219873150107,2.473572938689218,0.0,0,0.074,Low,2,Defensive,3.0591065652669367,2.5461774503731562
Jérémy Le Douaron,Brest,Ligue 1,FW,Forward,26-039,1618.0,4.0,0.0,2.781211372064277,21.526576019777504,65.1,1.1681087762669964,0.11124845488257107,0.22249690976514214,1,0.347,High,0,Attacking,-3.0471212569532686,0.40577294644864415
Pierre Lees-Melou,Brest,Ligue 1,MF,Midfielder,31-005,2517.0,4.0,0.0,1.859356376638856,59.8212157330155,85.2,3.432657926102503,1.5375446960667463,0.1430274135876043,0,0.263,High,2,Defensive,2.0354601271189985,1.155665009650588
Bradley Locko,Brest,Ligue 1,DF,Defender,22-024,2959.0,0.0,3.0,0.36498817167962144,56.329841162554914,83.4,2.9503210544102734,1.2166272389320716,0.09124704291990536,0,0.091,Low,2,Defensive,2.048576302009177,0.8272252218190829
Hugo Magnetti,Brest,Ligue 1,MF,Midfielder,26-000,2340.0,2.0,0.0,1.3846153846153846,43.96153846153846,88.2,1.8846153846153846,0.6923076923076923,0.07692307692307693,0,0.226,High,1,Playmaking,0.4670001136402794,-0.5326580018216974
Jonas Martin,Brest,Ligue 1,MF,Midfielder,34-051,1208.0,0.0,1.0,0.7450331125827815,71.67218543046357,87.2,3.2036423841059603,0.6705298013245033,0.07450331125827814,0,0.128,Low,1,Playmaking,2.1267232029708483,-0.024627297942330522
Steve Mounié,Brest,Ligue 1,FW,Forward,29-244,1769.0,6.0,2.0,3.0525720746184284,23.097795364612775,62.1,0.40700960994912383,0.10175240248728096,0.40700960994912383,1,0.476,High,0,Attacking,-3.674488657752691,-0.0946609150974485
Mathias Pereira Lage,Brest,Ligue 1,"FW,MF",Forward,27-182,1187.0,3.0,2.0,2.729570345408593,29.949452401010955,67.3,1.5922493681550127,0.7582139848357203,0.37910699241786017,1,0.38,High,0,Attacking,-1.8546113335791596,0.8929302200419859
Martin Satriano,Brest,Ligue 1,FW,Forward,23-100,1864.0,4.0,4.0,3.0418454935622314,22.017167381974247,71.3,1.1587982832618025,0.33798283261802575,0.38626609442060084,1,0.459,High,0,Attacking,-2.607322636778027,0.12982162757574864
Simon Adingra,Brighton,Premier League,FW,Forward,22-150,2222.0,6.0,1.0,2.106210621062106,34.02340234023402,75.5,1.8226822682268227,0.7695769576957695,0.2835283528352835,1,0.316,High,0,Attacking,-0.8477852877836074,0.4994231954159975
Carlos Baleba,Brighton,Premier League,MF,Midfielder,20-148,1325.0,0.0,0.0,1.4264150943396228,52.64150943396227,92.0,2.716981132075472,1.2226415094339624,0.0,0,0.118,Low,1,Playmaking,1.7955142353905837,0.08833816924566477
Facundo Buonanotte,Brighton,Premier League,"FW,MF",Forward,19-159,1364.0,3.0,1.0,1.3856304985337244,31.53958944281525,84.5,2.771260997067449,0.5278592375366569,0.26392961876832843,1,0.208,High,2,Defensive,0.16912892158921963,0.6292132985361071
Mahmoud Dahoud,Brighton,Premier League,MF,Midfielder,28-150,452.0,0.0,1.0,1.1946902654867257,65.30973451327434,86.6,1.7920353982300885,0.19911504424778761,0.19911504424778761,1,0.249,High,1,Playmaking,0.581547974731665,-1.3848782967530873
Lewis Dunk,Brighton,Premier League,DF,Defender,32-191,2869.0,3.0,1.0,1.0352039037992333,101.41861275705821,92.1,0.8469850121993726,0.9724642732659463,0.12547926106657373,0,0.156,High,1,Playmaking,2.2763496537317973,-2.830621445757862
Julio Enciso,Brighton,Premier League,"MF,FW",Midfielder,20-128,475.0,0.0,2.0,5.305263157894737,33.72631578947369,74.2,1.1368421052631579,0.0,0.37894736842105264,1,0.903,High,0,Attacking,-3.5547715590830298,-0.7822550134141721
Pervis Estupiñán,Brighton,Premier League,DF,Defender,26-130,1243.0,2.0,3.0,0.7964601769911505,69.65406275140788,84.1,1.8825422365245372,1.5205148833467417,0.36202735317779566,1,0.234,Low,1,Playmaking,2.032877874070475,-0.23750014810974546
Ansu Fati,Brighton,Premier League,"MF,FW",Midfielder,21-212,521.0,2.0,0.0,4.491362763915547,36.2763915547025,84.8,0.8637236084452975,0.5182341650671786,0.345489443378119,1,0.708,High,0,Attacking,-2.129843903001953,-1.3215596934420295
Evan Ferguson,Brighton,Premier League,FW,Forward,19-224,1367.0,6.0,0.0,2.1726408193123627,19.948792977322604,80.5,0.9217264081931237,0.13167520117044623,0.3950256035113387,1,0.417,High,0,Attacking,-2.0219627885764817,-0.7109653891003289
Billy Gilmour,Brighton,Premier League,MF,Midfielder,22-354,2120.0,0.0,1.0,1.061320754716981,89.44811320754717,90.9,1.1037735849056602,0.46698113207547165,0.04245283018867924,0,0.234,High,1,Playmaking,1.504750171834752,-2.623201968557952
Pascal Groß,Brighton,Premier League,"MF,DF",Midfielder,32-350,3114.0,4.0,10.0,1.560693641618497,93.15028901734104,86.1,2.0231213872832368,0.6358381502890174,0.40462427745664736,1,0.264,High,1,Playmaking,1.685339695136979,-1.5461435413278912
Jan Paul van Hecke,Brighton,Premier League,DF,Defender,23-357,2369.0,0.0,0.0,0.5698607007176023,91.74757281553399,92.1,1.7855635289151541,1.1397214014352046,0.0,0,0.075,Low,1,Playmaking,2.8293495252792433,-1.6548394784102844
Jack Hinshelwood,Brighton,Premier League,DF,Defender,19-049,869.0,3.0,0.0,1.4499424626006905,51.576524741081705,83.9,1.4499424626006905,1.4499424626006905,0.31070195627157654,1,0.177,High,1,Playmaking,0.9088890216536077,-0.2380702379878786
Igor,Brighton,Premier League,DF,Defender,26-113,1637.0,0.0,0.0,0.2748930971288943,82.30299328039095,93.4,1.3744654856444716,0.7697006719609041,0.0,0,0.036,Low,1,Playmaking,2.2396352176702297,-2.103852292144783
João Pedro,Brighton,Premier League,"FW,MF",Forward,22-247,2045.0,9.0,3.0,3.0806845965770173,36.0,80.6,1.3643031784841075,0.4841075794621027,0.5281173594132029,1,0.54,High,0,Attacking,-1.469397512845296,-0.5476104509601161
Adam Lallana,Brighton,Premier League,"MF,FW",Midfielder,36-020,850.0,0.0,1.0,1.1647058823529413,53.89411764705882,88.6,0.8470588235294118,0.3176470588235294,0.10588235294117647,0,0.177,High,1,Playmaking,0.04427087164180573,-1.928817239186
Tariq Lamptey,Brighton,Premier League,"DF,FW",Defender,23-243,914.0,0.0,3.0,0.5908096280087528,44.70459518599563,83.5,2.067833698030635,0.5908096280087528,0.2954048140043764,1,0.19,Low,2,Defensive,0.609924446130401,-0.10920760473972652
Solly March,Brighton,Premier League,"FW,DF",Forward,29-315,554.0,3.0,1.0,2.2743682310469313,42.40072202166065,77.8,3.0866425992779782,1.787003610108303,0.6498194945848376,1,0.521,High,2,Defensive,0.981671311201128,1.9391596805897626
James Milner,Brighton,Premier League,"DF,MF",Defender,38-147,773.0,0.0,2.0,0.5821474773609314,68.11125485122898,84.1,2.3285899094437257,0.9314359637774904,0.2328589909443726,1,0.2,Low,1,Playmaking,1.7589970315940278,-0.253573406021475
Kaoru Mitoma,Brighton,Premier League,FW,Forward,27-010,1486.0,3.0,4.0,2.0592193808882904,39.367429340511435,78.3,0.7873485868102287,0.30282637954239566,0.423956931359354,1,0.447,High,0,Attacking,-1.437282280876442,-1.0205083038560827
Jakub Moder,Brighton,Premier League,"MF,DF",Midfielder,25-053,618.0,0.0,0.0,1.6019417475728157,44.271844660194176,79.9,2.766990291262136,0.29126213592233013,0.0,0,0.17,High,2,Defensive,-0.05349339311774092,0.42160645894447435
Joël Veltman,Brighton,Premier League,DF,Defender,32-136,1588.0,1.0,1.0,0.28337531486146095,51.34760705289672,83.7,3.060453400503778,1.0201511335012594,0.11335012594458438,0,0.093,Low,2,Defensive,1.832713420687505,0.8808637061074491
Adam Webster,Brighton,Premier League,DF,Defender,29-147,1144.0,0.0,0.0,0.6293706293706294,86.22377622377623,91.0,1.1013986013986015,1.2587412587412588,0.0,0,0.035,Low,1,Playmaking,2.3661940470072946,-1.9300900410626898
Danny Welbeck,Brighton,Premier League,"FW,MF",Forward,33-186,1693.0,5.0,1.0,2.179562906083875,27.377436503248674,82.1,1.860602480803308,0.47844063792085056,0.31896042528056706,1,0.318,High,0,Attacking,-0.955857186423488,0.039030242150955935
Zeki Amdouni,Burnley,Premier League,FW,Forward,23-178,1953.0,5.0,1.0,2.2119815668202767,23.041474654377883,79.2,1.2442396313364055,0.4147465437788019,0.2764976958525346,1,0.386,High,0,Attacking,-1.6103586505006318,-0.22558630097525526
Lorenz Assignon,Burnley,Premier League,DF,Defender,23-343,1234.0,1.0,2.0,0.6564019448946515,35.37277147487845,72.6,2.5526742301458674,1.3857374392220423,0.21880064829821722,1,0.136,Low,2,Defensive,0.6643081025425627,1.826865455238612
Jóhann Berg Guðmundsson,Burnley,Premier League,"MF,FW",Midfielder,33-216,1192.0,1.0,3.0,1.1325503355704698,41.07382550335571,72.8,0.9815436241610739,1.2080536912751678,0.30201342281879195,1,0.229,Low,2,Defensive,-0.3057819273795963,0.20200810215151402
Sander Berge,Burnley,Premier League,MF,Midfielder,26-106,3005.0,1.0,2.0,0.7487520798668886,46.7820299500832,88.1,2.2762063227953413,0.6888519134775375,0.08985024958402663,0,0.104,Low,1,Playmaking,1.0396724940762891,-0.22725795038877922
Jordan Beyer,Burnley,Premier League,DF,Defender,24-011,1234.0,0.0,1.0,0.3646677471636953,62.79578606158833,89.0,2.5526742301458674,1.166936790923825,0.07293354943273907,0,0.097,Low,1,Playmaking,2.314817751571292,-0.0665369286576075
Josh Brownhill,Burnley,Premier League,MF,Midfielder,28-163,2252.0,4.0,2.0,1.119005328596803,44.200710479573715,76.9,2.4378330373001775,1.358792184724689,0.2397868561278863,1,0.195,Low,2,Defensive,0.8506515532384202,1.1786556117888667
Jacob Bruun Larsen,Burnley,Premier League,"MF,FW",Midfielder,25-254,1249.0,6.0,0.0,3.098478783026421,37.90232185748599,71.9,0.6485188150520416,0.5044035228182546,0.4323458767013611,1,0.528,High,0,Attacking,-2.2331079923267234,-0.6042136848934324
Josh Cullen,Burnley,Premier League,MF,Midfielder,28-053,2057.0,2.0,3.0,0.7000486144871172,60.072921730675745,85.4,1.8376276130286826,0.6562955760816723,0.21876519202722414,1,0.181,Low,1,Playmaking,1.0552259839062053,-0.7624037528773264
Ameen Al-Dakhil,Burnley,Premier League,DF,Defender,22-085,1056.0,1.0,0.0,0.6818181818181819,54.289772727272734,84.3,1.0227272727272727,1.0227272727272727,0.08522727272727273,0,0.09,Low,1,Playmaking,0.7910413570140765,-0.9494893724700182
David Datro Fofana,Burnley,Premier League,FW,Forward,21-160,879.0,4.0,1.0,1.9453924914675766,17.713310580204777,67.6,1.023890784982935,0.10238907849829351,0.5119453924914675,1,0.445,High,0,Attacking,-2.677961946796225,0.26952160063241787
Hannes Delcroix,Burnley,Premier League,DF,Defender,25-092,589.0,0.0,0.0,0.6112054329371817,53.4804753820034,85.7,1.5280135823429541,1.3752122241086588,0.0,0,0.039,Low,1,Playmaking,1.4481355053953484,-0.33362626517156013
Maxime Estève,Burnley,Premier League,DF,Defender,22-004,1309.0,0.0,0.0,0.48128342245989303,56.447669977081745,84.0,1.8563789152024446,1.8563789152024446,0.0,0,0.051,Low,1,Playmaking,2.1042836132603115,0.3460239165561864
Lyle Foster,Burnley,Premier League,"FW,MF",Forward,23-270,1899.0,5.0,3.0,1.6113744075829384,21.848341232227487,67.7,0.9004739336492891,0.14218009478672985,0.3791469194312796,1,0.359,High,0,Attacking,-2.4096287838768635,0.11241586820833141
Luca Koleosho,Burnley,Premier League,"MF,FW",Midfielder,19-258,974.0,1.0,1.0,2.1252566735112937,25.318275154004105,70.1,0.6468172484599589,0.18480492813141683,0.18480492813141683,1,0.329,High,0,Attacking,-2.5103643392730226,-0.3462164755711371
Dara O'Shea,Burnley,Premier League,DF,Defender,25-087,2892.0,3.0,4.0,0.5912863070539419,54.74066390041494,79.2,1.2136929460580912,1.0892116182572613,0.21784232365145229,1,0.144,Low,1,Playmaking,0.7140856669185655,-0.4113797866670737
Wilson Odobert,Burnley,Premier League,"MF,FW",Midfielder,19-184,2098.0,3.0,2.0,2.102001906577693,25.05243088655863,76.4,0.7292659675881793,0.25738798856053385,0.21448999046711154,1,0.332,High,0,Attacking,-2.0456026336812028,-0.6285739553714095
Aaron Ramsey,Burnley,Premier League,"MF,FW",Midfielder,21-130,527.0,0.0,0.0,1.0246679316888045,25.787476280834916,78.1,2.903225806451613,0.17077798861480076,0.0,0,0.063,Low,2,Defensive,-0.4460537452836153,1.0595932613789547
Connor Roberts,Burnley,Premier League,DF,Defender,28-250,823.0,0.0,1.0,0.0,54.13122721749696,79.8,1.3122721749696233,0.4374240583232078,0.10935601458080195,0,0.077,Low,1,Playmaking,0.46489320289668834,-0.797956986374238
Jay Rodriguez,Burnley,Premier League,FW,Forward,34-306,822.0,2.0,1.0,2.2992700729927007,23.649635036496353,65.7,1.5328467153284673,0.10948905109489052,0.3284671532846716,1,0.327,High,0,Attacking,-2.542516512374966,0.6503279522249787
Charlie Taylor,Burnley,Premier League,DF,Defender,30-255,2331.0,1.0,1.0,0.3861003861003861,50.65637065637066,75.8,1.3513513513513513,0.7335907335907337,0.07722007722007722,0,0.061,Low,2,Defensive,0.24232752156483503,-0.22424175005892127
Vitinho,Burnley,Premier League,"DF,MF",Defender,24-312,2314.0,0.0,2.0,0.9723422644770959,38.66032843560933,71.9,2.4891961970613656,0.46672428694900603,0.07778738115816768,0,0.114,Low,2,Defensive,-0.32091058653077953,1.0302189175777554
Tommaso Augello,Cagliari,Serie A,DF,Defender,29-274,2418.0,1.0,1.0,0.37220843672456577,49.46650124069479,69.1,0.967741935483871,0.6327543424317618,0.07444168734491315,0,0.093,Low,2,Defensive,-0.43707489923475074,-0.14825134862602035
Paulo Azzi,Cagliari,Serie A,"DF,MF",Defender,29-320,950.0,0.0,0.0,1.9894736842105263,46.136842105263156,66.1,1.8,1.5157894736842106,0.0,0,0.175,High,2,Defensive,-0.2891106541888842,1.3643642780621101
Alessandro Deiola,Cagliari,Serie A,MF,Midfielder,28-303,1608.0,1.0,0.0,1.3992537313432836,29.328358208955223,69.5,1.8470149253731343,0.503731343283582,0.055970149253731345,0,0.179,High,0,Attacking,-1.2048443799674848,0.8811984237815712
Alberto Dossena,Cagliari,Serie A,DF,Defender,25-230,2977.0,2.0,4.0,0.7255626469600269,39.45246892845147,79.8,1.6627477326167284,1.3604299630500505,0.18139066174000673,1,0.119,Low,2,Defensive,0.707279457581411,0.4914221739708542
Gianluca Gaetano,Cagliari,Serie A,"FW,MF",Forward,24-025,745.0,4.0,1.0,1.570469798657718,28.510067114093957,72.5,0.8456375838926173,0.3624161073825503,0.6040268456375839,1,0.514,High,0,Attacking,-1.7497063055680202,-0.24462957882719275
Edoardo Goldaniga,Cagliari,Serie A,DF,Defender,30-210,1011.0,0.0,0.0,0.3560830860534125,49.22848664688428,79.2,1.0682492581602374,1.3353115727002969,0.0,0,0.039,Low,1,Playmaking,0.8322989629520092,-0.19570853741158797
Pantelis Hatzidiakos,Cagliari,Serie A,DF,Defender,27-133,856.0,0.0,0.0,0.4205607476635514,42.58177570093458,81.0,2.3130841121495327,1.3668224299065421,0.0,0,0.042,Low,2,Defensive,1.3295473179031498,0.902304171762169
Jakub Jankto,Cagliari,Serie A,"MF,FW",Midfielder,28-132,872.0,1.0,2.0,1.2385321100917432,26.11238532110092,63.6,1.2385321100917432,0.5160550458715597,0.3096330275229358,1,0.263,High,0,Attacking,-1.8259218694501902,0.8629732918293921
Gianluca Lapadula,Cagliari,Serie A,FW,Forward,34-113,1205.0,3.0,1.0,2.5394190871369293,12.771784232365144,70.2,0.07468879668049792,0.14937759336099585,0.2987551867219917,1,0.433,High,0,Attacking,-3.373623509759164,-0.575052351888124
Zito Luvumbo,Cagliari,Serie A,"FW,MF",Forward,22-082,1946.0,4.0,5.0,2.358684480986639,17.944501541623843,63.4,0.4162384378211716,0.046248715313463515,0.41623843782117165,1,0.497,High,0,Attacking,-3.4523073003197613,-0.03684793833628008
Antoine Makoumbou,Cagliari,Serie A,MF,Midfielder,25-317,2702.0,1.0,0.0,0.2664692820133235,40.303478904515174,88.0,1.3656550703182828,0.532938564026647,0.033308660251665435,0,0.026,Low,1,Playmaking,0.5115118002789959,-0.8988102210399278
Yerry Mina,Cagliari,Serie A,DF,Defender,29-250,1215.0,2.0,0.0,0.14814814814814814,41.629629629629626,79.7,1.4814814814814814,0.2962962962962963,0.14814814814814814,0,0.039,Low,2,Defensive,-0.02365715246164051,-0.4590682269503345
Nahitan Nández,Cagliari,Serie A,"MF,DF",Midfielder,28-154,2341.0,2.0,3.0,0.8457923964117898,35.2157197778727,59.4,2.268261426740709,0.7304570696283639,0.19222554463904312,1,0.203,Low,2,Defensive,-0.9198504987766782,1.9575251259498108
Adam Obert,Cagliari,Serie A,DF,Defender,21-281,941.0,0.0,0.0,0.2869287991498406,45.33475026567481,78.5,1.6259298618490967,2.008501594048884,0.0,0,0.024,Low,2,Defensive,1.604697471480604,0.9166953820149959
Gaetano Oristanio,Cagliari,Serie A,"FW,MF",Forward,21-245,1104.0,2.0,1.0,1.8749999999999998,19.728260869565215,67.8,1.6304347826086956,0.733695652173913,0.24456521739130435,1,0.261,High,0,Attacking,-1.7006301860026047,1.186765327313693
Leonardo Pavoletti,Cagliari,Serie A,FW,Forward,35-186,628.0,4.0,1.0,3.5828025477707004,22.5,55.4,0.14331210191082802,0.0,0.7165605095541401,1,0.719,High,0,Attacking,-4.550755077260782,0.026451774023617383
Andrea Petagna,Cagliari,Serie A,FW,Forward,28-335,995.0,1.0,1.0,1.8090452261306533,21.618090452261306,71.1,0.36180904522613067,0.09045226130653267,0.18090452261306533,1,0.315,High,0,Attacking,-2.6259965070880527,-0.6049885228341759
Matteo Prati,Cagliari,Serie A,MF,Midfielder,20-154,1972.0,1.0,1.0,1.643002028397566,34.45740365111562,74.2,2.0537525354969572,0.6845841784989858,0.09127789046653144,0,0.153,High,2,Defensive,-0.6483682707558587,0.7357303137002189
Eldor Shomurodov,Cagliari,Serie A,"FW,MF",Forward,28-336,936.0,3.0,3.0,2.019230769230769,22.115384615384613,66.5,1.0576923076923077,0.3846153846153846,0.5769230769230769,1,0.492,High,0,Attacking,-2.3721189027452976,0.4667242464733842
Ibrahim Sulemana,Cagliari,Serie A,MF,Midfielder,21-008,1339.0,2.0,0.0,0.8737864077669902,30.38088125466766,79.9,2.419716206123973,0.4705003734129948,0.1344286781179985,0,0.109,Low,2,Defensive,-0.08881535035460686,0.6616217036105871
Nicolas Viola,Cagliari,Serie A,"MF,FW",Midfielder,34-231,1207.0,5.0,2.0,2.75890637945319,42.12924606462303,63.4,0.9693454846727423,0.14913007456503727,0.5219552609776305,1,0.523,High,0,Attacking,-2.5997688183091556,-0.12524006571550408
Mateusz Wieteska,Cagliari,Serie A,DF,Defender,27-109,965.0,0.0,1.0,0.3730569948186529,43.08808290155441,81.0,1.3056994818652852,1.3056994818652852,0.09326424870466322,0,0.052,Low,2,Defensive,0.8339611095483582,0.011256966069665695
Gabriele Zappa,Cagliari,Serie A,DF,Defender,24-160,2561.0,1.0,3.0,0.6677079265911753,49.09410386567747,73.3,1.8976962124170247,0.7028504490433425,0.14057008980866847,0,0.143,Low,2,Defensive,0.14736135135551273,0.3885799039582806
Hugo Álvarez,Celta Vigo,La Liga,"MF,DF",Midfielder,20-333,762.0,1.0,1.0,1.4173228346456692,53.74015748031496,83.5,1.6535433070866141,0.5905511811023622,0.23622047244094488,1,0.244,High,1,Playmaking,0.26292332356015835,-0.7353726184490527
Iago Aspas,Celta Vigo,La Liga,FW,Forward,36-303,2707.0,9.0,10.0,2.460288141854451,43.38751385297377,72.7,0.365718507572959,0.3324713705208718,0.6316956039896564,1,0.628,High,0,Attacking,-2.0079424526527103,-1.108990339860674
Jonathan Bamba,Celta Vigo,La Liga,"MF,FW",Midfielder,28-065,1981.0,3.0,2.0,1.862695608278647,34.93690055527511,76.7,0.6360424028268551,0.817768803634528,0.2271580010095911,1,0.352,High,0,Attacking,-1.1503536114642932,-0.533458280585908
Fran Beltrán,Celta Vigo,La Liga,MF,Midfielder,25-117,2428.0,0.0,0.0,0.7784184514003295,50.560131795716636,86.5,2.0757825370675453,0.6672158154859967,0.0,0,0.085,Low,1,Playmaking,0.9283293964046028,-0.4000443428986761
Franco Cervi,Celta Vigo,La Liga,"MF,DF",Midfielder,30-004,546.0,0.0,1.0,1.3186813186813187,46.81318681318682,79.2,3.956043956043956,1.4835164835164836,0.16483516483516483,0,0.174,Low,2,Defensive,1.7905166484186006,2.3026732526473506
Carlos Dominguez,Celta Vigo,La Liga,DF,Defender,23-109,1584.0,0.0,0.0,0.28409090909090906,49.090909090909086,78.8,1.8749999999999998,1.25,0.0,0,0.017,Low,2,Defensive,1.144233614921927,0.44519243133044445
Carlos Dotor,Celta Vigo,La Liga,MF,Midfielder,23-076,708.0,0.0,0.0,0.5084745762711864,44.49152542372882,82.6,1.7796610169491527,0.5084745762711864,0.0,0,0.049,Low,2,Defensive,0.3811207126735103,-0.33972480972237046
Anastasios Douvikas,Celta Vigo,La Liga,FW,Forward,24-302,905.0,7.0,1.0,2.585635359116022,16.50828729281768,63.3,1.4917127071823204,0.19889502762430938,0.7955801104972375,1,0.516,High,0,Attacking,-2.960753090443759,0.9956055923310083
Luca de la Torre,Celta Vigo,La Liga,MF,Midfielder,26-007,1956.0,1.0,4.0,1.1042944785276072,35.15337423312883,81.2,1.7944785276073618,0.5521472392638036,0.23006134969325154,1,0.224,Low,2,Defensive,-0.21325951755038533,-0.01590475500018463
Javier Manquillo,Celta Vigo,La Liga,"DF,MF",Defender,30-025,744.0,0.0,1.0,0.12096774193548386,52.74193548387096,81.9,1.8145161290322578,0.36290322580645157,0.12096774193548386,0,0.061,Low,1,Playmaking,0.6517781109263989,-0.5488508717951275
Óscar Mingueza,Celta Vigo,La Liga,"DF,MF",Defender,25-017,2998.0,2.0,2.0,0.8405603735823883,59.049366244162776,75.1,1.8612408272181455,0.5103402268178786,0.12008005336891261,0,0.146,Low,2,Defensive,0.2523975346411647,-0.1610945624089011
Unai Núñez,Celta Vigo,La Liga,DF,Defender,27-121,2801.0,1.0,0.0,0.7068903962870403,52.53480899678686,79.7,1.6387004641199572,1.670831845769368,0.03213138164941092,0,0.064,Low,2,Defensive,1.3629578216668652,0.38893089759735144
Carles Pérez,Celta Vigo,La Liga,"MF,DF",Midfielder,26-104,772.0,1.0,1.0,2.7979274611398965,30.194300518134717,77.6,1.5155440414507773,0.5829015544041452,0.23316062176165803,1,0.401,High,0,Attacking,-1.5011427080229314,0.011820043655614194
Mihailo Ristić,Celta Vigo,La Liga,"DF,MF",Defender,28-212,808.0,0.0,0.0,1.113861386138614,57.14108910891089,72.3,1.6707920792079207,1.113861386138614,0.0,0,0.105,High,2,Defensive,0.37495424938557825,0.3423664176899817
Manu Sánchez,Celta Vigo,La Liga,"DF,MF",Defender,23-280,1775.0,0.0,5.0,0.4563380281690141,43.90985915492958,75.8,2.7380281690140844,0.9633802816901409,0.2535211267605634,1,0.155,Low,2,Defensive,0.8838730340816596,1.2596778780848008
Jailson Siqueira,Celta Vigo,La Liga,"DF,MF",Defender,28-266,897.0,0.0,1.0,0.5016722408026756,48.96321070234114,83.2,2.709030100334448,1.2040133779264215,0.10033444816053512,0,0.049,Low,2,Defensive,1.6323583399189294,0.8021791512097083
Hugo Sotelo,Celta Vigo,La Liga,MF,Midfielder,20-163,721.0,0.0,1.0,0.9986130374479889,73.52288488210819,87.6,2.3717059639389735,0.24965325936199723,0.12482662968099861,0,0.174,High,1,Playmaking,1.2919008988183038,-1.1196286500906745
Carl Starfelt,Celta Vigo,La Liga,DF,Defender,28-364,2216.0,1.0,0.0,0.48736462093862815,42.035198555956676,87.6,1.4620938628158844,1.3808664259927796,0.04061371841155235,0,0.035,Low,1,Playmaking,1.262235270590344,-0.21797603903553628
Jørgen Strand Larsen,Celta Vigo,La Liga,FW,Forward,24-114,2863.0,13.0,3.0,2.5777156828501573,19.427174292699966,68.4,0.6601466992665037,0.15717778553964373,0.5029689137268599,1,0.561,High,0,Attacking,-3.0186091454106965,-0.131760254979403
Renato Tapia,Celta Vigo,La Liga,"MF,DF",Midfielder,28-307,1337.0,0.0,0.0,1.2789827973074046,48.130142109199696,75.7,2.7599102468212413,1.4136125654450262,0.0,0,0.105,Low,2,Defensive,1.0198997128044232,1.4574064732393939
Kevin Vázquez,Celta Vigo,La Liga,DF,Defender,31-068,700.0,0.0,0.0,0.2571428571428572,48.72857142857143,75.7,1.9285714285714286,0.6428571428571429,0.0,0,0.04,Low,2,Defensive,0.4343458162731108,0.2505589864498519
Benoît Badiashile,Chelsea,Premier League,DF,Defender,23-065,1338.0,0.0,1.0,0.40358744394618834,78.90134529147981,90.8,1.412556053811659,1.210762331838565,0.06726457399103139,0,0.055,Low,1,Playmaking,2.3596312349716624,-1.497877701053106
Armando Broja,Chelsea,Premier League,FW,Forward,22-263,454.0,1.0,0.0,2.577092511013216,18.634361233480178,88.3,0.5947136563876653,0.0,0.19823788546255508,1,0.456,High,0,Attacking,-2.0984524899562107,-1.5891234446292009
Moisés Caicedo,Chelsea,Premier League,MF,Midfielder,22-210,2866.0,1.0,3.0,0.4082344731332868,66.54221912072575,90.0,2.8576413119330075,1.1618981158408932,0.1256106071179344,0,0.111,Low,1,Playmaking,2.5966093449968084,0.02190322376445182
Trevoh Chalobah,Chelsea,Premier League,DF,Defender,24-330,952.0,1.0,0.0,0.18907563025210083,74.02310924369748,89.4,1.5126050420168067,0.7563025210084033,0.09453781512605042,0,0.088,Low,1,Playmaking,1.872652089327814,-1.5267168668971167
Ben Chilwell,Chelsea,Premier League,DF,Defender,27-161,756.0,0.0,1.0,1.4285714285714286,58.92857142857142,75.4,1.7857142857142856,0.47619047619047616,0.11904761904761904,0,0.191,High,2,Defensive,-0.09317451443911436,-0.3083247836429257
Levi Colwill,Chelsea,Premier League,DF,Defender,21-094,1797.0,1.0,1.0,0.5509181969949917,58.24707846410685,83.0,2.4040066777963274,1.302170283806344,0.1001669449081803,0,0.106,Low,2,Defensive,1.8096917723352146,0.4031624742578096
Marc Cucurella,Chelsea,Premier League,DF,Defender,25-313,1782.0,0.0,2.0,0.40404040404040403,60.4040404040404,86.6,3.131313131313131,1.1111111111111112,0.10101010101010101,0,0.095,Low,2,Defensive,2.313774588238845,0.5856723451060691
Axel Disasi,Chelsea,Premier League,DF,Defender,26-080,2579.0,2.0,0.0,0.5583559519193486,78.72818922062815,90.0,1.1516091508336566,0.6281504459092672,0.06979449398991858,0,0.087,Low,1,Playmaking,1.5683589641985005,-2.103916956271549
Enzo Fernández,Chelsea,Premier League,MF,Midfielder,23-134,2209.0,3.0,2.0,1.8334087822544138,75.8623811679493,84.5,2.037120869171571,0.6926210955183341,0.2037120869171571,1,0.25,High,1,Playmaking,1.0236961116787382,-0.9810577888531621
Conor Gallagher,Chelsea,Premier League,MF,Midfielder,24-114,3128.0,5.0,7.0,1.381074168797954,58.06265984654732,89.2,2.4456521739130435,1.2372122762148339,0.34526854219948855,1,0.223,High,1,Playmaking,1.7010250651940042,-0.07263875212967748
Malo Gusto,Chelsea,Premier League,DF,Defender,21-011,1751.0,0.0,6.0,0.7709880068532268,73.14106225014278,86.4,2.826956025128498,0.8737864077669902,0.3083952027412907,1,0.232,Low,1,Playmaking,2.1214041292762342,-0.17117876284581648
Nicolas Jackson,Chelsea,Premier League,FW,Forward,22-345,2799.0,14.0,5.0,2.572347266881029,21.414790996784564,77.3,0.67524115755627,0.12861736334405144,0.6109324758842444,1,0.561,High,0,Attacking,-2.4776322008469487,-0.7728730190720641
Noni Madueke,Chelsea,Premier League,FW,Forward,22-081,1053.0,5.0,2.0,2.64957264957265,41.53846153846154,84.8,1.3675213675213675,0.3418803418803419,0.5982905982905984,1,0.576,High,0,Attacking,-0.9911060340598323,-1.0319738930826847
Mykhailo Mudryk,Chelsea,Premier League,FW,Forward,23-146,1576.0,5.0,2.0,1.9987309644670048,32.32233502538071,68.0,1.199238578680203,0.5139593908629441,0.399746192893401,1,0.441,High,0,Attacking,-1.7977300063116601,0.3325317457573842
Cole Palmer,Chelsea,Premier League,"FW,MF",Forward,22-024,2607.0,22.0,11.0,3.4522439585730726,48.84925201380898,79.2,0.7940161104718068,0.6904487917146145,1.139240506329114,1,0.835,High,0,Attacking,-1.4422283031138132,-1.1183822703693374
Thiago Silva,Chelsea,Premier League,DF,Defender,39-251,2527.0,3.0,1.0,0.4986149584487534,81.45231499802136,94.7,1.0328452710724179,0.9259992085476849,0.14246141669964385,0,0.102,Low,1,Playmaking,2.1608821617763754,-2.3512027205061354
Raheem Sterling,Chelsea,Premier League,"FW,MF",Forward,29-174,1978.0,8.0,4.0,2.320525783619818,33.124368048533874,73.9,0.9555106167846309,0.5915065722952477,0.5460060667340748,1,0.562,High,0,Attacking,-1.6457135428543699,-0.24182153185943625
Jim Allevinah,Clermont Foot,Ligue 1,"MF,DF",Midfielder,29-093,1861.0,2.0,1.0,1.7893605588393338,35.932294465341215,79.3,1.4508328855454058,0.6286942504030092,0.14508328855454058,0,0.206,High,0,Attacking,-0.7290422171557214,-0.18793150918411322
Neto Borges,Clermont Foot,Ligue 1,DF,Defender,27-260,2516.0,0.0,1.0,0.5723370429252782,50.8664546899841,80.7,1.7170111287758347,2.038950715421304,0.03577106518282989,0,0.058,Low,2,Defensive,1.817000743452206,0.7139731988711171
Bilal Boutobba,Clermont Foot,Ligue 1,"FW,MF",Forward,25-275,926.0,1.0,1.0,2.4298056155507557,38.39092872570194,69.1,2.138228941684665,0.7775377969762418,0.19438444924406045,1,0.263,High,0,Attacking,-1.08623578071725,1.0562713062378195
Maximiliano Caufriez,Clermont Foot,Ligue 1,DF,Defender,27-104,1659.0,0.0,1.0,0.325497287522604,48.390596745027125,87.4,2.061482820976492,0.976491862567812,0.054249547920433995,0,0.085,Low,1,Playmaking,1.42172487861392,-0.15400459965708088
Muhammed Cham,Clermont Foot,Ligue 1,"MF,FW",Midfielder,23-247,2554.0,8.0,4.0,2.431480031323414,46.76194205168363,79.5,0.8809710258418167,0.28191072826938135,0.422866092404072,1,0.556,High,0,Attacking,-1.3173697365514587,-1.2460075404471027
Johan Gastien,Clermont Foot,Ligue 1,MF,Midfielder,36-126,2260.0,0.0,0.0,0.4778761061946903,67.93805309734513,82.5,1.7123893805309736,1.4336283185840708,0.0,0,0.052,Low,1,Playmaking,1.8903611824465638,-0.273499306368975
Maxime Gonalons,Clermont Foot,Ligue 1,MF,Midfielder,35-081,1296.0,1.0,0.0,0.9027777777777778,53.61111111111111,86.3,3.263888888888889,1.3888888888888888,0.06944444444444445,0,0.095,Low,2,Defensive,2.175547439587514,1.0542030388177965
Habib Keita,Clermont Foot,Ligue 1,MF,Midfielder,22-115,1278.0,1.0,0.0,1.4084507042253522,47.53521126760564,87.6,2.3943661971830985,2.0422535211267605,0.07042253521126761,0,0.111,Low,2,Defensive,2.0188499960936106,0.848077895181805
Cheick Konaté,Clermont Foot,Ligue 1,DF,Defender,20-058,1068.0,1.0,1.0,1.1797752808988764,40.78651685393258,65.9,2.191011235955056,1.095505617977528,0.16853932584269662,1,0.18,High,2,Defensive,-0.2575655419934887,1.578367784034037
Grejohn Kyei,Clermont Foot,Ligue 1,FW,Forward,28-292,1026.0,2.0,1.0,2.631578947368421,23.24561403508772,74.7,0.5263157894736842,0.08771929824561403,0.2631578947368421,1,0.49,High,0,Attacking,-2.70924292736219,-0.8058665234866631
Yohann Magnin,Clermont Foot,Ligue 1,MF,Midfielder,26-344,1687.0,1.0,0.0,0.7468879668049793,44.59988144635448,83.5,2.6141078838174274,1.013633669235329,0.05334914048606995,0,0.094,Low,2,Defensive,1.1808015293594956,0.6513588045163026
Chrislain Matsima,Clermont Foot,Ligue 1,DF,Defender,22-015,1180.0,1.0,0.0,0.38135593220338987,49.95762711864407,86.9,1.3728813559322035,0.9915254237288136,0.07627118644067797,0,0.068,Low,1,Playmaking,1.0988198464280243,-0.7242957162365616
Shamar Nicholson,Clermont Foot,Ligue 1,FW,Forward,27-075,1484.0,4.0,3.0,2.3045822102425877,23.40970350404313,70.5,0.3638814016172507,0.0,0.42452830188679247,1,0.486,High,0,Attacking,-2.937059622766294,-0.7112393630351698
Florent Ogier,Clermont Foot,Ligue 1,DF,Defender,35-070,943.0,1.0,1.0,0.6680805938494168,48.86532343584305,83.0,1.8133616118769884,0.8589607635206786,0.19088016967126192,1,0.101,Low,1,Playmaking,0.7913592612021597,-0.1955053682476902
Andy Pelmard,Clermont Foot,Ligue 1,DF,Defender,24-079,2989.0,0.0,0.0,0.060220809635329546,50.16393442622951,84.8,1.5356306457009035,0.9936433589829375,0.0,0,0.05,Low,1,Playmaking,1.224817081063723,-0.43181896147574345
Elba Rashani,Clermont Foot,Ligue 1,"MF,FW",Midfielder,31-021,1175.0,2.0,0.0,1.3021276595744682,30.025531914893616,75.0,2.297872340425532,0.9191489361702128,0.15319148936170213,0,0.173,High,2,Defensive,-0.2280721078263055,1.1947458434194034
Alidu Seidu,Clermont Foot,Ligue 1,DF,Defender,23-361,1131.0,0.0,1.0,0.4774535809018568,60.15915119363395,82.4,2.546419098143236,1.9893899204244032,0.07957559681697612,0,0.086,Low,2,Defensive,2.572793855644591,1.0320428198175464
Alan Virginius,Clermont Foot,Ligue 1,FW,Forward,21-148,934.0,0.0,2.0,0.9635974304068522,20.13918629550321,65.1,0.867237687366167,0.28907922912205564,0.19271948608137043,1,0.2,Low,0,Attacking,-2.1630826215809917,0.45375615964442495
Mehdi Zeffane,Clermont Foot,Ligue 1,"DF,MF",Defender,32-011,1231.0,0.0,0.0,1.3891145410235581,48.69212022745735,75.1,2.2664500406173844,1.1697806661251016,0.0,0,0.122,High,2,Defensive,0.4876249476562948,0.8832577426095508
Joachim Andersen,Crystal Palace,Premier League,DF,Defender,27-365,3415.0,2.0,3.0,0.5534407027818449,58.21669106881406,78.4,1.4758418740849195,1.0805270863836018,0.13177159590043924,0,0.123,Low,1,Playmaking,0.9035651122778429,-0.2306276794358749
Jordan Ayew,Crystal Palace,Premier League,"FW,MF",Forward,32-262,2543.0,4.0,7.0,1.698780967361384,32.5599685410932,74.0,2.300432559968541,0.5662603224537948,0.3893039716869839,1,0.28,High,2,Defensive,-0.7347907310205094,0.9080204767908236
Nathaniel Clyne,Crystal Palace,Premier League,DF,Defender,33-055,1338.0,0.0,0.0,0.26905829596412556,40.35874439461883,82.5,1.6143497757847534,0.6726457399103138,0.0,0,0.016,Low,2,Defensive,0.4498676512437983,-0.22882620550734448
Cheick Doucouré,Crystal Palace,Premier League,MF,Midfielder,24-143,919.0,0.0,0.0,0.58759521218716,41.327529923830255,87.0,3.329706202393907,1.9586507072905333,0.0,0,0.079,Low,2,Defensive,2.579177886321579,1.8135264421433612
Odsonne Édouard,Crystal Palace,Premier League,"FW,MF",Forward,26-135,1555.0,7.0,0.0,2.9517684887459805,20.2572347266881,71.1,1.3890675241157555,0.3472668810289389,0.40514469453376206,1,0.453,High,0,Attacking,-2.506757445126946,0.3908743517314016
Eberechi Eze,Crystal Palace,Premier League,"MF,FW",Midfielder,25-336,2055.0,11.0,4.0,3.591240875912409,39.81021897810219,77.0,1.5328467153284673,0.48175182481751827,0.6569343065693432,1,0.598,High,0,Attacking,-1.7381712389798936,-0.30389864424915836
Marc Guéhi,Crystal Palace,Premier League,DF,Defender,23-322,2021.0,0.0,1.0,0.22266204849084612,58.292924294903514,86.9,1.2469074715487383,0.801583374567046,0.044532409698169226,0,0.043,Low,1,Playmaking,1.1805123965614925,-1.164549638322607
Will Hughes,Crystal Palace,Premier League,MF,Midfielder,29-043,1891.0,0.0,1.0,0.3807509254362771,41.787414066631406,83.3,2.9032258064516125,0.9994711792702273,0.047593865679534636,0,0.055,Low,2,Defensive,1.3941294947647431,0.9895563826739965
Jefferson Lerma,Crystal Palace,Premier League,"MF,DF",Midfielder,29-218,2400.0,1.0,1.0,1.275,46.875,81.4,1.575,1.3499999999999999,0.075,0,0.195,Low,2,Defensive,0.6865365592407785,0.08349265141991125
Jean-Philippe Mateta,Crystal Palace,Premier League,FW,Forward,26-337,2282.0,16.0,5.0,1.7353198948290973,17.077125328659072,71.4,0.8676599474145487,0.1577563540753725,0.8282208588957056,1,0.497,High,0,Attacking,-2.4008240831664347,-0.03730373050511357
Tyrick Mitchell,Crystal Palace,Premier League,"DF,MF",Defender,24-272,3204.0,2.0,3.0,0.33707865168539325,45.70224719101123,72.3,2.9494382022471908,0.7303370786516854,0.1404494382022472,0,0.131,Low,2,Defensive,0.6811671367026012,1.4552132245207727
Daniel Muñoz,Crystal Palace,Premier League,"DF,MF",Defender,28-004,1439.0,0.0,4.0,0.5003474635163307,45.03127171646977,77.9,3.4398888116747743,1.5010423905489922,0.2501737317581654,1,0.076,Low,2,Defensive,1.843912354286138,2.075287640181291
Michael Olise,Crystal Palace,Premier League,"FW,MF",Forward,22-170,1275.0,10.0,6.0,3.9529411764705884,50.89411764705883,74.9,1.3411764705882354,0.7764705882352941,1.1294117647058823,1,0.884,High,0,Attacking,-1.5348132026130015,-0.40424760974910556
Chris Richards,Crystal Palace,Premier League,"DF,MF",Defender,24-063,2094.0,1.0,1.0,0.47277936962750716,40.48710601719198,82.6,1.9770773638968482,1.1604584527220632,0.08595988538681949,0,0.065,Low,2,Defensive,0.9828952497755664,0.4121473854775444
Jeffrey Schlupp,Crystal Palace,Premier League,"FW,MF",Forward,31-159,1352.0,2.0,2.0,1.264792899408284,22.233727810650887,74.0,2.529585798816568,0.5325443786982249,0.26627218934911245,1,0.238,High,2,Defensive,-0.7385999115130515,1.35864382160488
Joel Ward,Crystal Palace,Premier League,DF,Defender,34-214,1980.0,0.0,1.0,0.45454545454545453,42.90909090909091,75.7,2.0454545454545454,0.6363636363636364,0.045454545454545456,0,0.081,Low,2,Defensive,0.21888960512489963,0.471858940329303
Adam Wharton,Crystal Palace,Premier League,MF,Midfielder,19-363,1297.0,0.0,3.0,0.6939090208172706,41.35697764070933,77.9,3.330763299922899,1.3878180416345411,0.2081727062451812,1,0.13,Low,2,Defensive,1.4857731804717107,1.976707366488893
Rubén Alcaraz,Cádiz,La Liga,MF,Midfielder,33-029,3134.0,3.0,1.0,1.3209955328653478,45.43075941289087,80.3,2.7855775366943205,0.9476707083599234,0.1148691767708998,0,0.153,High,2,Defensive,0.7598985826027117,0.8925716002381985
Iván Alejo,Cádiz,La Liga,MF,Midfielder,29-110,1692.0,0.0,2.0,0.5851063829787234,25.585106382978722,50.9,2.127659574468085,0.3723404255319149,0.10638297872340426,0,0.155,Low,0,Attacking,-1.9441107456864508,2.3868778578557577
Isaac Carcelen,Cádiz,La Liga,DF,Defender,31-037,2611.0,0.0,0.0,0.3446955189582535,40.088088854844884,73.2,1.7234775947912677,0.9306779011872846,0.0,0,0.069,Low,2,Defensive,0.17269428540343643,0.6656420246784741
Víctor Chust,Cádiz,La Liga,DF,Defender,24-086,1864.0,0.0,1.0,0.19313304721030042,50.21459227467811,79.9,1.400214592274678,0.5311158798283262,0.048283261802575105,0,0.047,Low,1,Playmaking,0.39108561490289356,-0.5789977382987382
Gonzalo Escalante,Cádiz,La Liga,MF,Midfielder,31-064,1697.0,1.0,2.0,0.7424867413081909,37.70771950500884,75.5,2.068355922215675,1.3789039481437833,0.15910430170889808,0,0.135,Low,2,Defensive,0.6161164510446079,1.1657541725777403
Fali,Cádiz,La Liga,DF,Defender,30-292,2547.0,0.0,0.0,0.38869257950530034,37.102473498233216,76.1,1.448763250883392,0.9540636042402827,0.0,0,0.04,Low,2,Defensive,0.1200735034816719,0.33517300577046893
Álex Fernández,Cádiz,La Liga,MF,Midfielder,31-228,1285.0,0.0,1.0,0.490272373540856,45.45525291828793,83.1,1.3307392996108949,1.0505836575875487,0.07003891050583658,0,0.063,Low,1,Playmaking,0.7368182223675535,-0.36290351666770765
Maxi Gómez,Cádiz,La Liga,FW,Forward,27-290,1163.0,0.0,0.0,1.238177128116939,19.733447979363714,51.8,0.4643164230438521,0.23215821152192606,0.0,0,0.178,High,0,Attacking,-3.302672326628701,0.9393245378780094
Sergi Guardiola,Cádiz,La Liga,"FW,MF",Forward,33-001,495.0,1.0,1.0,2.5454545454545454,38.0,70.8,1.8181818181818181,0.0,0.36363636363636365,1,0.343,High,0,Attacking,-1.9327103319235055,0.09983187095917753
Javi Hernández,Cádiz,La Liga,DF,Defender,26-028,2514.0,1.0,2.0,1.0739856801909309,46.252983293556085,71.4,1.5393794749403342,0.6801909307875895,0.10739856801909309,0,0.135,High,2,Defensive,-0.4330957537632039,0.23952264677503332
Luis Hernández,Cádiz,La Liga,DF,Defender,35-046,723.0,1.0,0.0,0.12448132780082988,45.18672199170125,70.8,0.8713692946058091,0.995850622406639,0.12448132780082988,0,0.119,Low,2,Defensive,-0.04979395864664566,0.0545585961296794
Juanmi,Cádiz,La Liga,FW,Forward,31-010,873.0,3.0,1.0,1.4432989690721651,23.29896907216495,80.1,0.9278350515463918,0.6185567010309279,0.4123711340206186,1,0.311,High,0,Attacking,-1.1317720377204017,-0.3461480310099814
Rominigue Kouamé,Cádiz,La Liga,MF,Midfielder,27-165,821.0,0.0,0.0,0.5481120584652862,45.05481120584653,86.4,1.5347137637028014,1.4250913520097443,0.0,0,0.058,Low,1,Playmaking,1.3266542191104211,-0.12469404739569925
Lucas,Cádiz,La Liga,DF,Defender,23-067,1539.0,1.0,0.0,0.6432748538011696,47.19298245614035,73.7,2.7485380116959064,0.9941520467836257,0.05847953216374269,0,0.092,Low,2,Defensive,0.800760417096501,1.3348085068076714
Darwin Machís,Cádiz,La Liga,MF,Midfielder,31-113,785.0,4.0,0.0,2.292993630573249,33.248407643312106,61.0,2.636942675159236,0.45859872611464975,0.45859872611464975,1,0.354,High,0,Attacking,-1.6816616654442629,1.8999721871583393
Roger Martí,Cádiz,La Liga,FW,Forward,33-148,1359.0,2.0,3.0,2.185430463576159,22.781456953642383,65.4,0.794701986754967,0.4635761589403974,0.33112582781456956,1,0.367,High,0,Attacking,-2.5484701390653677,0.35111800480431654
Jorge Meré,Cádiz,La Liga,DF,Defender,27-043,673.0,0.0,0.0,0.5349182763744428,31.158989598811292,71.2,1.0698365527488856,1.0698365527488856,0.0,0,0.097,Low,2,Defensive,-0.47040252446361436,0.5642551701404732
Roberto Navarro,Cádiz,La Liga,"MF,FW",Midfielder,22-048,1888.0,1.0,1.0,1.430084745762712,35.13241525423729,72.0,2.1927966101694913,0.9057203389830508,0.09533898305084745,0,0.158,High,2,Defensive,-0.37603842091794537,1.1592759288697825
Chris Ramos,Cádiz,La Liga,"FW,MF",Forward,27-133,2612.0,5.0,1.0,2.6186830015313936,16.745788667687595,56.4,0.9647779479326187,0.3101071975497703,0.20673813169984687,1,0.353,High,0,Attacking,-3.504676386124322,1.085509549506704
Rubén Sobrino,Cádiz,La Liga,"MF,FW",Midfielder,31-364,1646.0,0.0,1.0,1.1482381530984205,28.760631834750914,73.6,2.8432563791008505,0.8748481166464156,0.054678007290400975,0,0.094,Low,2,Defensive,-0.04976883328133042,1.7485202158008317
Joseba Zaldúa,Cádiz,La Liga,DF,Defender,31-341,704.0,0.0,0.0,0.1278409090909091,32.08806818181818,72.5,2.556818181818182,0.2556818181818182,0.0,0,0.043,Low,2,Defensive,-0.22092994235643368,1.1120837254185045
Matthias Bader,Darmstadt 98,Bundesliga,"DF,MF",Defender,26-348,1802.0,1.0,2.0,0.8490566037735849,45.549389567147614,75.3,2.547169811320755,1.248612652608213,0.14983351831298558,0,0.136,Low,2,Defensive,0.88259222014478,1.2783308084226255
Bartol Franjić,Darmstadt 98,Bundesliga,MF,Midfielder,24-137,1229.0,0.0,1.0,0.2929210740439382,40.71602929210741,83.1,1.098454027664768,2.196908055329536,0.07323026851098455,0,0.038,Low,2,Defensive,1.6533095742232684,0.43103382787007793
Klaus Gjasula,Darmstadt 98,Bundesliga,"DF,MF",Defender,34-168,1363.0,0.0,0.0,0.5942773294203962,49.25898752751284,82.4,2.905355832721937,1.2545854732208364,0.0,0,0.057,Low,2,Defensive,1.6898280155427372,1.041455514560406
Fabian Holland,Darmstadt 98,Bundesliga,"MF,DF",Midfielder,33-324,1835.0,0.0,2.0,0.5395095367847411,45.073569482288825,78.3,2.3051771117166213,1.1771117166212535,0.09809264305177111,0,0.112,Low,2,Defensive,1.010224538839284,0.8612647161577831
Mathias Honsak,Darmstadt 98,Bundesliga,"FW,MF",Forward,27-162,1021.0,1.0,1.0,2.027424094025465,25.12242899118511,73.7,1.2340842311459352,0.7051909892262488,0.1762977473065622,1,0.363,High,0,Attacking,-1.503686522397452,0.30561983299859974
Thomas Isherwood,Darmstadt 98,Bundesliga,DF,Defender,26-123,636.0,0.0,0.0,0.0,37.924528301886795,83.2,1.5566037735849056,1.4150943396226416,0.0,0,0.008,Low,2,Defensive,1.2149629759367042,0.3109597346937322
Julian Justvan,Darmstadt 98,Bundesliga,"MF,FW",Midfielder,26-058,1023.0,2.0,2.0,1.4956011730205279,35.894428152492665,72.1,0.8797653958944281,0.9677419354838709,0.3519061583577712,1,0.32,High,0,Attacking,-0.945033276906696,0.08542164417040404
Emir Karic,Darmstadt 98,Bundesliga,DF,Defender,26-356,1783.0,0.0,0.0,0.6057206954570948,61.076836791923725,78.8,2.2714526079641058,0.6561974200785193,0.0,0,0.107,Low,2,Defensive,0.964764022967595,0.012663380711216869
Tobias Kempe,Darmstadt 98,Bundesliga,MF,Midfielder,34-338,1350.0,3.0,2.0,1.2,37.13333333333333,74.1,1.3333333333333333,0.6,0.33333333333333337,1,0.284,High,0,Attacking,-0.7772211195932744,0.047010374072220966
Christoph Klarer,Darmstadt 98,Bundesliga,DF,Defender,23-351,2354.0,2.0,2.0,0.34409515717926936,45.879354290569246,87.0,1.4146134239592183,0.8028887000849618,0.15293118096856415,0,0.099,Low,1,Playmaking,0.8505403935271593,-0.7339287143666273
Matej Maglica,Darmstadt 98,Bundesliga,DF,Defender,25-248,1698.0,1.0,0.0,0.5300353356890459,52.95053003533569,76.0,1.8551236749116606,1.1660777385159011,0.053003533568904596,0,0.084,Low,2,Defensive,0.888124890257948,0.4369312176352132
Marvin Mehlem,Darmstadt 98,Bundesliga,MF,Midfielder,26-262,1482.0,3.0,2.0,1.396761133603239,35.64777327935223,76.3,1.7004048582995954,2.0040485829959516,0.3036437246963563,1,0.204,Low,2,Defensive,0.6840262164466763,1.2781767299299014
Jannik Müller,Darmstadt 98,Bundesliga,"DF,MF",Defender,30-133,1134.0,0.0,0.0,0.2380952380952381,43.57142857142857,77.2,2.619047619047619,1.3492063492063493,0.0,0,0.017,Low,2,Defensive,1.3630954810070075,1.381178935707669
Fabian Nürnberger,Darmstadt 98,Bundesliga,"DF,MF",Defender,24-307,1513.0,1.0,1.0,1.130204890945142,53.23859881031064,79.7,1.7250495703899538,1.0112359550561798,0.11896893588896233,0,0.165,Low,2,Defensive,0.6016229801967798,-0.07965009365426909
Luca Pfeiffer,Darmstadt 98,Bundesliga,"FW,MF",Forward,27-284,1619.0,1.0,4.0,2.668313773934528,23.0142063001853,70.0,0.6114885731933293,0.11117974058060533,0.27794935145151334,1,0.387,High,0,Attacking,-2.9363939166085333,-0.4063061227696125
Clemens Riedel,Darmstadt 98,Bundesliga,DF,Defender,20-316,755.0,0.0,0.0,0.9536423841059603,68.66225165562913,85.1,2.622516556291391,1.3112582781456954,0.0,0,0.155,Low,1,Playmaking,2.138744631878352,0.16813497532025162
Aaron Seydel,Darmstadt 98,Bundesliga,FW,Forward,28-113,619.0,1.0,0.0,2.035541195476575,27.62520193861066,57.9,0.43618739903069464,0.14539579967689822,0.14539579967689822,0,0.298,High,0,Attacking,-3.222377077993948,0.19934054958322714
Tim Skarke,Darmstadt 98,Bundesliga,"FW,DF",Forward,27-266,2404.0,8.0,0.0,2.5831946755407653,32.009151414309486,72.7,0.973377703826955,0.22462562396006655,0.2995008319467554,1,0.436,High,0,Attacking,-2.2076714494362806,-0.41364210244926763
Oscar Vilhelmsson,Darmstadt 98,Bundesliga,"FW,MF",Forward,20-241,1374.0,4.0,1.0,1.8340611353711789,13.886462882096069,58.0,0.851528384279476,0.1965065502183406,0.32751091703056767,1,0.366,High,0,Attacking,-3.2667802344152266,0.9286208096449566
Christoph Zimmermann,Darmstadt 98,Bundesliga,DF,Defender,31-139,1220.0,0.0,0.0,0.29508196721311475,40.942622950819676,82.0,2.4344262295081966,1.5491803278688525,0.0,0,0.012,Low,2,Defensive,1.6277941217070422,1.1230074123029055
Karim Adeyemi,Dortmund,Bundesliga,"FW,MF",Forward,22-133,913.0,3.0,1.0,2.267250821467689,29.474260679079958,72.9,1.5772179627601315,0.29572836801752467,0.39430449069003287,1,0.388,High,0,Attacking,-1.760593860252947,0.21282317193465183
Ramy Bensebaini,Dortmund,Bundesliga,DF,Defender,29-044,1033.0,0.0,0.0,1.3939980638915779,74.1432720232333,82.5,2.9622458857696032,1.3939980638915779,0.0,0,0.14,High,2,Defensive,2.1690099769379367,0.5158197903556452
Julian Brandt,Dortmund,Bundesliga,"MF,FW",Midfielder,28-028,2223.0,7.0,11.0,1.3360323886639676,53.40080971659919,79.9,0.688259109311741,0.32388663967611336,0.728744939271255,1,0.41,High,0,Attacking,-0.6136355685320871,-1.4855431312324998
Jamie Bynoe-Gittens,Dortmund,Bundesliga,"FW,MF",Forward,19-296,1058.0,1.0,4.0,3.657844990548204,30.879017013232513,78.2,1.1909262759924384,0.34026465028355385,0.4253308128544423,1,0.605,High,0,Attacking,-2.253069826228337,-0.5569612670922595
Emre Can,Dortmund,Bundesliga,"MF,DF",Midfielder,30-139,1953.0,2.0,2.0,0.6912442396313364,67.78801843317973,87.4,2.903225806451613,1.0138248847926268,0.18433179723502305,1,0.157,Low,1,Playmaking,2.2298322384254945,0.06867822449199831
Niclas Füllkrug,Dortmund,Bundesliga,FW,Forward,31-111,2212.0,12.0,8.0,2.0343580470162745,23.27305605786618,66.1,0.28481012658227844,0.081374321880651,0.8137432188065099,1,0.557,High,0,Attacking,-3.016406702607251,-0.4047151254811172
Mats Hummels,Dortmund,Bundesliga,DF,Defender,35-166,1581.0,3.0,0.0,0.9108159392789374,80.72106261859582,89.0,2.9601518026565463,1.8785578747628084,0.17077798861480076,1,0.152,Low,1,Playmaking,3.411861387822972,0.322310905930606
Ian Maatsen,Dortmund,Bundesliga,DF,Defender,22-081,1264.0,2.0,2.0,0.7832278481012658,75.4746835443038,87.5,2.1360759493670884,0.9256329113924051,0.2848101265822785,1,0.25,Low,1,Playmaking,1.9652276837741096,-0.8365608420236351
Donyell Malen,Dortmund,Bundesliga,"FW,MF",Forward,25-142,1781.0,13.0,1.0,3.638405390230208,27.591240875912412,75.1,0.5558674901740596,0.10106681639528356,0.7074677147669849,1,0.693,High,0,Attacking,-3.0348840231885794,-0.9770971270173138
Thomas Meunier,Dortmund,Bundesliga,DF,Defender,32-261,586.0,0.0,0.0,1.2286689419795223,76.02389078498294,80.6,0.7679180887372014,0.6143344709897611,0.0,0,0.168,High,1,Playmaking,0.435194861331858,-1.797882696529311
Youssoufa Moukoko,Dortmund,Bundesliga,FW,Forward,19-192,625.0,5.0,0.0,2.016,18.432,81.3,0.576,0.288,0.72,1,0.526,High,0,Attacking,-1.9612948308579472,-0.8851259228894769
Felix Nmecha,Dortmund,Bundesliga,MF,Midfielder,23-233,1021.0,1.0,2.0,2.027424094025465,40.28403525954946,83.6,1.6748285994123409,0.9696376101860921,0.2644466209598433,1,0.307,High,2,Defensive,-0.05770541467160678,-0.15375634163872304
Salih Özcan,Dortmund,Bundesliga,MF,Midfielder,26-140,1184.0,0.0,0.0,0.3800675675675676,60.35472972972973,85.6,1.5202702702702704,1.2922297297297298,0.0,0,0.035,Low,1,Playmaking,1.6735153614652585,-0.54810819870114
Marco Reus,Dortmund,Bundesliga,"MF,FW",Midfielder,34-365,1601.0,6.0,8.0,2.361024359775141,39.743910056214865,83.2,2.079950031230481,0.2810743285446596,0.7870081199250469,1,0.617,High,0,Attacking,-0.7087325480549127,-0.3159818984887801
Julian Ryerson,Dortmund,Bundesliga,DF,Defender,26-195,1767.0,4.0,1.0,0.9168081494057725,57.50424448217318,86.3,2.0882852292020373,0.5093378607809848,0.2546689303904924,1,0.202,Low,1,Playmaking,0.9069197226571102,-0.6753966573439669
Marcel Sabitzer,Dortmund,Bundesliga,MF,Midfielder,30-074,1961.0,4.0,3.0,2.11116777154513,48.969913309535954,81.3,1.7899031106578278,0.550739418663947,0.32126466088730243,1,0.332,High,2,Defensive,-0.3140503973704952,-0.4400537920205405
Jadon Sancho,Dortmund,Bundesliga,"FW,MF",Forward,24-066,947.0,2.0,2.0,0.8553326293558606,48.658922914466736,80.9,0.47518479408658926,0.3801478352692714,0.3801478352692714,1,0.229,Low,1,Playmaking,-0.503673525967958,-1.534647684477896
Nico Schlotterbeck,Dortmund,Bundesliga,DF,Defender,24-181,2859.0,2.0,1.0,0.8499475341028332,84.39664218258133,88.8,2.2035676810073452,1.4165792235047219,0.0944386149003148,0,0.132,Low,1,Playmaking,2.7490153615026136,-0.7237707613153908
Niklas Süle,Dortmund,Bundesliga,DF,Defender,28-270,1514.0,1.0,0.0,0.41611624834874505,89.46499339498018,93.1,1.07001321003963,1.486129458388375,0.059445178335535004,0,0.063,Low,1,Playmaking,2.8793166992552353,-1.9885869440057033
Marius Wolf,Dortmund,Bundesliga,DF,Defender,29-003,1166.0,0.0,1.0,0.6946826758147513,69.15951972555746,76.7,1.5437392795883362,0.6174957118353345,0.07718696397941681,0,0.141,Low,1,Playmaking,0.653876364120629,-0.6881194815987051
Aurélio Buta,Eint Frankfurt,Bundesliga,"DF,MF",Defender,27-110,1744.0,1.0,1.0,0.6708715596330276,57.38532110091744,78.7,2.064220183486239,0.7740825688073395,0.10321100917431193,0,0.126,Low,2,Defensive,0.8323418986693079,0.021409044949611728
Fares Chaïbi,Eint Frankfurt,Bundesliga,"MF,FW",Midfielder,21-184,1912.0,2.0,4.0,1.882845188284519,43.39958158995816,64.2,1.2709205020920502,0.23535564853556487,0.28242677824267787,1,0.389,High,0,Attacking,-1.8611692187527096,0.1688181806784197
Junior Dina Ebimbe,Eint Frankfurt,Bundesliga,"MF,DF",Midfielder,23-191,1956.0,5.0,3.0,2.392638036809816,43.02147239263803,76.5,2.0245398773006134,0.41411042944785276,0.36809815950920244,1,0.437,High,0,Attacking,-0.9100236149243057,0.09380746063893931
Hugo Ekitike,Eint Frankfurt,Bundesliga,FW,Forward,21-345,716.0,4.0,2.0,3.770949720670391,24.25977653631285,67.9,1.3826815642458101,0.25139664804469275,0.7541899441340782,1,0.659,High,0,Attacking,-3.0701727580475198,0.3663462466906862
Mario Götze,Eint Frankfurt,Bundesliga,MF,Midfielder,31-362,2068.0,3.0,2.0,0.5657640232108317,57.66441005802708,79.2,2.2195357833655707,0.6092843326885881,0.21760154738878143,1,0.179,Low,2,Defensive,0.8410710066478063,-0.004787340417722148
Ansgar Knauff,Eint Frankfurt,Bundesliga,"MF,DF",Midfielder,22-141,2109.0,7.0,2.0,1.5789473684210527,31.877667140825036,63.6,1.8349928876244666,0.8534850640113798,0.38406827880512096,1,0.316,High,0,Attacking,-1.2336346767984179,1.443618621816328
Robin Koch,Eint Frankfurt,Bundesliga,DF,Defender,27-318,2738.0,2.0,0.0,0.7888970051132214,71.03360116873631,88.0,1.2490869247626004,1.051862673484295,0.06574141709276844,0,0.135,Low,1,Playmaking,1.5605055207621756,-1.4025531210706692
Hugo Larsson,Eint Frankfurt,Bundesliga,MF,Midfielder,19-338,1886.0,2.0,1.0,0.47720042417815484,46.04984093319194,86.5,1.5270413573700954,1.383881230116649,0.14316012725344646,0,0.053,Low,1,Playmaking,1.3540698231588006,-0.18779169927595285
Omar Marmoush,Eint Frankfurt,Bundesliga,"FW,MF",Forward,25-113,2301.0,12.0,6.0,3.0117340286831813,22.451108213820078,70.9,0.8213820078226858,0.4302477183833116,0.7040417209908736,1,0.618,High,0,Attacking,-2.676504193946323,-0.06370807886099808
Philipp Max,Eint Frankfurt,Bundesliga,DF,Defender,30-243,1350.0,1.0,2.0,0.5333333333333333,59.86666666666667,82.6,1.7333333333333334,0.4666666666666667,0.2,1,0.172,Low,1,Playmaking,0.7489719877171597,-0.7898385279686829
Niels Nkounkou,Eint Frankfurt,Bundesliga,"DF,MF",Defender,23-211,1309.0,3.0,2.0,1.5126050420168067,59.67914438502674,72.0,3.712757830404889,1.1000763941940412,0.3437738731856379,1,0.284,High,2,Defensive,1.1870438225137292,1.9558473223861423
Willian Pacho,Eint Frankfurt,Bundesliga,DF,Defender,22-227,2970.0,0.0,3.0,0.30303030303030304,69.27272727272727,84.4,1.878787878787879,1.4242424242424243,0.09090909090909091,0,0.051,Low,1,Playmaking,2.1922663862984466,-0.28726372761365754
Ellyes Skhiri,Eint Frankfurt,Bundesliga,MF,Midfielder,29-020,2168.0,2.0,2.0,0.7472324723247232,53.42712177121771,84.1,1.826568265682657,1.6190036900369005,0.16605166051660517,0,0.103,Low,1,Playmaking,1.6568866547178829,0.1927302058821686
Tuta,Eint Frankfurt,Bundesliga,DF,Defender,24-331,2600.0,1.0,2.0,0.6230769230769231,65.97692307692307,84.7,2.1807692307692306,1.2461538461538462,0.10384615384615385,0,0.141,Low,1,Playmaking,1.9335335679297116,-0.13106225224860774
Tommaso Baldanzi,Empoli,Serie A,"MF,FW",Midfielder,21-068,745.0,2.0,0.0,1.6912751677852347,31.04697986577181,78.2,0.4832214765100671,0.24161073825503354,0.24161073825503354,1,0.339,High,0,Attacking,-1.6999294269432559,-1.0807547271330644
Simone Bastoni,Empoli,Serie A,"MF,DF",Midfielder,27-207,745.0,1.0,0.0,0.8456375838926173,43.489932885906036,68.3,2.657718120805369,1.3288590604026844,0.12080536912751677,0,0.121,Low,2,Defensive,0.558277762805819,1.9401251761835334
Bartosz Bereszyński,Empoli,Serie A,DF,Defender,31-323,1762.0,0.0,1.0,0.1532349602724177,44.28490351872871,77.6,2.0942111237230416,1.072644721906924,0.0510783200908059,0,0.041,Low,2,Defensive,0.9428460732310593,0.7012582694077686
Liberato Cacace,Empoli,Serie A,DF,Defender,23-246,1912.0,0.0,1.0,0.6119246861924686,52.2489539748954,75.0,1.882845188284519,0.8943514644351465,0.047071129707112976,0,0.091,Low,2,Defensive,0.5319357743380465,0.33404440908081096
Nicolò Cambiaghi,Empoli,Serie A,"FW,MF",Forward,23-154,2553.0,1.0,1.0,2.5029377203290246,24.465334900117508,69.6,1.7978848413631021,0.4935370152761457,0.07050528789659224,0,0.214,High,0,Attacking,-1.918579307594467,0.8665556226470371
Matteo Cancellieri,Empoli,Serie A,"FW,MF",Forward,22-108,1788.0,4.0,3.0,2.013422818791946,19.07718120805369,58.6,1.761744966442953,0.30201342281879195,0.3523489932885906,1,0.38,High,0,Attacking,-2.6442126543573106,1.582986134964943
Francesco Caputo,Empoli,Serie A,FW,Forward,36-298,1268.0,3.0,0.0,1.5615141955835963,15.331230283911673,75.9,0.14195583596214512,0.07097791798107256,0.21293375394321767,1,0.388,High,0,Attacking,-2.5357017951339103,-0.9442473216023206
Alberto Cerri,Empoli,Serie A,FW,Forward,28-044,545.0,1.0,0.0,1.651376146788991,22.458715596330276,50.0,0.4954128440366973,0.4954128440366973,0.1651376146788991,0,0.296,High,0,Attacking,-3.2714404768688876,1.182897311128107
Tyronne Ebuehi,Empoli,Serie A,DF,Defender,28-166,1099.0,0.0,1.0,0.40946314831665154,46.67879890809827,74.7,1.1464968152866242,0.4913557779799818,0.0818926296633303,0,0.094,Low,2,Defensive,-0.26713588610773603,-0.4067510111424928
Jacopo Fazzini,Empoli,Serie A,MF,Midfielder,21-075,1232.0,1.0,1.0,1.6801948051948052,36.45292207792208,68.7,3.5795454545454546,0.8766233766233766,0.14610389610389612,0,0.213,High,2,Defensive,-0.018349092027559934,2.4547992725219934
Alberto Grassi,Empoli,Serie A,MF,Midfielder,29-084,1807.0,0.0,1.0,1.1455451023796346,42.88323187603763,80.8,1.4941892639734364,2.0420586607636966,0.04980630879911455,0,0.167,Low,2,Defensive,1.206905211597858,0.6800846096171146
Emmanuel Gyasi,Empoli,Serie A,"DF,FW",Defender,30-140,1879.0,1.0,2.0,0.7663650878126663,26.343799893560405,74.9,1.6285258116019161,0.23948908994145823,0.14369345396487493,0,0.169,Low,0,Attacking,-1.021698987682205,0.2673816597436977
Ardian Ismajli,Empoli,Serie A,DF,Defender,27-243,2045.0,0.0,0.0,0.22004889975550124,45.858190709046454,82.9,1.1442542787286063,1.0122249388753057,0.0,0,0.015,Low,1,Playmaking,0.7471872609563642,-0.5237222967119778
Viktor Kovalenko,Empoli,Serie A,MF,Midfielder,28-106,613.0,1.0,1.0,1.6150081566068517,36.7047308319739,71.6,0.734094616639478,0.1468189233278956,0.2936378466557912,1,0.323,High,0,Attacking,-1.8404277484550722,-0.6441911770362032
Sebastiano Luperto,Empoli,Serie A,DF,Defender,27-267,3406.0,1.0,1.0,0.5020551967116853,47.16676453317675,81.5,0.977686435701703,0.8455666470933647,0.052847915443335294,0,0.057,Low,1,Playmaking,0.3325250188568785,-0.7471413988016441
Youssef Maleh,Empoli,Serie A,MF,Midfielder,25-282,2602.0,0.0,1.0,0.622598001537279,35.55726364335127,76.8,2.5595695618754806,0.8647194465795541,0.034588777863182166,0,0.052,Low,2,Defensive,0.44206324737543506,1.165996551242392
Răzvan Marin,Empoli,Serie A,MF,Midfielder,28-007,1818.0,0.0,3.0,1.7326732673267327,44.9009900990099,74.0,1.9801980198019802,0.297029702970297,0.1485148514851485,0,0.197,High,0,Attacking,-0.7992932632406585,0.13477422131010489
M'Baye Niang,Empoli,Serie A,FW,Forward,29-163,708.0,6.0,1.0,2.5423728813559325,17.796610169491526,64.3,0.38135593220338987,0.38135593220338987,0.8898305084745763,1,0.672,High,0,Attacking,-3.2023021613369598,0.11577719909553146
Giuseppe Pezzella,Empoli,Serie A,DF,Defender,26-183,1085.0,0.0,0.0,0.2488479262672811,48.525345622119815,74.2,2.0737327188940093,0.16589861751152074,0.0,0,0.048,Low,2,Defensive,-0.025961263252290437,0.11895804136597825
Filippo Ranocchia,Empoli,Serie A,"MF,DF",Midfielder,23-016,476.0,0.0,0.0,1.134453781512605,40.840336134453786,70.4,3.0252100840336134,0.5672268907563025,0.0,0,0.095,High,2,Defensive,-0.07606792046567189,1.58330098316521
Sebastian Walukiewicz,Empoli,Serie A,DF,Defender,24-055,2055.0,0.0,0.0,0.17518248175182483,44.58394160583942,82.7,1.708029197080292,0.6569343065693432,0.0,0,0.013,Low,1,Playmaking,0.6585885097079217,-0.27319671001377704
Szymon Żurkowski,Empoli,Serie A,MF,Midfielder,26-248,868.0,4.0,0.0,1.6589861751152075,25.403225806451616,78.8,1.555299539170507,0.6221198156682028,0.4147465437788019,1,0.296,High,0,Attacking,-0.951141030257371,0.19537314063494157
Beto,Everton,Premier League,FW,Forward,26-120,951.0,3.0,0.0,3.9747634069400632,17.034700315457414,60.0,1.3249211356466877,0.09463722397476342,0.28391167192429023,1,0.392,High,0,Attacking,-3.995770563492346,0.8827817354669232
Jarrad Branthwaite,Everton,Premier League,DF,Defender,21-338,3116.0,3.0,0.0,0.4043645699614891,40.003209242618745,79.8,1.9062901155327343,1.4441591784338896,0.08664955070603338,0,0.066,Low,2,Defensive,1.0753614056665932,0.7656899298751628
Dominic Calvert-Lewin,Everton,Premier League,FW,Forward,27-075,2171.0,7.0,2.0,2.943344081068632,18.240442192538,56.4,0.5389221556886227,0.16582220175034545,0.3730999539382773,1,0.461,High,0,Attacking,-3.958358805265865,0.5640457495011427
Séamus Coleman,Everton,Premier League,DF,Defender,35-232,665.0,0.0,0.0,0.0,41.41353383458647,67.6,2.300751879699248,0.9473684210526315,0.0,0,0.062,Low,2,Defensive,0.35533478909521854,1.516852897067128
Arnaut Danjuma,Everton,Premier League,"MF,FW",Midfielder,27-120,595.0,1.0,0.0,3.781512605042017,22.991596638655462,67.1,0.9075630252100841,0.45378151260504207,0.1512605042016807,0,0.502,High,0,Attacking,-3.1937621635833846,0.20593652028625464
Abdoulaye Doucouré,Everton,Premier League,"FW,MF",Forward,31-150,2629.0,7.0,1.0,1.608976797261316,30.570559147965003,76.5,1.4720426017497146,0.5135032331685051,0.2738683910232027,1,0.23,High,0,Attacking,-1.0478299434654748,0.07235687683446589
Idrissa Gana Gueye,Everton,Premier League,MF,Midfielder,34-247,1884.0,4.0,0.0,1.2420382165605095,42.89808917197452,84.4,3.4872611464968153,1.3375796178343948,0.19108280254777069,1,0.169,Low,2,Defensive,1.6513293974047802,1.5653787994268165
James Garner,Everton,Premier League,MF,Midfielder,23-078,3004.0,1.0,2.0,1.2283621837549932,37.270306258322236,77.0,2.4866844207723036,1.348202396804261,0.08988015978695073,0,0.126,Low,2,Defensive,0.6166019619899593,1.3675527742043154
Ben Godfrey,Everton,Premier League,DF,Defender,26-136,1120.0,0.0,0.0,1.2053571428571428,38.89285714285714,69.4,2.4107142857142856,1.2857142857142856,0.0,0,0.092,Low,2,Defensive,0.1529893294601665,1.718012037842014
André Gomes,Everton,Premier League,"MF,FW",Midfielder,30-305,508.0,1.0,0.0,1.4173228346456692,51.555118110236215,76.6,1.2401574803149606,0.5314960629921259,0.17716535433070865,1,0.248,High,0,Attacking,-0.4384537137239204,-0.6162823612016356
Jack Harrison,Everton,Premier League,"MF,FW",Midfielder,27-192,2214.0,3.0,3.0,1.3821138211382114,25.65040650406504,64.8,1.5040650406504064,0.4878048780487805,0.24390243902439024,1,0.248,High,0,Attacking,-1.7433762429971045,0.9846678538306509
Dwight McNeil,Everton,Premier League,"MF,FW",Midfielder,24-190,2892.0,3.0,6.0,1.7738589211618256,39.398340248962654,69.0,1.3692946058091287,0.6846473029045643,0.2800829875518672,1,0.309,High,0,Attacking,-1.1880479675873878,0.3774901817219642
Vitaliy Mykolenko,Everton,Premier League,DF,Defender,25-001,2469.0,2.0,0.0,0.9477521263669502,42.50303766707169,74.5,2.5151883353584448,1.3122721749696233,0.07290400972053462,0,0.089,Low,2,Defensive,0.7452691223235705,1.4196996849187438
Amadou Onana,Everton,Premier League,MF,Midfielder,22-288,2091.0,2.0,0.0,1.2482065997130558,44.59110473457675,84.1,3.055954088952654,0.9038737446197991,0.0860832137733142,0,0.111,Low,2,Defensive,1.0730078673132146,0.8610199467523904
Nathan Patterson,Everton,Premier League,DF,Defender,22-227,1005.0,0.0,2.0,0.35820895522388063,49.25373134328358,71.5,3.0447761194029854,0.8059701492537313,0.17910447761194032,1,0.103,Low,2,Defensive,0.8429048150031384,1.5543232650060101
James Tarkowski,Everton,Premier League,DF,Defender,31-193,3419.0,1.0,1.0,0.6580871599883007,40.80140391927464,77.1,1.6057326703714536,1.4741152383737937,0.05264697279906406,0,0.069,Low,2,Defensive,0.7061039975463005,0.6776977295161095
Ashley Young,Everton,Premier League,"DF,MF",Defender,38-326,2280.0,0.0,0.0,0.5131578947368421,41.526315789473685,68.7,2.0921052631578947,0.868421052631579,0.0,0,0.131,Low,2,Defensive,-0.00604290432868104,1.172818619914475
Antonín Barák,Fiorentina,Serie A,"MF,FW",Midfielder,29-179,805.0,2.0,3.0,2.2360248447204967,43.378881987577635,86.3,0.670807453416149,0.2236024844720497,0.5590062111801242,1,0.563,High,0,Attacking,-1.088577800803461,-1.8126584629514162
Andrea Belotti,Fiorentina,Serie A,FW,Forward,30-162,859.0,1.0,0.0,3.2479627473806754,17.91618160651921,64.9,0.7334109429569267,0.10477299185098952,0.10477299185098952,0,0.494,High,0,Attacking,-3.605112725372734,0.10847278593980272
Lucas Beltrán,Fiorentina,Serie A,"FW,MF",Forward,23-062,1616.0,6.0,2.0,1.5594059405940595,24.003712871287128,78.0,1.448019801980198,0.11138613861386139,0.44554455445544555,1,0.36,High,0,Attacking,-1.5119894586009202,-0.1809107665373829
Cristiano Biraghi,Fiorentina,Serie A,DF,Defender,31-272,2266.0,2.0,4.0,0.6354810238305384,71.1341571050309,75.3,1.827007943512798,0.5560458958517212,0.2383053839364519,1,0.222,Low,1,Playmaking,0.7381297902653347,-0.4513619141759315
Giacomo Bonaventura,Fiorentina,Serie A,MF,Midfielder,34-282,2277.0,8.0,3.0,2.015810276679842,44.50592885375494,82.4,1.0276679841897234,0.5533596837944664,0.43478260869565216,1,0.44,High,0,Attacking,-0.691319695515931,-1.0262790490220355
Josip Brekalo,Fiorentina,Serie A,FW,Forward,25-342,652.0,1.0,0.0,1.2423312883435582,40.168711656441715,80.4,1.1042944785276074,0.13803680981595093,0.13803680981595093,0,0.17,High,0,Attacking,-0.8941629366486489,-0.9790774072791621
Dodô,Fiorentina,Serie A,DF,Defender,25-195,523.0,0.0,0.0,0.3441682600382409,59.7131931166348,80.1,0.8604206500956023,0.8604206500956023,0.0,0,0.06,Low,1,Playmaking,0.6501298603813591,-1.0392003585957343
Alfred Duncan,Fiorentina,Serie A,MF,Midfielder,31-081,1812.0,2.0,5.0,1.0927152317880795,49.22185430463576,77.9,1.6887417218543046,0.49668874172185434,0.347682119205298,1,0.269,High,2,Defensive,-0.09126633589573824,-0.27428170336184476
Nicolás González,Fiorentina,Serie A,FW,Forward,26-054,1826.0,11.0,2.0,3.9923329682365827,36.81818181818182,71.0,1.380065717415115,0.5914567360350493,0.6407447973713035,1,0.624,High,0,Attacking,-2.33082085771465,0.08952421469108368
Jonathan Ikone,Fiorentina,Serie A,FW,Forward,26-028,1668.0,3.0,1.0,2.1043165467625897,25.467625899280574,82.0,1.1870503597122302,0.1079136690647482,0.2158273381294964,1,0.396,High,0,Attacking,-1.641895002160929,-0.7378075316773979
Michael Kayode,Fiorentina,Serie A,DF,Defender,19-325,1971.0,1.0,1.0,0.31963470319634707,57.21461187214612,81.3,2.2831050228310503,0.7762557077625571,0.09132420091324202,0,0.13,Low,2,Defensive,1.2534861044278653,0.06370755446096792
Christian Kouamé,Fiorentina,Serie A,FW,Forward,26-176,1064.0,2.0,1.0,2.0300751879699246,36.879699248120296,72.5,0.8458646616541353,0.16917293233082706,0.2537593984962406,1,0.396,High,0,Attacking,-1.9168850151891956,-0.6279244831789341
Maxime Lopez,Fiorentina,Serie A,MF,Midfielder,26-178,710.0,0.0,0.0,0.5070422535211268,77.95774647887323,88.5,2.2816901408450705,0.2535211267605634,0.0,0,0.097,Low,1,Playmaking,1.674400644284553,-1.3243403180204685
Rolando Mandragora,Fiorentina,Serie A,MF,Midfielder,26-336,1588.0,3.0,3.0,1.7002518891687657,43.12972292191436,79.6,1.473551637279597,0.5100755667506297,0.34005037783375314,1,0.19,High,0,Attacking,-0.5609776598086833,-0.44814835673157427
Lucas Martínez Quarta,Fiorentina,Serie A,DF,Defender,28-020,2201.0,5.0,0.0,0.9813721035892776,66.20172648796002,81.7,2.780554293502953,1.1449341208541572,0.2044525215810995,1,0.186,Low,2,Defensive,1.7835175923924296,0.456770445949899
Arthur Melo,Fiorentina,Serie A,MF,Midfielder,27-292,1986.0,2.0,3.0,0.4984894259818731,68.06646525679758,91.3,2.0392749244712993,0.8157099697885196,0.22658610271903323,1,0.167,Low,1,Playmaking,1.9598110853982977,-1.045303578099046
Nikola Milenković,Fiorentina,Serie A,DF,Defender,26-231,2510.0,0.0,0.0,0.35856573705179284,56.79681274900398,84.7,1.4701195219123506,0.9681274900398407,0.0,0,0.038,Low,1,Playmaking,1.2067920817278834,-0.6835248802086101
M'Bala Nzola,Fiorentina,Serie A,FW,Forward,27-286,1552.0,3.0,3.0,1.797680412371134,20.006443298969074,82.0,0.6378865979381444,0.0,0.34793814432989695,1,0.356,High,0,Attacking,-2.006678524599809,-1.1177446625950087
Fabiano Parisi,Fiorentina,Serie A,DF,Defender,23-203,1454.0,0.0,1.0,0.7427785419532325,61.96011004126548,82.9,1.8569463548830811,1.0522696011004127,0.06189821182943604,0,0.138,Low,1,Playmaking,1.324383745624295,-0.33629792233530015
Luca Ranieri,Fiorentina,Serie A,DF,Defender,25-037,1975.0,2.0,1.0,0.4556962025316456,60.698734177215194,83.9,0.5468354430379747,1.2759493670886077,0.13670886075949368,0,0.105,Low,1,Playmaking,1.074306356424494,-1.2708508723889007
Riccardo Sottil,Fiorentina,Serie A,FW,Forward,24-362,1103.0,2.0,3.0,2.7742520398912056,34.3517679057117,78.6,0.8159564823209429,0.16319129646418856,0.40797824116047143,1,0.479,High,0,Attacking,-2.034864874067771,-1.048636620261365
Ritsu Doan,Freiburg,Bundesliga,"DF,MF",Defender,25-349,2246.0,7.0,2.0,1.4826357969723953,28.570792520035617,70.7,2.0035618878005343,0.3606411398040962,0.3606411398040962,1,0.21,High,0,Attacking,-1.2591699220949941,0.838280437692078
Maximilian Eggestein,Freiburg,Bundesliga,MF,Midfielder,27-174,2914.0,1.0,2.0,1.2045298558682223,41.07755662319835,81.2,1.5133836650652024,0.8647906657515442,0.09265614275909403,0,0.15,Low,2,Defensive,0.06420593657639144,-0.1689641663380239
Matthias Ginter,Freiburg,Bundesliga,DF,Defender,30-132,1913.0,0.0,2.0,0.3293256664924203,58.80815473078933,83.1,1.3643491897543125,0.7527443805541034,0.09409304756926293,0,0.107,Low,1,Playmaking,0.9388724590150254,-0.8746316885755634
Michael Gregoritsch,Freiburg,Bundesliga,FW,Forward,30-042,1682.0,7.0,4.0,3.9595719381688466,23.543400713436384,60.9,0.8561236623067776,0.4815695600475624,0.5885850178359096,1,0.506,High,0,Attacking,-3.6135558621599593,0.5642332689923867
Vincenzo Grifo,Freiburg,Bundesliga,"MF,FW",Midfielder,31-053,2325.0,8.0,8.0,1.6258064516129034,51.67741935483871,72.7,1.2,0.5806451612903226,0.6193548387096774,1,0.478,High,0,Attacking,-0.7310785452141019,-0.37514178584010877
Manuel Gulde,Freiburg,Bundesliga,DF,Defender,33-108,2047.0,1.0,0.0,0.5276013678553981,48.14362481680508,86.0,1.626770884220811,1.099169516365413,0.04396678065461651,0,0.065,Low,1,Playmaking,1.1438160708000629,-0.3399611176998141
Christian Günter,Freiburg,Bundesliga,DF,Defender,31-092,1060.0,1.0,2.0,0.5094339622641509,42.87735849056603,76.6,1.6981132075471697,0.16981132075471697,0.25471698113207547,1,0.173,Low,2,Defensive,-0.3562929749533431,-0.2270529086807266
Nicolas Höfler,Freiburg,Bundesliga,MF,Midfielder,34-082,2330.0,1.0,1.0,0.6180257510729613,44.53648068669528,85.4,2.4334763948497855,1.1974248927038627,0.07725321888412016,0,0.098,Low,2,Defensive,1.4349239676073449,0.5248297530298749
Lucas Höler,Freiburg,Bundesliga,"FW,MF",Forward,29-325,2305.0,7.0,2.0,1.2494577006507592,28.85466377440347,66.8,1.2494577006507592,0.5856832971800434,0.35140997830802606,1,0.276,High,0,Attacking,-1.502839087302297,0.6458182490726057
Yannik Keitel,Freiburg,Bundesliga,"DF,MF",Defender,24-105,920.0,1.0,0.0,0.5869565217391305,54.78260869565218,79.1,1.956521739130435,1.173913043478261,0.09782608695652174,0,0.12,Low,2,Defensive,1.1421218355693425,0.27441732318255824
Lukas Kübler,Freiburg,Bundesliga,DF,Defender,31-274,1847.0,1.0,0.0,0.38982133188955065,50.189496480779646,78.2,2.4363833243096913,1.8029236599891716,0.04872766648619383,0,0.071,Low,2,Defensive,1.8687945958987138,1.3287824830502797
Philipp Lienhart,Freiburg,Bundesliga,DF,Defender,27-324,1265.0,1.0,0.0,0.4980237154150198,69.86561264822134,82.9,1.4229249011857708,0.9960474308300395,0.07114624505928854,0,0.092,Low,1,Playmaking,1.4147654032870804,-0.9156851544495364
Jordy Makengo,Freiburg,Bundesliga,DF,Defender,22-301,1026.0,0.0,0.0,0.2631578947368421,47.80701754385965,82.4,1.4912280701754386,0.9649122807017544,0.0,0,0.02,Low,1,Playmaking,0.8738960362023942,-0.2892802903268758
Merlin Röhl,Freiburg,Bundesliga,"MF,FW",Midfielder,21-330,1477.0,2.0,4.0,1.4624238320920786,27.907921462423833,79.7,1.2796208530805686,0.5484089370345294,0.3656059580230196,1,0.337,High,0,Attacking,-0.9301869347773505,-0.19510422439346484
Roland Sallai,Freiburg,Bundesliga,"MF,FW",Midfielder,27-008,1840.0,3.0,2.0,2.690217391304348,28.760869565217394,70.7,0.8315217391304348,0.29347826086956524,0.24456521739130438,1,0.388,High,0,Attacking,-2.4696147954614918,-0.2765346868346292
Kiliann Sildillia,Freiburg,Bundesliga,DF,Defender,22-014,1806.0,0.0,1.0,0.3488372093023256,58.15614617940199,72.6,2.142857142857143,1.0963455149501662,0.04983388704318937,0,0.092,Low,2,Defensive,1.0074265756603709,0.7316049036902286
Noah Weißhaupt,Freiburg,Bundesliga,"DF,FW",Defender,22-253,759.0,1.0,2.0,0.3557312252964427,46.48221343873518,72.4,1.0671936758893281,0.9486166007905138,0.3557312252964427,1,0.148,Low,2,Defensive,0.011563291747377755,0.02837674256133956
Jaime Báez,Frosinone,Serie A,"FW,MF",Forward,29-035,500.0,1.0,0.0,1.62,36.36,69.8,0.72,0.72,0.18,1,0.284,High,0,Attacking,-1.4284435500223303,-0.10175101696992606
Enzo Barrenechea,Frosinone,Serie A,MF,Midfielder,23-008,2811.0,0.0,1.0,0.6403415154749199,60.92849519743863,85.3,2.08110992529349,0.8644610458911419,0.032017075773746,0,0.107,Low,1,Playmaking,1.4123135395084219,-0.4150502222289797
Marco Brescianini,Frosinone,Serie A,MF,Midfielder,24-131,2321.0,4.0,2.0,1.2020680741059888,31.17621714778113,78.6,1.085738905644119,0.38776389487289964,0.23265833692373977,1,0.235,High,0,Attacking,-1.0102304361368855,-0.4656099285779963
Walid Cheddira,Frosinone,Serie A,FW,Forward,26-129,2120.0,7.0,1.0,2.5047169811320753,16.34433962264151,68.1,0.5094339622641509,0.2122641509433962,0.33962264150943394,1,0.436,High,0,Attacking,-3.107897820129686,-0.11490460215080169
Marvin Cuni,Frosinone,Serie A,FW,Forward,22-325,534.0,1.0,0.0,1.6853932584269662,19.382022471910112,71.3,1.348314606741573,0.16853932584269662,0.16853932584269662,1,0.279,High,0,Attacking,-2.078042032079156,0.3231912275423516
Luca Garritano,Frosinone,Serie A,"MF,DF",Midfielder,30-109,485.0,0.0,0.0,2.22680412371134,40.824742268041234,66.8,1.8556701030927834,0.7422680412371133,0.0,0,0.259,High,0,Attacking,-1.211704771087269,0.900882307619849
Francesco Gelli,Frosinone,Serie A,"MF,DF",Midfielder,27-228,1561.0,0.0,0.0,0.5765534913516976,42.83792440743113,81.3,1.0954516335682254,0.6342088404868673,0.0,0,0.049,Low,1,Playmaking,0.019670071064313087,-0.6928100086430854
Abdou Harroui,Frosinone,Serie A,"MF,FW",Midfielder,26-138,1019.0,3.0,3.0,2.8263002944062805,33.82728164867517,79.1,2.031403336604514,0.44160942100098133,0.5299313052011776,1,0.472,High,0,Attacking,-1.2136379294017523,0.14471232123862282
Arijon Ibrahimović,Frosinone,Serie A,"FW,DF",Forward,18-171,474.0,1.0,1.0,2.278481012658228,42.721518987341774,72.4,1.3291139240506329,0.189873417721519,0.379746835443038,1,0.468,High,0,Attacking,-1.6301363131295337,-0.36645008054178735
Kaio Jorge,Frosinone,Serie A,FW,Forward,22-127,812.0,3.0,0.0,2.770935960591133,17.623152709359605,73.0,0.6650246305418719,0.11083743842364532,0.33251231527093594,1,0.492,High,0,Attacking,-2.9480783776627355,-0.4335070084912466
Pol Lirola,Frosinone,Serie A,DF,Defender,26-291,1536.0,2.0,1.0,0.52734375,42.3046875,77.0,1.7578125,1.11328125,0.17578125,1,0.124,Low,2,Defensive,0.5453166917149482,0.513502084564494
Riccardo Marchizza,Frosinone,Serie A,DF,Defender,26-065,1148.0,0.0,4.0,0.627177700348432,43.745644599303134,75.8,0.548780487804878,0.548780487804878,0.313588850174216,1,0.207,Low,0,Attacking,-0.6269382818354023,-0.875705358330758
Luca Mazzitelli,Frosinone,Serie A,MF,Midfielder,28-197,2210.0,5.0,0.0,1.9954751131221717,53.30769230769231,74.4,1.832579185520362,0.7737556561085972,0.20361990950226244,1,0.265,High,2,Defensive,-0.2931643617643686,0.11596216161895163
Ilario Monterisi,Frosinone,Serie A,DF,Defender,22-163,1469.0,2.0,2.0,0.3063308373042886,61.08236895847515,80.4,1.4091218515997277,0.4901293396868618,0.2450646698434309,1,0.181,Low,1,Playmaking,0.6409175874773804,-0.9107908045744955
Caleb Okoli,Frosinone,Serie A,DF,Defender,22-322,2914.0,0.0,1.0,0.4015099519560741,53.122855181880574,81.8,1.7295813315030883,0.8956760466712422,0.03088538091969801,0,0.049,Low,1,Playmaking,0.9725402192033742,-0.2446038809955507
Anthony Oyono,Frosinone,Serie A,DF,Defender,23-048,1198.0,0.0,1.0,0.30050083472454087,46.65275459098497,83.4,2.7796327212020033,0.676126878130217,0.07512520868113522,0,0.058,Low,2,Defensive,1.220289491500929,0.524928105692941
Reinier,Frosinone,Serie A,"MF,FW",Midfielder,22-132,1059.0,2.0,2.0,1.1898016997167138,34.079320113314445,79.3,1.7847025495750708,0.8498583569405098,0.3399433427762039,1,0.187,Low,2,Defensive,-0.12150280503675594,0.3431742400372047
Simone Romagnoli,Frosinone,Serie A,DF,Defender,34-111,2715.0,1.0,1.0,0.39779005524861877,47.10497237569061,85.9,1.160220994475138,0.9613259668508287,0.06629834254143646,0,0.065,Low,1,Playmaking,0.8238879500940451,-0.7887397125272796
Matìas Soulé,Frosinone,Serie A,"FW,MF",Forward,21-045,3121.0,11.0,3.0,2.220442165972445,44.26465876321692,78.0,1.1823133611022107,0.519064402435117,0.4037167574495354,1,0.476,High,0,Attacking,-1.0058607027720965,-0.6436818711520149
Emanuele Valeri,Frosinone,Serie A,DF,Defender,25-175,1178.0,0.0,1.0,1.4516129032258065,42.78438030560272,60.9,1.4516129032258065,0.6876061120543294,0.07640067911714771,0,0.191,High,0,Attacking,-1.3451504750640348,0.9191350186392506
Nadir Zortea,Frosinone,Serie A,DF,Defender,24-346,1258.0,1.0,5.0,0.7154213036565977,40.92209856915739,73.1,1.5023847376788553,0.2861685214626391,0.4292527821939586,1,0.234,Low,0,Attacking,-0.6959929137414035,-0.03978539916950921
Tosin Adarabioyo,Fulham,Premier League,DF,Defender,26-249,1617.0,2.0,0.0,0.7792207792207793,67.6808905380334,84.5,1.168831168831169,1.391465677179963,0.11131725417439704,0,0.108,Low,1,Playmaking,1.5496291450583577,-0.9027975883735412
Calvin Bassey,Fulham,Premier League,DF,Defender,24-151,2303.0,1.0,0.0,0.19539730785931395,65.4190186712983,86.0,1.9148936170212767,1.094224924012158,0.03907946157186279,0,0.077,Low,1,Playmaking,1.935745666123851,-0.5059764962705039
Tom Cairney,Fulham,Premier League,MF,Midfielder,33-131,1488.0,1.0,4.0,1.0282258064516128,76.93548387096773,88.5,1.4516129032258063,0.7862903225806451,0.30241935483870963,1,0.183,High,1,Playmaking,1.4884914735840928,-1.6280610597024323
Timothy Castagne,Fulham,Premier League,DF,Defender,28-177,2634.0,1.0,3.0,0.4783599088838269,56.78815489749431,81.2,1.674259681093394,1.2984054669703873,0.1366742596810934,0,0.099,Low,1,Playmaking,1.3536030556803942,-0.046291571464027126
Issa Diop,Fulham,Premier League,DF,Defender,27-142,1424.0,0.0,0.0,0.31601123595505615,68.25842696629213,88.0,1.896067415730337,1.074438202247191,0.0,0,0.076,Low,1,Playmaking,2.04260581273641,-0.7461701115805632
Alex Iwobi,Fulham,Premier League,"FW,MF",Forward,28-027,2192.0,5.0,2.0,2.093978102189781,43.152372262773724,78.1,1.1906934306569343,0.5748175182481752,0.2874087591240876,1,0.47,High,0,Attacking,-0.9136944419748988,-0.5651614723312479
Raúl Jiménez,Fulham,Premier League,FW,Forward,33-025,1395.0,7.0,0.0,2.6451612903225805,24.64516129032258,68.6,1.1612903225806452,0.25806451612903225,0.45161290322580644,1,0.418,High,0,Attacking,-2.560223458459512,0.21315120986183922
Saša Lukić,Fulham,Premier League,MF,Midfielder,27-291,1122.0,1.0,0.0,1.0427807486631016,39.786096256684495,86.3,2.6470588235294117,1.2834224598930482,0.08021390374331551,0,0.082,Low,2,Defensive,1.3197135089515728,0.7937421802427077
Rodrigo Muniz,Fulham,Premier League,FW,Forward,23-026,1593.0,9.0,1.0,4.124293785310734,12.542372881355933,61.3,0.3954802259887006,0.33898305084745767,0.5649717514124294,1,0.704,High,0,Attacking,-4.338687390254191,0.3081662530674898
João Palhinha,Fulham,Premier League,MF,Midfielder,28-326,2699.0,4.0,1.0,1.5005557613931086,44.44979622082253,82.4,5.068543905150056,1.5339014449796222,0.16672841793256762,0,0.174,Low,2,Defensive,2.386041632074074,3.0991453007478773
Andreas Pereira,Fulham,Premier League,MF,Midfielder,28-150,2613.0,3.0,7.0,1.7910447761194028,44.60390355912744,70.4,0.8610792192881744,0.1377726750861079,0.3444316877152698,1,0.38,High,0,Attacking,-1.7169622625937693,-0.6740160232550807
Tim Ream,Fulham,Premier League,DF,Defender,36-238,1503.0,1.0,0.0,0.059880239520958084,63.473053892215574,89.1,1.1976047904191618,1.4970059880239521,0.059880239520958084,0,0.044,Low,1,Playmaking,2.1559977419818663,-0.9464206921092623
Harrison Reed,Fulham,Premier League,MF,Midfielder,29-124,1325.0,0.0,2.0,0.6113207547169812,50.80754716981132,83.8,1.969811320754717,0.7471698113207548,0.13584905660377358,0,0.126,Low,1,Playmaking,0.8904537884118755,-0.2452997208121527
Bobby Reid,Fulham,Premier League,FW,Forward,31-118,1423.0,6.0,2.0,2.0871398453970484,30.801124385101897,74.7,1.3914265635980323,0.3162333099086437,0.5059732958538299,1,0.507,High,0,Attacking,-1.6008967602423403,-0.06389277396903564
Antonee Robinson,Fulham,Premier League,DF,Defender,26-296,3265.0,0.0,6.0,0.44104134762633995,56.618683001531394,73.7,2.5635528330781012,2.2052067381316998,0.16539050535987748,0,0.132,Low,2,Defensive,2.2084002326703427,1.8678534381957312
Kenny Tete,Fulham,Premier League,DF,Defender,28-234,867.0,1.0,0.0,0.4152249134948097,54.29065743944637,79.9,2.8027681660899657,1.6608996539792389,0.10380622837370243,0,0.098,Low,2,Defensive,2.1110086598050573,1.3125955909876645
Willian,Fulham,Premier League,FW,Forward,35-295,2053.0,4.0,2.0,1.885046273745738,50.19483682415977,81.4,0.7890891378470531,0.3945445689235266,0.26302971261568436,1,0.344,High,0,Attacking,-0.7800263890633637,-1.4080276209723694
Harry Wilson,Fulham,Premier League,FW,Forward,27-069,1620.0,4.0,6.0,2.2222222222222223,35.111111111111114,75.6,1.1666666666666667,0.5555555555555556,0.5555555555555556,1,0.52,High,0,Attacking,-1.3777882652952522,-0.2467110656559653
Milan Badelj,Genoa,Serie A,MF,Midfielder,35-095,2535.0,1.0,3.0,0.7455621301775147,49.95266272189349,80.7,1.8106508875739644,1.7751479289940828,0.14201183431952663,0,0.12,Low,2,Defensive,1.5042653720498678,0.6047905524732552
Mattia Bani,Genoa,Serie A,DF,Defender,30-172,2306.0,2.0,0.0,0.35125758889852554,44.96097137901127,83.5,1.0147441457068516,0.8586296617519514,0.07805724197745012,0,0.082,Low,1,Playmaking,0.4862164458517879,-0.7726260271147628
Koni De Winter,Genoa,Serie A,DF,Defender,21-353,2380.0,0.0,1.0,0.41596638655462187,47.9873949579832,88.4,1.6638655462184875,0.7941176470588236,0.03781512605042017,0,0.046,Low,1,Playmaking,1.0639747681535856,-0.6824562031405245
Radu Drăgușin,Genoa,Serie A,DF,Defender,22-117,1710.0,2.0,1.0,0.8947368421052632,37.94736842105263,82.1,0.8421052631578947,1.105263157894737,0.15789473684210525,0,0.152,Low,1,Playmaking,0.08418548719532157,-0.5063831723113017
Caleb Ekuban,Genoa,Serie A,FW,Forward,30-068,1131.0,4.0,1.0,2.1485411140583555,16.790450928381965,65.4,0.636604774535809,0.07957559681697612,0.3978779840848806,1,0.403,High,0,Attacking,-3.133435783898688,0.08335572024800889
Morten Frendrup,Genoa,Serie A,MF,Midfielder,23-053,3145.0,2.0,5.0,0.8585055643879174,35.02702702702703,80.0,3.8060413354531004,1.4594594594594594,0.20031796502384738,1,0.149,Low,2,Defensive,1.6323059602187664,2.431087313449224
Albert Guðmundsson,Genoa,Serie A,"FW,MF",Forward,26-350,3016.0,14.0,4.0,1.5517241379310345,36.19694960212201,74.8,0.6863395225464191,0.3282493368700265,0.5371352785145889,1,0.482,High,0,Attacking,-1.497715085122226,-0.7412093511488898
Ridgeciano Haps,Genoa,Serie A,DF,Defender,30-353,773.0,0.0,1.0,0.4657179818887452,25.73091849935317,72.9,0.815006468305304,0.6985769728331177,0.1164294954721863,0,0.095,Low,0,Attacking,-0.961529324105492,0.1026528951488732
Ruslan Malinovskyi,Genoa,Serie A,MF,Midfielder,31-026,1544.0,4.0,1.0,2.273316062176166,41.910621761658035,79.7,2.040155440414508,0.2914507772020726,0.2914507772020725,1,0.466,High,0,Attacking,-0.8092156639046476,-0.15875229604665866
Aarón Martín,Genoa,Serie A,DF,Defender,27-038,1376.0,0.0,1.0,0.3270348837209302,40.48691860465116,69.6,1.3735465116279069,0.5886627906976744,0.06540697674418604,0,0.092,Low,2,Defensive,-0.49290650320758994,0.3473391575120792
Junior Messias,Genoa,Serie A,"MF,DF",Midfielder,33-017,1053.0,1.0,0.0,1.8803418803418805,28.803418803418804,72.7,2.2222222222222223,0.4273504273504274,0.08547008547008547,0,0.227,High,0,Attacking,-1.17169140534484,0.9040871795779727
Mateo Retegui,Genoa,Serie A,FW,Forward,25-031,2216.0,7.0,2.0,2.5180505415162453,16.732851985559567,64.3,0.6904332129963898,0.0,0.3655234657039711,1,0.445,High,0,Attacking,-3.428577235091194,0.11560323501153744
Stefano Sabelli,Genoa,Serie A,DF,Defender,31-138,2429.0,0.0,1.0,0.3334705640181145,36.20008233841087,62.5,1.8526142445450804,0.852202552490737,0.03705228489090161,0,0.073,Low,2,Defensive,-0.5469384083296712,1.5126441033371039
Djed Spence,Genoa,Serie A,DF,Defender,23-295,859.0,0.0,0.0,0.20954598370197905,35.83236321303842,79.5,1.6763678696158324,0.8381839348079162,0.0,0,0.017,Low,2,Defensive,0.36387662988890146,0.2587855299142088
Kevin Strootman,Genoa,Serie A,MF,Midfielder,34-107,1207.0,0.0,2.0,0.07456503728251863,49.95857497928749,82.1,2.5352112676056335,0.5219552609776305,0.14913007456503727,0,0.058,Low,2,Defensive,1.0950924017436159,0.22701250444290616
Morten Thorsby,Genoa,Serie A,MF,Midfielder,28-025,1157.0,2.0,2.0,1.0112359550561798,25.825410544511666,62.0,1.4779602420051858,0.3111495246326707,0.3111495246326707,1,0.24,High,0,Attacking,-1.888416149908692,1.037141501639227
Johan Vásquez,Genoa,Serie A,DF,Defender,25-221,2850.0,1.0,1.0,1.0736842105263158,44.02105263157895,76.7,1.6105263157894736,1.4210526315789473,0.06315789473684211,0,0.12,Low,2,Defensive,0.5228875776194402,0.5590895959417918
Alessandro Vogliacco,Genoa,Serie A,DF,Defender,25-259,1169.0,0.0,1.0,0.3849443969204448,48.19503849443969,78.9,1.7707442258340462,2.309666381522669,0.07698887938408897,0,0.071,Low,2,Defensive,2.0088651305464906,1.1580475955244292
Omar Alderete,Getafe,La Liga,DF,Defender,27-156,2195.0,0.0,1.0,0.9840546697038725,43.29840546697039,64.2,1.1480637813211845,0.5330296127562643,0.04100227790432802,0,0.129,High,0,Attacking,-1.2002052288351355,0.3562566960837724
Carles Aleñá,Getafe,La Liga,MF,Midfielder,26-146,1020.0,1.0,1.0,1.4117647058823528,34.94117647058823,77.8,2.1176470588235294,0.3529411764705882,0.1764705882352941,1,0.194,High,2,Defensive,-0.5950580106527712,0.30977071041781207
Gastón Álvarez,Getafe,La Liga,DF,Defender,24-067,2537.0,2.0,0.0,0.4966495861253449,36.078044934962556,74.1,2.412297989751675,1.2416239653133623,0.07094994087504927,0,0.078,Low,2,Defensive,0.6478363772656274,1.4984670912494418
Carmona,Getafe,La Liga,"DF,MF",Defender,22-122,1313.0,1.0,1.0,0.8225437928408226,39.07083015993907,73.5,2.0563594821020565,1.4394516374714394,0.1370906321401371,0,0.137,Low,2,Defensive,0.5535515095629864,1.2928496388610904
Djené,Getafe,La Liga,"DF,MF",Defender,32-151,2484.0,0.0,0.0,0.21739130434782608,40.61594202898551,76.8,1.2318840579710144,0.8333333333333333,0.0,0,0.039,Low,2,Defensive,0.13035366827121847,-0.055136253930840366
Domingos Duarte,Getafe,La Liga,DF,Defender,29-081,907.0,0.0,0.0,0.09922822491730982,37.70672546857773,77.4,0.6945975744211688,0.7938257993384785,0.0,0,0.032,Low,2,Defensive,-0.15178112305073665,-0.4899081995774
Mason Greenwood,Getafe,La Liga,"MF,FW",Midfielder,22-242,2662.0,8.0,6.0,3.3471074380165287,35.02629601803155,75.0,0.371900826446281,0.135236664162284,0.473328324567994,1,0.51,High,0,Attacking,-2.738227184013902,-1.2598974612960565
Iglesias,Getafe,La Liga,"DF,FW",Defender,25-332,1412.0,0.0,2.0,0.9560906515580737,40.47450424929178,60.2,2.613314447592068,1.019830028328612,0.1274787535410765,0,0.156,Low,2,Defensive,-0.34664211678780094,2.270128959394054
Jordi,Getafe,La Liga,"MF,DF",Midfielder,23-146,573.0,0.0,0.0,1.099476439790576,38.010471204188484,62.0,2.513089005235602,1.256544502617801,0.0,0,0.105,Low,2,Defensive,-0.21475245906622564,2.295951948266759
Juanmi Latasa,Getafe,La Liga,FW,Forward,23-068,1555.0,2.0,0.0,2.5466237942122185,21.29903536977492,52.2,0.5209003215434084,0.2315112540192926,0.1157556270096463,0,0.272,High,0,Attacking,-3.8577729236159675,0.8268416508607689
Nemanja Maksimović,Getafe,La Liga,MF,Midfielder,29-125,3265.0,4.0,0.0,0.9372128637059725,28.55742725880551,81.5,1.7917304747320062,1.2679938744257273,0.11026033690658499,0,0.091,Low,2,Defensive,0.3607571729865204,0.6710683061017282
Jaime Mata,Getafe,La Liga,"FW,MF",Forward,35-219,1787.0,5.0,1.0,1.6116396194739788,26.239507554560717,65.3,1.208729714605484,0.8561835478455513,0.302182428651371,1,0.331,High,0,Attacking,-1.6098641996303513,0.9506847966100683
Borja Mayoral,Getafe,La Liga,FW,Forward,27-055,2153.0,15.0,1.0,1.7974918718067814,23.32559219693451,75.6,0.3762192289828147,0.1672085462145843,0.6688341848583372,1,0.54,High,0,Attacking,-2.2400412711672724,-0.8720948514857714
Luis Milla,Getafe,La Liga,MF,Midfielder,29-236,2115.0,0.0,1.0,0.6808510638297872,54.170212765957444,79.4,2.425531914893617,1.3617021276595744,0.0425531914893617,0,0.076,Low,2,Defensive,1.4913050514224788,0.7926567913843011
Stefan Mitrović,Getafe,La Liga,DF,Defender,34-008,699.0,1.0,0.0,0.12875536480686695,32.317596566523605,76.1,1.1587982832618027,0.7725321888412017,0.12875536480686695,0,0.083,Low,2,Defensive,-0.1941266749195158,0.09544931992034013
Ilaix Moriba,Getafe,La Liga,"MF,FW",Midfielder,21-132,605.0,0.0,2.0,0.5950413223140496,30.34710743801653,73.5,2.975206611570248,0.5950413223140496,0.2975206611570248,1,0.186,Low,2,Defensive,0.06698518576050938,1.6564692722369854
Diego Rico,Getafe,La Liga,DF,Defender,31-097,2535.0,0.0,7.0,0.6390532544378698,53.07692307692307,66.4,2.272189349112426,1.4556213017751478,0.2485207100591716,1,0.147,Low,2,Defensive,0.7639523994374144,1.618082280991888
Óscar Rodríguez Arnaiz,Getafe,La Liga,"MF,FW",Midfielder,25-337,967.0,2.0,1.0,3.1644260599793177,41.13753877973113,75.3,2.2337125129265774,0.4653567735263703,0.27921406411582217,1,0.379,High,0,Attacking,-1.2675773737428666,0.375280403772854
Jesús Santiago,Getafe,La Liga,MF,Midfielder,20-005,656.0,1.0,0.0,0.6859756097560976,25.929878048780488,76.2,2.332317073170732,0.0,0.13719512195121952,0,0.126,Low,2,Defensive,-0.8098056593860556,0.6035962731509789
Damián Suárez,Getafe,La Liga,DF,Defender,36-033,1299.0,0.0,2.0,0.27713625866050806,44.20323325635104,68.3,2.4942263279445727,0.6928406466512702,0.13856812933025403,0,0.099,Low,2,Defensive,0.1925480548918922,1.3528809974591045
Daley Blind,Girona,La Liga,DF,Defender,34-082,2972.0,1.0,2.0,0.5148048452220726,78.28061911170929,89.1,1.4232839838492597,0.6359353970390309,0.0908479138627187,0,0.094,Low,1,Playmaking,1.662323347305915,-1.7993626299134196
Yan Couto,Girona,La Liga,"DF,FW",Defender,21-362,2245.0,1.0,8.0,1.1625835189309577,54.28062360801782,78.1,1.804008908685969,0.400890868596882,0.3608017817371938,1,0.267,High,2,Defensive,-0.003971553371423951,-0.3928387315526235
Artem Dovbyk,Girona,La Liga,FW,Forward,26-344,2587.0,24.0,8.0,2.6787785079242368,13.637417858523387,70.7,0.13915732508697334,0.0,1.1132586006957867,1,0.761,High,0,Attacking,-3.497959285661391,-0.6972017529747185
Valery Fernández,Girona,La Liga,"MF,FW",Midfielder,24-189,506.0,2.0,0.0,0.8893280632411068,39.30830039525692,85.1,1.956521739130435,0.17786561264822134,0.3557312252964427,1,0.204,Low,2,Defensive,-0.038989040087147805,-0.5034718476270057
Aleix García,Girona,La Liga,MF,Midfielder,26-337,3199.0,3.0,6.0,1.0972178805876835,82.57267896217569,87.5,1.3785557986870898,1.012816505157862,0.2532041262894654,1,0.274,High,1,Playmaking,1.7354715100267417,-1.5977904090664765
Eric García,Girona,La Liga,DF,Defender,23-142,2637.0,5.0,0.0,0.5460750853242321,78.70307167235495,89.5,1.8771331058020477,1.023890784982935,0.1706484641638225,1,0.179,Low,1,Playmaking,2.256563059316199,-1.1717989607943575
Miguel Gutiérrez,Girona,La Liga,DF,Defender,22-308,3032.0,2.0,7.0,1.0092348284960422,55.062664907651715,86.0,0.8608179419525066,0.6530343007915567,0.2671503957783641,1,0.19,Low,1,Playmaking,0.3265600738637144,-1.5140382483061665
Yangel Herrera,Girona,La Liga,MF,Midfielder,26-137,2107.0,5.0,0.0,2.2211675367821546,48.56668248694827,85.5,2.73374466065496,1.02515424774561,0.2135738016136687,1,0.413,High,2,Defensive,0.7435089493698314,0.42429138827709517
Juanpe,Girona,La Liga,DF,Defender,33-030,746.0,0.0,0.0,0.4825737265415549,66.3538873994638,90.9,1.327077747989276,0.8445040214477211,0.0,0,0.07,Low,1,Playmaking,1.5856703854465095,-1.545535679237681
David López,Girona,La Liga,DF,Defender,34-234,1965.0,3.0,0.0,0.732824427480916,72.45801526717558,92.8,1.5114503816793894,0.9160305343511451,0.13740458015267176,0,0.138,Low,1,Playmaking,1.897252927557744,-1.6320245266212818
Iván Martín,Girona,La Liga,MF,Midfielder,25-106,2729.0,5.0,4.0,0.6266031513374862,53.68999633565409,91.3,1.451080982044705,0.6925613777940638,0.29681201905459875,1,0.19,Low,1,Playmaking,1.0911926645656167,-1.2807550817327833
Arnau Martinez,Girona,La Liga,DF,Defender,21-035,1241.0,0.0,2.0,0.072522159548751,60.48348106365834,90.0,1.813053988718775,0.7252215954875101,0.145044319097502,0,0.109,Low,1,Playmaking,1.689267128502186,-0.9980016169217508
Portu,Girona,La Liga,"MF,FW",Midfielder,32-009,1188.0,7.0,5.0,1.590909090909091,23.333333333333336,75.3,1.3636363636363638,0.30303030303030304,0.9090909090909091,1,0.567,High,0,Attacking,-1.5607059952304827,0.08345371698063302
Sávio,Girona,La Liga,"FW,MF",Forward,20-050,2976.0,9.0,10.0,1.3608870967741935,32.177419354838705,76.3,1.2701612903225805,0.5443548387096774,0.5745967741935483,1,0.366,High,0,Attacking,-0.9569246737862908,-0.08081312025241613
Cristhian Stuani,Girona,La Liga,FW,Forward,37-231,804.0,9.0,3.0,3.8059701492537314,12.873134328358208,73.0,1.5671641791044775,0.5597014925373134,1.3432835820895521,1,0.611,High,0,Attacking,-2.7535312949083437,0.693083458673827
Pablo Torre,Girona,La Liga,"MF,FW",Midfielder,21-057,701.0,0.0,2.0,1.6690442225392297,55.07845934379458,83.0,0.6419400855920114,0.5135520684736091,0.25677603423680456,1,0.358,High,1,Playmaking,-0.4020185122492291,-1.651008975513972
Viktor Tsyhankov,Girona,La Liga,"MF,FW",Midfielder,26-197,2052.0,8.0,7.0,1.9298245614035088,40.35087719298245,78.9,1.2719298245614035,0.5263157894736842,0.6578947368421053,1,0.513,High,0,Attacking,-0.8742316350195003,-0.5055922148331276
Tomáš Čvančara,Gladbach,Bundesliga,FW,Forward,23-291,896.0,4.0,1.0,3.415178571428571,21.69642857142857,63.4,0.4017857142857143,0.20089285714285715,0.5022321428571429,1,0.523,High,0,Attacking,-3.7317187791053064,-0.10183529543180865
Nico Elvedi,Gladbach,Bundesliga,DF,Defender,27-243,2482.0,2.0,1.0,0.652699435938759,61.2812248186946,88.8,1.1966156325543915,1.5592264302981467,0.1087832393231265,0,0.078,Low,1,Playmaking,1.8396735010886105,-0.8698036128033148
Marvin Friedrich,Gladbach,Bundesliga,DF,Defender,28-169,1566.0,0.0,0.0,0.6896551724137931,52.01149425287357,83.4,1.3218390804597702,0.9770114942528736,0.0,0,0.059,Low,1,Playmaking,0.770333183765777,-0.6207144757405432
Robin Hack,Gladbach,Bundesliga,"FW,MF",Forward,25-277,1348.0,10.0,2.0,2.870919881305638,35.05192878338279,74.1,1.0014836795252224,0.9347181008902077,0.801186943620178,1,0.671,High,0,Attacking,-1.5115667574432676,-0.04761220351455524
Franck Honorat,Gladbach,Bundesliga,"DF,FW",Defender,27-293,2345.0,3.0,9.0,1.0746268656716418,46.32409381663113,66.4,0.9594882729211087,0.34541577825159914,0.46055437100213215,1,0.308,High,0,Attacking,-1.2980685216554915,-0.165714305269276
Ko Itakura,Gladbach,Bundesliga,"DF,MF",Defender,27-124,1596.0,3.0,0.0,1.1842105263157894,51.315789473684205,87.7,1.9172932330827066,1.2406015037593985,0.16917293233082706,1,0.176,Low,1,Playmaking,1.2737720897371525,-0.23005478697442452
Manu Koné,Gladbach,Bundesliga,MF,Midfielder,23-013,1561.0,1.0,0.0,1.3837283792440742,39.666880204996794,84.7,2.5944907110826394,0.8648302370275465,0.05765534913516976,0,0.118,High,2,Defensive,0.6436426031731154,0.5209083523723504
Stefan Lainer,Gladbach,Bundesliga,"DF,MF",Defender,31-277,751.0,0.0,1.0,0.3595206391478029,57.88282290279627,77.6,2.756324900133156,0.5992010652463382,0.11984021304926763,0,0.131,Low,2,Defensive,1.1043241020008339,0.547755584196574
Nathan N'Goumou,Gladbach,Bundesliga,"FW,MF",Forward,24-077,1385.0,5.0,2.0,2.014440433212996,28.91696750902527,73.9,2.404332129963899,0.3249097472924188,0.4548736462093863,1,0.404,High,0,Attacking,-1.1763282061825213,0.8876382457343064
Luca Netz,Gladbach,Bundesliga,DF,Defender,21-015,2225.0,0.0,4.0,0.6876404494382022,49.348314606741575,77.5,1.5370786516853934,0.8898876404494382,0.16179775280898878,0,0.119,Low,2,Defensive,0.38402544911148384,-0.05434695812918059
Florian Neuhaus,Gladbach,Bundesliga,MF,Midfielder,27-075,1224.0,4.0,2.0,2.794117647058824,41.69117647058824,82.9,1.1029411764705883,1.0294117647058825,0.4411764705882353,1,0.573,High,0,Attacking,-0.6520569930284389,-0.6278554832443706
Jordan Pefok,Gladbach,Bundesliga,FW,Forward,28-034,1420.0,5.0,3.0,2.2183098591549295,17.809859154929576,78.6,0.6338028169014084,0.3169014084507042,0.5070422535211268,1,0.495,High,0,Attacking,-2.1771277969491845,-0.6377039521092411
Alassane Pléa,Gladbach,Bundesliga,"FW,MF",Forward,31-081,1913.0,7.0,4.0,2.6816518557239934,36.414009409304754,69.9,0.7997909043387349,0.09409304756926293,0.5175117616309461,1,0.483,High,0,Attacking,-2.4910749617616896,-0.5871298916245544
Rocco Reitz,Gladbach,Bundesliga,MF,Midfielder,22-001,2136.0,6.0,3.0,1.3904494382022472,43.94662921348314,75.0,2.5702247191011236,1.8539325842696628,0.3792134831460674,1,0.231,Low,2,Defensive,1.124385398231276,1.769593320270161
Joe Scally,Gladbach,Bundesliga,DF,Defender,21-151,2236.0,1.0,4.0,0.44275491949910556,52.80858676207513,80.2,1.6502683363148478,0.7245080500894454,0.20125223613595705,1,0.116,Low,1,Playmaking,0.6565668913857289,-0.3285334796329647
Julian Weigl,Gladbach,Bundesliga,MF,Midfielder,28-265,2764.0,2.0,3.0,0.5535455861070911,47.963096960926194,89.0,2.149059334298119,1.5629522431259044,0.16280752532561504,0,0.111,Low,1,Playmaking,1.972488846605611,0.2457342951774739
Maximilian Wöber,Gladbach,Bundesliga,DF,Defender,26-116,2066.0,2.0,3.0,0.8276863504356244,64.69022265246853,82.4,2.8751210067763795,1.6553727008712489,0.21781219748305902,1,0.161,Low,2,Defensive,2.374526652486015,0.9187593224507821
Miguel Ángel Rubio,Granada,La Liga,DF,Defender,26-080,1560.0,1.0,0.0,0.5192307692307693,44.71153846153847,80.3,1.153846153846154,1.6153846153846154,0.057692307692307696,0,0.069,Low,2,Defensive,0.9843700625273978,0.11181092657581154
Lucas Boyé,Granada,La Liga,FW,Forward,28-092,2541.0,6.0,3.0,1.9834710743801651,22.349468713105075,71.9,1.7709563164108617,0.3541912632821724,0.3187721369539551,1,0.289,High,0,Attacking,-1.7344813912118706,0.6788020989621294
José Callejón,Granada,La Liga,"MF,FW",Midfielder,37-109,803.0,0.0,1.0,1.3449564134495642,41.2453300124533,77.7,1.4570361145703612,0.5603985056039851,0.112079701120797,0,0.202,High,0,Attacking,-0.506849494789542,-0.22768311112362763
Álvaro Carreras,Granada,La Liga,"MF,FW",Midfielder,21-068,475.0,0.0,0.0,1.3263157894736843,42.06315789473684,76.1,2.463157894736842,1.3263157894736843,0.0,0,0.116,Low,2,Defensive,0.6233960308236485,1.2656254755102176
Gerard Gumbau,Granada,La Liga,MF,Midfielder,29-164,2674.0,0.0,3.0,1.5145848915482423,50.620792819745695,71.7,1.8511593118922962,0.8414360508601346,0.10097232610321616,0,0.169,High,2,Defensive,-0.2120573807569695,0.4598010637348086
Martin Hongla,Granada,La Liga,"MF,DF",Midfielder,26-075,562.0,0.0,0.0,0.4804270462633452,45.320284697508896,83.7,1.1209964412811388,0.9608540925266904,0.0,0,0.067,Low,1,Playmaking,0.5889640115358745,-0.6393542899573802
Kamil Jóźwiak,Granada,La Liga,MF,Midfielder,26-038,571.0,0.0,1.0,0.6304728546409808,28.371278458844134,71.1,2.0490367775831877,0.3152364273204904,0.1576182136602452,0,0.136,Low,2,Defensive,-0.8405493487974751,0.8821530129800244
Óscar Melendo,Granada,La Liga,"MF,FW",Midfielder,26-281,1122.0,0.0,0.0,0.48128342245989303,32.80748663101604,80.2,1.1229946524064172,0.40106951871657753,0.0,0,0.062,Low,2,Defensive,-0.4861006650820152,-0.5179798327258571
Bruno Méndez,Granada,La Liga,DF,Defender,24-263,1333.0,2.0,0.0,0.5401350337584396,42.940735183795944,71.1,2.430607651912978,1.7554388597149286,0.1350337584396099,0,0.124,Low,2,Defensive,1.1401338828897514,1.9219256369911744
Ignasi Miquel,Granada,La Liga,DF,Defender,31-245,2992.0,1.0,1.0,0.6617647058823529,46.594251336898395,81.7,1.4137700534759357,1.3536096256684491,0.06016042780748663,0,0.072,Low,2,Defensive,0.9264115408459986,-0.01629145182084649
Carlos Neva,Granada,La Liga,DF,Defender,27-353,3146.0,0.0,2.0,0.11443102352193261,48.66179275270184,75.9,0.9154481881754609,0.8582326764144946,0.05721551176096631,0,0.073,Low,1,Playmaking,0.23482916961572853,-0.43096478241584846
Facundo Pellistri,Granada,La Liga,"MF,FW",Midfielder,22-162,1232.0,2.0,1.0,1.241883116883117,22.280844155844157,69.8,2.1185064935064934,0.29220779220779225,0.2191558441558442,1,0.198,High,0,Attacking,-1.3799637258070805,1.113882988164086
Kamil Piątkowski,Granada,La Liga,DF,Defender,23-344,505.0,0.0,0.0,0.712871287128713,40.990099009900995,85.7,3.207920792079208,1.425742574257426,0.0,0,0.054,Low,2,Defensive,1.8817233464763545,1.3990971385594362
Antonio Puertas,Granada,La Liga,"MF,FW",Midfielder,32-099,730.0,0.0,2.0,2.095890410958904,26.383561643835616,72.0,1.4794520547945207,0.7397260273972603,0.24657534246575344,1,0.259,High,0,Attacking,-1.4488727562531682,0.6106341164711054
Sergio Ruiz,Granada,La Liga,MF,Midfielder,29-166,2494.0,0.0,4.0,0.46912590216519645,46.299117882919006,84.2,2.9951884522854852,1.0104250200481155,0.14434643143544507,0,0.107,Low,2,Defensive,1.5840424846675112,0.8975811112523748
Ricard Sánchez,Granada,La Liga,DF,Defender,24-098,2295.0,3.0,0.0,0.5490196078431373,42.78431372549019,75.2,1.1372549019607843,0.5098039215686274,0.11764705882352941,0,0.122,Low,2,Defensive,-0.40712527077615535,-0.34758083609634255
Raúl Torrente,Granada,La Liga,DF,Defender,22-262,1250.0,0.0,0.0,0.216,55.007999999999996,79.2,2.088,0.7919999999999999,0.0,0,0.048,Low,2,Defensive,1.0457009394624033,0.11302349443842816
Myrto Uzuni,Granada,La Liga,FW,Forward,28-365,2448.0,11.0,1.0,2.1323529411764706,11.066176470588236,77.7,0.6617647058823529,0.14705882352941177,0.4411764705882353,1,0.449,High,0,Attacking,-2.523027541448627,-0.5099996327920951
Gonzalo Villar,Granada,La Liga,MF,Midfielder,26-068,1803.0,1.0,3.0,1.098169717138103,46.7720465890183,82.7,2.545757071547421,0.29950083194675536,0.19966722129783693,1,0.18,High,2,Defensive,0.3284024860630667,0.03511847543431973
Bryan Zaragoza,Granada,La Liga,"MF,FW",Midfielder,23-035,1638.0,6.0,2.0,1.8131868131868132,24.395604395604398,55.9,0.989010989010989,0.16483516483516483,0.43956043956043955,1,0.399,High,0,Attacking,-3.0375156751793746,0.8995489036235156
Adrian Beck,Heidenheim,Bundesliga,"MF,FW",Midfielder,26-356,974.0,1.0,1.0,1.108829568788501,39.82546201232033,72.2,2.0328542094455853,0.36960985626283366,0.18480492813141683,1,0.181,High,2,Defensive,-0.6445025402518013,0.5206461282647432
Jan-Niklas Beste,Heidenheim,Bundesliga,"FW,MF",Forward,25-147,2603.0,8.0,11.0,1.6596235113330773,32.74298885900884,57.3,2.6623127160968116,0.622358816749904,0.6569343065693432,1,0.375,High,0,Attacking,-1.4262180938249742,2.344026087718552
Marnon Busch,Heidenheim,Bundesliga,DF,Defender,29-174,595.0,0.0,0.0,0.7563025210084034,62.16806722689076,68.6,1.6638655462184875,1.512605042016807,0.0,0,0.064,Low,2,Defensive,0.8552451341359703,0.7789488472767584
Eren Dinkçi,Heidenheim,Bundesliga,"FW,MF",Forward,22-169,2650.0,10.0,5.0,1.6641509433962265,27.815094339622643,62.0,1.0867924528301887,0.4075471698113208,0.509433962264151,1,0.397,High,0,Attacking,-2.250710523330232,0.6883553582281974
Nikola Dovedan,Heidenheim,Bundesliga,"MF,FW",Midfielder,29-329,656.0,3.0,1.0,1.920731707317073,27.98780487804878,61.3,1.920731707317073,0.13719512195121952,0.5487804878048781,1,0.386,High,0,Attacking,-2.2686166252266964,1.2020584750890162
Jonas Föhrenbach,Heidenheim,Bundesliga,DF,Defender,28-125,2788.0,0.0,0.0,0.38737446197991393,47.19512195121951,71.5,1.4203730272596844,1.0007173601147776,0.0,0,0.059,Low,2,Defensive,0.18126689499554233,0.3996936647937191
Benedikt Gimber,Heidenheim,Bundesliga,DF,Defender,27-101,2021.0,1.0,1.0,0.801583374567046,37.674418604651166,80.5,1.781296387926769,0.7125185551707076,0.08906481939633845,0,0.112,Low,2,Defensive,0.11242165087635134,0.09850446335388449
Tim Kleindienst,Heidenheim,Bundesliga,FW,Forward,28-273,2869.0,12.0,3.0,2.5409550365981177,27.41721854304636,59.0,0.658766120599512,0.37643778319972115,0.47054722899965146,1,0.434,High,0,Attacking,-3.097102853087205,0.4532240589501341
Patrick Mainka,Heidenheim,Bundesliga,DF,Defender,29-206,3060.0,2.0,0.0,0.8529411764705882,45.73529411764706,82.9,2.5,1.4411764705882353,0.058823529411764705,0,0.09,Low,2,Defensive,1.4700470336244855,0.8795930750806961
Lennard Maloney,Heidenheim,Bundesliga,MF,Midfielder,24-235,2284.0,1.0,1.0,0.5516637478108581,37.11908931698774,74.1,1.6943957968476357,0.9851138353765324,0.0788091068301226,0,0.098,Low,2,Defensive,0.07235608512246998,0.6813287794575648
Marvin Pieringer,Heidenheim,Bundesliga,"MF,FW",Midfielder,24-239,1513.0,3.0,3.0,1.6060806345009915,25.637805684071385,69.1,1.130204890945142,0.713813615333774,0.356906807666887,1,0.331,High,0,Attacking,-1.5799704033285786,0.5451683583302774
Jan Schöppner,Heidenheim,Bundesliga,MF,Midfielder,24-353,1998.0,2.0,2.0,0.7657657657657658,30.09009009009009,66.5,2.1621621621621623,1.1711711711711712,0.1801801801801802,1,0.147,Low,2,Defensive,-0.26870311528687746,1.8647800057210695
Kevin Sessa,Heidenheim,Bundesliga,"MF,FW",Midfielder,23-329,1011.0,3.0,0.0,2.5816023738872405,40.0593471810089,73.6,1.513353115727003,0.3560830860534125,0.26706231454005935,1,0.469,High,0,Attacking,-1.547683720063982,-0.12436003262329033
Tim Siersleben,Heidenheim,Bundesliga,DF,Defender,24-082,910.0,0.0,0.0,0.2967032967032967,55.285714285714285,81.6,2.6703296703296706,2.076923076923077,0.0,0,0.032,Low,2,Defensive,2.617583258410091,1.3857738771776145
Norman Theuerkauf,Heidenheim,Bundesliga,"MF,DF",Midfielder,37-127,1259.0,0.0,1.0,0.5003971405877681,42.17633042096902,78.3,1.715647339158062,1.0007942811755361,0.07148530579825259,0,0.084,Low,2,Defensive,0.5037082776158505,0.3143430596195592
Omar Traoré,Heidenheim,Bundesliga,DF,Defender,26-116,2472.0,0.0,2.0,0.4004854368932039,45.14563106796117,71.0,2.1844660194174756,1.4563106796116505,0.07281553398058253,0,0.083,Low,2,Defensive,0.8726677375841294,1.4565472029191315
Bruno Amione,Hellas Verona,Serie A,DF,Defender,22-148,579.0,0.0,0.0,0.7772020725388601,42.43523316062176,79.5,1.709844559585492,1.398963730569948,0.0,0,0.057,Low,2,Defensive,0.8084211193836911,0.5017963842222054
Federico Bonazzoli,Hellas Verona,Serie A,"FW,MF",Forward,27-009,1016.0,3.0,1.0,2.3917322834645667,27.81496062992126,77.1,0.3543307086614173,0.26574803149606296,0.3543307086614173,1,0.551,High,0,Attacking,-2.2403682474757733,-1.0684176008936355
Fabien Centonze,Hellas Verona,Serie A,DF,Defender,28-135,676.0,0.0,1.0,0.13313609467455623,42.20414201183432,67.2,1.863905325443787,1.331360946745562,0.13313609467455623,0,0.107,Low,2,Defensive,0.43928942523768727,1.4380479127426669
Diego Coppola,Hellas Verona,Serie A,DF,Defender,20-154,1634.0,2.0,0.0,0.7160342717258262,39.54712362301102,77.3,1.9828641370869033,1.4871481028151776,0.11015911872705018,0,0.104,Low,2,Defensive,0.8432933906092442,1.014134730954901
Juan David Cabal,Hellas Verona,Serie A,DF,Defender,23-143,1497.0,0.0,0.0,0.7214428857715431,47.49498997995992,71.0,2.164328657314629,1.56312625250501,0.0,0,0.068,Low,2,Defensive,0.8705828640064517,1.4386176294869082
Paweł Dawidowicz,Hellas Verona,Serie A,DF,Defender,29-010,2143.0,0.0,0.0,0.377974801679888,49.26271581894541,82.9,2.2258516098926737,1.0079328044797013,0.0,0,0.049,Low,2,Defensive,1.274570221538791,0.27583703700507295
Josh Doig,Hellas Verona,Serie A,DF,Defender,22-012,830.0,0.0,0.0,0.5421686746987953,36.65060240963856,74.3,1.7349397590361448,0.4337349397590362,0.0,0,0.132,Low,2,Defensive,-0.41796145796523554,0.30242230043640816
Ondrej Duda,Hellas Verona,Serie A,MF,Midfielder,29-177,2456.0,1.0,4.0,0.8428338762214984,44.30374592833876,74.9,2.1620521172638436,0.9527687296416939,0.18322475570032576,1,0.173,Low,2,Defensive,0.37040323682304493,0.7950722520211546
Davide Faraoni,Hellas Verona,Serie A,DF,Defender,32-218,602.0,0.0,1.0,1.0465116279069766,45.4485049833887,75.0,1.9435215946843853,0.8970099667774086,0.14950166112956811,0,0.156,Low,2,Defensive,0.15264910451743935,0.5225982875462245
Michael Folorunsho,Hellas Verona,Serie A,"MF,FW",Midfielder,26-113,2781.0,5.0,1.0,1.5210355987055018,25.76051779935275,61.1,1.6181229773462784,0.5501618122977346,0.19417475728155342,1,0.29,High,0,Attacking,-1.905341629936926,1.3558933847719463
Isak Hien,Hellas Verona,Serie A,DF,Defender,25-138,864.0,0.0,0.0,0.4166666666666667,41.04166666666667,82.2,1.7708333333333335,0.7291666666666667,0.0,0,0.018,Low,2,Defensive,0.5059627931033405,-0.06447551699614021
Martin Hongla,Hellas Verona,Serie A,MF,Midfielder,26-075,1084.0,0.0,0.0,0.24907749077490776,39.35424354243543,82.5,1.992619926199262,0.5811808118081181,0.0,0,0.014,Low,2,Defensive,0.5251009087798161,0.0431123060316297
Darko Lazović,Hellas Verona,Serie A,"FW,MF",Forward,33-258,1928.0,3.0,2.0,1.5404564315352698,31.32261410788382,64.2,1.2136929460580914,0.2800829875518672,0.23340248962655602,1,0.276,High,0,Attacking,-2.0233250065046193,0.4767685382836475
Giangiacomo Magnani,Hellas Verona,Serie A,DF,Defender,28-239,2444.0,0.0,0.0,0.40507364975450083,36.60392798690671,79.0,1.2152209492635024,1.6571194762684125,0.0,0,0.039,Low,2,Defensive,0.8031308548817374,0.4870794957627512
Cyril Ngonge,Hellas Verona,Serie A,"FW,MF",Forward,24-004,1431.0,6.0,2.0,2.641509433962264,22.70440251572327,64.8,0.8805031446540881,0.25157232704402516,0.5031446540880503,1,0.438,High,0,Attacking,-2.9668021330719725,0.27248903742021785
Tijjani Noslin,Hellas Verona,Serie A,"FW,MF",Forward,24-328,1339.0,5.0,4.0,2.419716206123973,22.718446601941746,69.5,1.2098581030619866,0.1344286781179985,0.6049290515309933,1,0.531,High,0,Attacking,-2.54489942641453,0.165810806924774
Suat Serdar,Hellas Verona,Serie A,MF,Midfielder,27-049,1659.0,0.0,2.0,1.193490054249548,32.65822784810126,73.9,2.7667269439421336,1.0849909584086799,0.10849909584086799,0,0.125,Low,2,Defensive,0.21536879033230147,1.7229582808526696
Tomáš Suslov,Hellas Verona,Serie A,"MF,FW",Midfielder,21-358,2092.0,3.0,5.0,2.194072657743786,24.651051625239006,72.6,1.806883365200765,0.25812619502868067,0.3441682600382409,1,0.32,High,0,Attacking,-1.8057080955620335,0.5191510560376339
Karol Świderski,Hellas Verona,Serie A,"FW,MF",Forward,27-128,504.0,2.0,0.0,2.678571428571429,21.42857142857143,70.0,1.25,0.17857142857142858,0.35714285714285715,1,0.405,High,0,Attacking,-2.622098495116824,0.212433323521403
Jackson Tchatchoua,Hellas Verona,Serie A,DF,Defender,22-259,1725.0,0.0,2.0,0.0,41.68695652173913,75.6,2.034782608695652,1.2,0.10434782608695652,0,0.049,Low,2,Defensive,0.9219302098328553,0.9531967746314716
Filippo Terracciano,Hellas Verona,Serie A,DF,Defender,21-112,1296.0,0.0,1.0,0.5555555555555556,49.513888888888886,71.1,2.0833333333333335,1.3888888888888888,0.06944444444444445,0,0.09,Low,2,Defensive,0.8162012962139353,1.1969458103919262
Milan Đurić,Hellas Verona,Serie A,FW,Forward,34-008,1204.0,5.0,1.0,1.6445182724252492,24.966777408637874,54.2,0.07475083056478406,0.07475083056478406,0.4485049833887043,1,0.37,High,0,Attacking,-3.549619140863597,0.18282198299330396
Kevin Akpoguma,Hoffenheim,Bundesliga,DF,Defender,29-041,1097.0,0.0,0.0,0.16408386508659983,58.33181403828624,85.9,2.871467639015497,1.4767547857793983,0.0,0,0.03,Low,2,Defensive,2.5504716436796135,0.7571565687254797
Ihlas Bebou,Hoffenheim,Bundesliga,"FW,DF",Forward,30-037,1636.0,7.0,5.0,2.0904645476772616,28.276283618581907,70.0,1.2102689486552567,0.7701711491442543,0.6601466992665037,1,0.483,High,0,Attacking,-1.603576245657144,0.4948404472449304
Maximilian Beier,Hoffenheim,Bundesliga,"FW,MF",Forward,21-226,2420.0,16.0,1.0,3.049586776859504,20.454545454545453,69.8,0.743801652892562,0.3347107438016529,0.6322314049586777,1,0.596,High,0,Attacking,-2.9398577638914474,-0.08085256027880774
John Brooks,Hoffenheim,Bundesliga,DF,Defender,31-123,1539.0,2.0,0.0,0.6432748538011696,52.16374269005848,83.0,1.6374269005847952,1.5789473684210524,0.11695906432748537,0,0.086,Low,1,Playmaking,1.4835735269174635,0.11653880898572683
Marius Bülter,Hoffenheim,Bundesliga,"DF,FW",Defender,31-062,1351.0,1.0,4.0,1.3989637305699483,46.29903774981495,71.9,1.1991117690599555,0.6661732050333087,0.33308660251665434,1,0.295,High,0,Attacking,-0.7388605980411903,-0.11076640869164772
Tim Drexler,Hoffenheim,Bundesliga,DF,Defender,19-085,573.0,0.0,0.0,0.0,54.81675392670157,90.3,2.513089005235602,1.256544502617801,0.0,0,0.028,Low,1,Playmaking,2.4043930625125016,0.1049841282174769
Florian Grillitsch,Hoffenheim,Bundesliga,"DF,MF",Defender,28-297,2295.0,1.0,6.0,0.8235294117647058,68.74509803921569,85.3,2.1176470588235294,2.0392156862745097,0.27450980392156865,1,0.227,Low,1,Playmaking,2.6538859621515156,0.2866911469352328
David Jurásek,Hoffenheim,Bundesliga,DF,Defender,23-297,496.0,0.0,1.0,0.907258064516129,46.45161290322581,64.8,2.5403225806451615,0.5443548387096774,0.1814516129032258,1,0.158,High,2,Defensive,-0.36833689721619367,1.4091277850632242
Ozan Kabak,Hoffenheim,Bundesliga,DF,Defender,24-066,2282.0,4.0,0.0,0.7493426818580193,53.55828220858896,85.3,1.89307624890447,1.8141980718667836,0.1577563540753725,0,0.146,Low,1,Playmaking,1.9398617011659218,0.31159218728208615
Pavel Kadeřábek,Hoffenheim,Bundesliga,"DF,FW",Defender,32-035,2412.0,3.0,4.0,0.708955223880597,47.5,69.8,1.1567164179104477,0.8582089552238805,0.26119402985074625,1,0.119,Low,2,Defensive,-0.32221174436381483,0.1552460211826568
Andrej Kramarić,Hoffenheim,Bundesliga,"MF,FW",Midfielder,32-346,2199.0,15.0,6.0,2.6193724420190994,46.61664392905866,79.4,0.45020463847203274,0.4092769440654843,0.859481582537517,1,0.646,High,0,Attacking,-1.5059605604463304,-1.5119367205840015
Stanley N'Soki,Hoffenheim,Bundesliga,DF,Defender,25-051,631.0,0.0,0.0,0.0,56.90966719492869,79.7,2.995245641838352,1.1410459587955626,0.0,0,0.084,Low,2,Defensive,1.9890814703165263,1.0627716422506843
Finn Ole Becker,Hoffenheim,Bundesliga,MF,Midfielder,23-357,606.0,0.0,0.0,0.8910891089108911,46.78217821782178,78.4,1.4851485148514851,0.1485148514851485,0.0,0,0.161,Low,0,Attacking,-0.4528535946191575,-0.6614639155547855
Grischa Prömel,Hoffenheim,Bundesliga,MF,Midfielder,29-142,2139.0,4.0,5.0,1.0939691444600281,41.36044880785414,81.6,1.3464235624123422,0.9256661991584854,0.3786816269284713,1,0.26,Low,2,Defensive,0.1271271624450498,-0.2873735174726814
Robert Skov,Hoffenheim,Bundesliga,"DF,FW",Defender,28-010,1260.0,3.0,4.0,2.2857142857142856,52.57142857142857,73.6,1.7142857142857142,0.7142857142857143,0.5,1,0.474,High,0,Attacking,-0.6144032071036422,0.023062440510374836
Anton Stach,Hoffenheim,Bundesliga,MF,Midfielder,25-197,2321.0,2.0,3.0,1.4735028005170185,50.75829383886256,78.8,2.8306764325721674,2.7919000430848775,0.19388194743644982,1,0.166,Low,2,Defensive,2.4866699479261225,2.263157489723705
Umut Tohumcu,Hoffenheim,Bundesliga,MF,Midfielder,19-293,1011.0,0.0,2.0,1.3353115727002969,37.29970326409496,87.4,1.42433234421365,0.5341246290801187,0.17804154302670624,1,0.218,High,1,Playmaking,-0.10940564146788338,-0.8128177498467773
Kevin Vogt,Hoffenheim,Bundesliga,DF,Defender,32-250,1319.0,0.0,0.0,0.13646702047005307,64.07126611068992,86.6,0.9552691432903715,0.6141015921152388,0.0,0,0.036,Low,1,Playmaking,1.0599152873570203,-1.663077166174025
Wout Weghorst,Hoffenheim,Bundesliga,FW,Forward,31-297,1977.0,7.0,3.0,1.7298937784522004,25.99393019726859,72.5,0.5918057663125948,0.27314112291350534,0.45523520485584223,1,0.454,High,0,Attacking,-2.1039707372738095,-0.4715333661424437
Francesco Acerbi,Inter,Serie A,DF,Defender,36-110,2388.0,3.0,1.0,0.5653266331658291,67.12311557788944,90.7,0.829145728643216,1.2060301507537687,0.1507537688442211,0,0.125,Low,1,Playmaking,1.6554606823328537,-1.700794487269863
Marko Arnautović,Inter,Serie A,FW,Forward,35-041,801.0,5.0,3.0,1.9101123595505618,30.44943820224719,74.9,1.1235955056179774,0.5617977528089887,0.898876404494382,1,0.604,High,0,Attacking,-1.4107154991766726,-0.0946255099498622
Kristjan Asllani,Inter,Serie A,MF,Midfielder,22-082,787.0,1.0,2.0,1.7153748411689964,85.08259212198222,89.0,0.8005082592121983,1.2579415501905973,0.34307496823379924,1,0.36,High,1,Playmaking,1.53936038470143,-2.099383169275579
Carlos Augusto,Inter,Serie A,DF,Defender,25-144,1725.0,0.0,3.0,1.1478260869565218,57.339130434782604,83.8,1.5130434782608695,0.8347826086956521,0.15652173913043477,0,0.162,High,1,Playmaking,0.6769122999184204,-0.7585829325672078
Yann Aurel Bisseck,Inter,Serie A,DF,Defender,23-183,904.0,2.0,0.0,1.1946902654867257,63.81637168141593,92.0,1.3938053097345133,0.497787610619469,0.19911504424778761,1,0.237,High,1,Playmaking,0.9313493173352067,-1.8099193570941234
Nicolò Barella,Inter,Serie A,MF,Midfielder,27-113,2846.0,2.0,3.0,1.2649332396345747,68.55938158819396,84.6,1.454673225579761,0.3162333099086437,0.15811665495432184,0,0.238,High,1,Playmaking,0.47645689613587655,-1.5314286247110804
Alessandro Bastoni,Inter,Serie A,DF,Defender,25-047,2268.0,1.0,3.0,0.5952380952380952,76.78571428571429,86.4,1.8253968253968254,0.9126984126984127,0.15873015873015872,0,0.175,Low,1,Playmaking,1.8750551641272963,-1.0507587220375472
Hakan Çalhanoğlu,Inter,Serie A,MF,Midfielder,30-112,2556.0,13.0,3.0,1.8309859154929577,81.54929577464789,88.3,2.323943661971831,0.8450704225352114,0.5633802816901409,1,0.437,High,1,Playmaking,1.679118953448358,-1.0182303690631407
Matteo Darmian,Inter,Serie A,DF,Defender,34-180,2404.0,2.0,1.0,0.37437603993344426,52.000831946755405,85.0,1.7970049916805324,0.4866888519134775,0.11231281198003329,0,0.062,Low,1,Playmaking,0.7859534194869489,-0.6742894194890887
Federico Dimarco,Inter,Serie A,DF,Defender,26-202,2077.0,5.0,6.0,2.209918151179586,57.544535387578236,77.3,1.8199325950890706,0.38998555609051516,0.4766490129995185,1,0.423,High,0,Attacking,-0.4771996507200467,-0.49105868997457114
Denzel Dumfries,Inter,Serie A,DF,Defender,28-042,1639.0,4.0,4.0,1.3178767541183647,43.98413666870042,76.7,1.2080536912751678,0.6589383770591823,0.43929225137278827,1,0.344,High,0,Attacking,-0.49749733336352636,-0.36073347222491753
Davide Frattesi,Inter,Serie A,MF,Midfielder,24-221,955.0,6.0,3.0,3.0157068062827226,28.36649214659686,78.1,0.9424083769633508,0.4712041884816754,0.8481675392670158,1,0.69,High,0,Attacking,-2.008449981463916,-0.550868303108782
Lautaro Martínez,Inter,Serie A,FW,Forward,26-282,2656.0,24.0,3.0,3.557981927710843,26.498493975903614,77.2,0.7454819277108433,0.677710843373494,0.9149096385542168,1,0.726,High,0,Attacking,-2.2829497572533435,-0.4941798894650743
Henrikh Mkhitaryan,Inter,Serie A,MF,Midfielder,35-130,2785.0,2.0,8.0,1.26032315978456,54.258527827648116,86.5,2.0035906642728905,0.9371633752244166,0.32315978456014366,1,0.243,High,1,Playmaking,1.0119886697945213,-0.3842020990085576
Benjamin Pavard,Inter,Serie A,DF,Defender,28-063,1672.0,0.0,2.0,0.8074162679425837,70.4066985645933,90.2,1.8301435406698563,1.7224880382775118,0.10765550239234449,0,0.148,Low,1,Playmaking,2.5549561520438195,-0.5496337606537038
Alexis Sánchez,Inter,Serie A,"FW,MF",Forward,35-163,763.0,2.0,5.0,2.0052424639580604,43.28964613368283,75.2,0.8256880733944955,0.11795543905635648,0.8256880733944953,1,0.625,High,0,Attacking,-1.6259672621782255,-1.0160824401404462
Marcus Thuram,Inter,Serie A,FW,Forward,26-298,2687.0,13.0,7.0,2.5790844808336435,21.972459992556757,72.6,0.770375883885374,0.1339784145887607,0.6698920729438036,1,0.601,High,0,Attacking,-2.6793738805740768,-0.3958287275360539
Stefan de Vrij,Inter,Serie A,DF,Defender,32-115,1586.0,1.0,0.0,0.5674653215636821,57.3139974779319,92.3,1.021437578814628,1.3619167717528373,0.05674653215636822,0,0.073,Low,1,Playmaking,1.6988982478493675,-1.288287653117925
Gleison Bremer,Juventus,Serie A,DF,Defender,27-073,3233.0,3.0,0.0,0.5010825858335911,53.72718836993504,86.1,1.6145994432415711,1.1135168574079801,0.08351376430559851,0,0.072,Low,1,Playmaking,1.330277274713875,-0.48151208121222755
Andrea Cambiaso,Juventus,Serie A,"DF,FW",Defender,24-100,2372.0,2.0,3.0,1.100337268128162,45.79679595278247,83.4,1.7833052276559866,0.4173693086003373,0.1897133220910624,1,0.216,High,1,Playmaking,0.08725289037951518,-0.5319417647368678
Federico Chiesa,Juventus,Serie A,FW,Forward,26-218,2197.0,9.0,2.0,3.0314064633591262,29.1670459717797,69.9,0.8192990441511151,0.24578971324533455,0.4506144742831133,1,0.449,High,0,Attacking,-2.7221952951239454,-0.3043775525834235
Danilo,Juventus,Serie A,DF,Defender,32-320,2452.0,1.0,1.0,0.6239804241435563,67.86704730831974,86.0,2.202283849918434,1.3580750407830342,0.0734094616639478,0,0.119,Low,1,Playmaking,2.174545583635793,-0.1615191532138688
Federico Gatti,Juventus,Serie A,DF,Defender,25-341,2637.0,4.0,0.0,1.1945392491467577,46.75767918088737,85.1,1.1262798634812285,0.6484641638225256,0.13651877133105803,0,0.168,High,1,Playmaking,0.0673135446436195,-1.0468338743224568
Samuel Iling-Junior,Juventus,Serie A,"DF,MF",Defender,20-239,810.0,1.0,2.0,1.0,48.111111111111114,76.2,2.5555555555555554,0.6666666666666666,0.3333333333333333,1,0.136,Low,2,Defensive,0.395405724444858,0.7178156785009825
Moise Kean,Juventus,Serie A,FW,Forward,24-092,654.0,0.0,0.0,2.2018348623853212,13.211009174311927,68.8,0.963302752293578,0.27522935779816515,0.0,0,0.451,High,0,Attacking,-2.7348826560722954,0.36197634932087736
Filip Kostić,Juventus,Serie A,DF,Defender,31-211,1815.0,0.0,4.0,1.0413223140495866,49.438016528925615,72.8,1.8347107438016528,0.44628099173553715,0.1983471074380165,1,0.182,High,2,Defensive,-0.3242100415207997,0.1421597544639399
Manuel Locatelli,Juventus,Serie A,MF,Midfielder,26-143,3008.0,1.0,4.0,0.7180851063829787,59.4813829787234,85.7,2.064494680851064,0.7480053191489361,0.14960106382978722,0,0.175,Low,1,Playmaking,1.2387614799457105,-0.5119869497782743
Weston McKennie,Juventus,Serie A,"MF,DF",Midfielder,25-276,2594.0,0.0,7.0,0.7979953739398612,40.66306861989206,76.6,1.6653816499614496,0.6245181187355435,0.24286815728604472,1,0.181,Low,2,Defensive,-0.15608930291886136,0.11902571701473275
Arkadiusz Milik,Juventus,Serie A,FW,Forward,30-092,919.0,4.0,1.0,3.6235038084874867,26.4417845484222,79.6,0.88139281828074,0.4896626768226333,0.4896626768226333,1,0.609,High,0,Attacking,-2.29233161404427,-0.6824805204402085
Fabio Miretti,Juventus,Serie A,MF,Midfielder,20-301,1103.0,1.0,1.0,1.6319129646418857,36.63644605621033,76.6,1.4687216681776971,0.5711695376246599,0.16319129646418856,0,0.205,High,0,Attacking,-0.8276371064905925,-0.04494151315797355
Adrien Rabiot,Juventus,Serie A,MF,Midfielder,29-057,2651.0,5.0,3.0,1.2900792153904188,41.112787627310446,82.2,1.969068276122218,0.8487363259147491,0.2715956242927197,1,0.241,High,2,Defensive,0.2798731812843471,0.12475645714283946
Daniele Rugani,Juventus,Serie A,DF,Defender,29-306,1187.0,2.0,0.0,0.6065711878685762,48.22240943555181,88.7,0.8340353833192924,0.6823925863521483,0.15164279696714406,0,0.124,Low,1,Playmaking,0.4965015666656101,-1.494008356715235
Alex Sandro,Juventus,Serie A,DF,Defender,33-125,721.0,1.0,0.0,0.6241331484049931,69.27877947295423,86.3,1.622746185852982,1.8723994452149793,0.12482662968099861,0,0.11,Low,1,Playmaking,2.435104151889605,-0.31312006017470534
Dušan Vlahović,Juventus,Serie A,FW,Forward,24-123,2307.0,16.0,4.0,4.135240572171652,21.144343302990897,70.1,0.3511053315994799,0.03901170351105332,0.7802340702210664,1,0.89,High,0,Attacking,-3.901933703953699,-0.742468990185171
Timothy Weah,Juventus,Serie A,"DF,FW",Defender,24-098,1258.0,0.0,1.0,0.8585055643879174,42.710651828298886,79.7,1.931637519872814,0.35771065182829886,0.07154213036565978,0,0.112,Low,2,Defensive,-0.07469301323763179,-0.11723734227555374
Kenan Yıldız,Juventus,Serie A,"FW,DF",Forward,19-026,952.0,2.0,0.0,1.796218487394958,32.9936974789916,81.4,1.2289915966386555,0.09453781512605042,0.18907563025210083,1,0.255,High,0,Attacking,-1.2996359601011194,-0.8367874149649475
Sargis Adamyan,Köln,Bundesliga,"FW,MF",Forward,31-007,801.0,1.0,2.0,3.4831460674157304,21.235955056179776,69.8,1.5730337078651684,0.5617977528089887,0.33707865168539325,1,0.377,High,0,Attacking,-2.528952572104787,0.7266967046869238
Faride Alidou,Köln,Bundesliga,"FW,MF",Forward,22-317,1282.0,4.0,0.0,2.3166926677067083,21.411856474258972,64.3,0.702028081123245,0.561622464898596,0.280811232449298,1,0.467,High,0,Attacking,-2.667528493259842,0.4438112442391667
Rasmus Carstensen,Köln,Bundesliga,"DF,FW",Defender,23-232,1659.0,0.0,0.0,0.5424954792043399,44.86437613019891,71.8,2.549728752260398,1.0849909584086799,0.0,0,0.108,Low,2,Defensive,0.6672951230661105,1.4267968734911909
Julian Chabot,Köln,Bundesliga,DF,Defender,26-108,2703.0,0.0,0.0,0.632630410654828,53.80688124306326,84.2,1.964483906770255,1.4983351831298557,0.0,0,0.059,Low,1,Playmaking,1.6834506048583537,0.20947645690402927
Max Finkgräfe,Köln,Bundesliga,"DF,FW",Defender,20-064,1756.0,1.0,0.0,0.6150341685649202,44.026195899772205,69.6,3.331435079726651,1.1275626423690204,0.05125284738041002,0,0.082,Low,2,Defensive,0.8931223889693863,2.2672989091368603
Dominique Heintz,Köln,Bundesliga,DF,Defender,30-289,568.0,0.0,0.0,0.0,67.02464788732395,82.5,1.9014084507042255,0.47535211267605637,0.0,0,0.069,Low,1,Playmaking,1.3006671519060102,-0.775144091058383
Timo Hübers,Köln,Bundesliga,DF,Defender,27-315,2778.0,0.0,0.0,0.712742980561555,56.46868250539957,84.5,2.203023758099352,2.041036717062635,0.0,0,0.121,Low,2,Defensive,2.3538472417144183,0.7217144830154939
Denis Huseinbasic,Köln,Bundesliga,MF,Midfielder,22-332,1627.0,0.0,3.0,0.6637984019668101,43.75537799631223,85.2,2.1020282728948985,0.7191149354640441,0.16594960049170251,0,0.136,Low,2,Defensive,0.7774921887725297,-0.07840460031461365
Florian Kainz,Köln,Bundesliga,"MF,FW",Midfielder,31-219,2197.0,5.0,4.0,0.9421939007737824,45.839781520254895,68.8,1.1470186618115612,0.5325443786982248,0.3686845698680018,1,0.15,Low,0,Attacking,-0.8487311196716175,-0.006264609862804269
Luca Kilian,Köln,Bundesliga,DF,Defender,24-272,635.0,0.0,0.0,0.0,44.92913385826772,76.0,2.267716535433071,0.9921259842519685,0.0,0,0.037,Low,2,Defensive,0.9546430198906907,0.8853008689271442
Dejan Ljubicic,Köln,Bundesliga,"MF,FW",Midfielder,26-235,2048.0,0.0,2.0,1.669921875,37.0458984375,79.5,1.8896484375,0.791015625,0.087890625,0,0.136,High,2,Defensive,-0.2681666091077963,0.2656334937439818
Linton Maina,Köln,Bundesliga,"FW,MF",Forward,24-342,1901.0,1.0,3.0,1.5623356128353496,31.29405576012625,73.2,0.8521830615465544,0.2840610205155181,0.1893740136770121,1,0.378,High,0,Attacking,-1.6961189378808366,-0.41158667937874294
Eric Martel,Köln,Bundesliga,MF,Midfielder,22-031,2457.0,1.0,1.0,0.9890109890109889,41.24542124542124,81.1,2.564102564102564,1.575091575091575,0.07326007326007326,0,0.073,Low,2,Defensive,1.3272684599271312,1.2516384884309608
Leart Paqarada,Köln,Bundesliga,DF,Defender,29-235,1075.0,0.0,0.0,0.8372093023255813,60.027906976744184,68.3,1.758139534883721,0.8372093023255813,0.0,0,0.145,Low,2,Defensive,0.15430812845351247,0.4195140359587247
Benno Schmitz,Köln,Bundesliga,DF,Defender,29-195,1155.0,0.0,1.0,0.6233766233766234,55.246753246753244,70.8,2.103896103896104,0.5454545454545454,0.07792207792207792,0,0.129,Low,2,Defensive,0.15659324195988972,0.45790396681050066
Davie Selke,Köln,Bundesliga,FW,Forward,29-131,1265.0,6.0,0.0,2.347826086956522,16.64822134387352,61.5,0.2845849802371542,0.0,0.42687747035573126,1,0.524,High,0,Attacking,-3.696261407352892,-0.023353076174353823
Jan Thielmann,Köln,Bundesliga,"FW,DF",Forward,22-004,1579.0,1.0,0.0,2.1089297023432554,31.405953134895505,66.1,1.5959468017732743,0.4559848005066498,0.056998100063331225,0,0.213,High,0,Attacking,-1.8515685842340384,0.7578643492135301
Steffen Tigges,Köln,Bundesliga,FW,Forward,25-304,727.0,3.0,0.0,2.723521320495186,25.130674002751032,58.1,1.237964236588721,0.12379642365887208,0.3713892709766162,1,0.395,High,0,Attacking,-3.2642408548975905,0.8476668077718754
Luca Waldschmidt,Köln,Bundesliga,"MF,FW",Midfielder,28-011,1146.0,3.0,0.0,3.298429319371728,35.183246073298434,71.4,1.492146596858639,0.47120418848167545,0.23560209424083772,1,0.323,High,0,Attacking,-2.0698014439196704,0.1567708699665144
Julian Araujo,Las Palmas,La Liga,DF,Defender,22-291,1462.0,1.0,0.0,0.43091655266757867,51.155950752393984,81.8,2.5239398084815323,0.6155950752393982,0.061559507523939815,0,0.058,Low,2,Defensive,1.0175077200165403,0.2521060277800464
Marc Cardona,Las Palmas,La Liga,FW,Forward,28-327,723.0,4.0,1.0,2.6141078838174274,28.25726141078838,74.9,1.120331950207469,0.24896265560165975,0.6224066390041494,1,0.516,High,0,Attacking,-2.114659966814814,-0.3275918710374062
Sergi Cardona,Las Palmas,La Liga,DF,Defender,24-327,2814.0,1.0,2.0,0.8315565031982942,68.7633262260128,80.3,2.878464818763326,1.4712153518123667,0.09594882729211088,0,0.156,Low,2,Defensive,2.2018431580135074,0.8211928029527238
Saúl Coco,Las Palmas,La Liga,DF,Defender,25-111,2295.0,1.0,0.0,0.7843137254901961,55.76470588235294,88.4,1.2549019607843137,0.7843137254901961,0.0392156862745098,0,0.086,Low,1,Playmaking,0.9016912226253211,-1.2473584352085278
Francisco Jesús Crespo García,Las Palmas,La Liga,FW,Forward,27-306,504.0,2.0,0.0,3.035714285714286,41.42857142857143,71.6,2.142857142857143,0.35714285714285715,0.35714285714285715,1,0.32,High,0,Attacking,-1.5470751879061837,0.4638383365134762
Munir El Haddadi,Las Palmas,La Liga,FW,Forward,28-272,2449.0,3.0,2.0,1.5434871376071866,27.929767251939566,76.8,1.4699877501020824,0.40424663127807264,0.1837484687627603,1,0.237,High,0,Attacking,-1.1766513771894425,0.03915002078938802
Sory Kaba,Las Palmas,La Liga,FW,Forward,28-307,720.0,1.0,1.0,1.625,19.75,70.3,0.25,0.0,0.25,1,0.294,High,0,Attacking,-2.7702602400938203,-0.6536227714285539
Enzo Loiodice,Las Palmas,La Liga,MF,Midfielder,23-185,1790.0,0.0,1.0,0.8044692737430167,56.76536312849162,82.8,3.11731843575419,0.6033519553072626,0.05027932960893854,0,0.096,Low,2,Defensive,1.3189728803223248,0.5049822489565143
Mika Màrmol,Las Palmas,La Liga,DF,Defender,21-333,3178.0,0.0,1.0,0.08495909376966645,73.23473882945248,88.2,1.9823788546255507,1.2460667086217747,0.028319697923222153,0,0.095,Low,1,Playmaking,2.511359176337315,-0.6654096861522096
Marvin,Las Palmas,La Liga,"FW,DF",Forward,23-332,1855.0,0.0,2.0,0.6792452830188679,37.55256064690027,72.0,1.8921832884097036,0.6792452830188679,0.09703504043126684,0,0.121,Low,2,Defensive,-0.28701463834459173,0.7350525028796163
Alberto Moleiro,Las Palmas,La Liga,"FW,MF",Forward,20-243,1803.0,3.0,3.0,1.6472545757071546,36.688851913477535,79.0,0.7487520798668884,0.3494176372712146,0.29950083194675536,1,0.343,High,0,Attacking,-1.2454842806214863,-0.9680597664209644
Javier Muñoz,Las Palmas,La Liga,MF,Midfielder,29-092,2640.0,2.0,3.0,1.2954545454545454,43.80681818181819,79.2,1.4318181818181819,0.6818181818181819,0.17045454545454547,1,0.204,High,2,Defensive,-0.22364551231644433,-0.3158707639985183
Máximo Perrone,Las Palmas,La Liga,MF,Midfielder,21-144,1623.0,0.0,0.0,0.38817005545286504,72.69870609981515,90.1,2.32902033271719,1.3308687615526802,0.0,0,0.073,Low,1,Playmaking,2.6954039501478846,-0.44754959501823877
Sandro Ramírez,Las Palmas,La Liga,FW,Forward,28-326,1808.0,1.0,3.0,2.538716814159292,34.347345132743364,74.8,0.5973451327433629,0.19911504424778761,0.19911504424778761,1,0.369,High,0,Attacking,-2.2021288872363542,-0.9370049661434555
Kirian Rodríguez,Las Palmas,La Liga,MF,Midfielder,28-086,3211.0,6.0,2.0,1.2052320149486142,85.82373092494551,88.3,1.45748987854251,0.7848022422921208,0.2242292120834631,1,0.254,High,1,Playmaking,1.6457850793008721,-1.8428088743490703
Álex Suárez,Las Palmas,La Liga,DF,Defender,31-073,2562.0,2.0,0.0,0.24590163934426232,56.66276346604216,86.5,1.8618266978922717,0.6323185011709602,0.07025761124121781,0,0.062,Low,1,Playmaking,1.2336537236870668,-0.7156911727665504
Jonathan Viera,Las Palmas,La Liga,"MF,FW",Midfielder,34-222,617.0,2.0,1.0,1.7504051863857375,74.82982171799028,88.9,0.8752025931928687,0.0,0.43760129659643443,1,0.398,High,1,Playmaking,0.0895173042322583,-2.7200384336025216
Luis Alberto,Lazio,Serie A,MF,Midfielder,31-245,2311.0,5.0,7.0,2.1808740804846387,65.38727823453051,77.6,1.3630463003028992,0.27260926006057984,0.46733016010385114,1,0.499,High,0,Attacking,-0.5462980065029842,-1.1687469045979837
Felipe Anderson,Lazio,Serie A,"FW,MF",Forward,31-045,2770.0,5.0,6.0,1.3971119133574006,43.40794223826715,75.7,2.5342960288808665,0.8772563176895307,0.3574007220216606,1,0.145,High,2,Defensive,0.22102107527299164,0.9774319693978253
Nicolò Casale,Lazio,Serie A,DF,Defender,26-106,1559.0,0.0,0.0,0.4041051956382296,59.114817190506734,91.8,0.8659397049390635,0.6927517639512508,0.0,0,0.042,Low,1,Playmaking,1.1083742880574283,-1.9167931753649299
Valentín Castellanos,Lazio,Serie A,FW,Forward,25-240,1682.0,4.0,3.0,2.8894173602853743,24.185493460166466,60.2,1.177170035671819,0.1070154577883472,0.3745541022592152,1,0.374,High,0,Attacking,-3.2998160830754473,0.658259527733905
Danilo Cataldi,Lazio,Serie A,MF,Midfielder,29-298,1361.0,1.0,0.0,0.7935341660543718,61.63115356355621,85.8,1.5870683321087435,1.12417340191036,0.06612784717119766,0,0.122,Low,1,Playmaking,1.3919460551060756,-0.6924397520497401
Mario Gila,Lazio,Serie A,DF,Defender,23-275,1809.0,0.0,0.0,0.3980099502487562,64.37810945273631,89.7,1.5920398009950247,0.9950248756218905,0.0,0,0.056,Low,1,Playmaking,1.7686370619145981,-1.079720174650545
Mattéo Guendouzi,Lazio,Serie A,MF,Midfielder,25-046,2367.0,2.0,3.0,0.9885931558935361,42.547528517110266,82.8,1.2927756653992395,0.7984790874524714,0.19011406844106465,1,0.128,Low,1,Playmaking,0.13741315828435158,-0.5272322204093456
Elseid Hysaj,Lazio,Serie A,DF,Defender,30-100,1199.0,0.0,0.0,0.1501251042535446,63.80316930775646,83.9,1.8015012510425354,1.2760633861551292,0.0,0,0.038,Low,1,Playmaking,1.9088932296247672,-0.28356094295803935
Ciro Immobile,Lazio,Serie A,FW,Forward,34-100,1652.0,7.0,1.0,2.451573849878935,25.11501210653753,73.3,0.5992736077481841,0.27239709443099275,0.43583535108958843,1,0.468,High,0,Attacking,-2.4391131830272763,-0.5486644383625754
Gustav Isaksen,Lazio,Serie A,FW,Forward,23-041,1074.0,3.0,1.0,1.9273743016759777,27.48603351955307,66.5,0.33519553072625696,0.33519553072625696,0.33519553072625696,1,0.405,High,0,Attacking,-2.5604818880688067,-0.2956650389846532
Daichi Kamada,Lazio,Serie A,MF,Midfielder,27-299,1544.0,2.0,2.0,1.6904145077720207,53.68523316062176,87.9,3.0893782383419692,1.049222797927461,0.23316062176165803,1,0.231,High,2,Defensive,1.4791567075614696,0.4922508839828727
Manuel Lazzari,Lazio,Serie A,DF,Defender,30-183,1671.0,0.0,2.0,0.43087971274685816,52.51346499102334,84.7,1.4003590664272891,0.6463195691202872,0.10771992818671454,0,0.084,Low,1,Playmaking,0.7162327695311664,-0.8814286059414844
Adam Marušić,Lazio,Serie A,DF,Defender,31-226,3100.0,1.0,0.0,0.23225806451612904,54.58064516129033,83.0,1.3064516129032258,0.8419354838709677,0.02903225806451613,0,0.038,Low,1,Playmaking,0.9155504787064239,-0.7384501874435349
Patric,Lazio,Serie A,DF,Defender,31-043,1608.0,2.0,0.0,0.33582089552238803,67.10820895522387,87.7,0.7276119402985074,0.33582089552238803,0.11194029850746269,0,0.1,Low,1,Playmaking,0.7438625081454673,-2.221146342805432
Pedro,Lazio,Serie A,"FW,MF",Forward,36-307,816.0,1.0,1.0,1.2132352941176472,47.536764705882355,82.8,1.7647058823529411,0.33088235294117646,0.22058823529411764,1,0.203,High,1,Playmaking,-0.04169422572992186,-0.623579177122204
Luca Pellegrini,Lazio,Serie A,DF,Defender,25-084,786.0,1.0,0.0,0.801526717557252,58.969465648854964,72.2,2.0610687022900764,1.0305343511450382,0.11450381679389314,0,0.153,Low,2,Defensive,0.6839848078707141,0.5881865052490388
Alessio Romagnoli,Lazio,Serie A,DF,Defender,29-139,2411.0,0.0,0.0,0.4106180008295313,65.66155122355869,91.2,0.9332227291580257,1.0825383658233099,0.0,0,0.05,Low,1,Playmaking,1.6529642938619806,-1.6922526895009764
Nicolò Rovella,Lazio,Serie A,MF,Midfielder,22-178,1318.0,0.0,2.0,0.34142640364188165,66.6464339908953,87.2,3.141122913505311,1.5705614567526556,0.13657056145675267,0,0.119,Low,2,Defensive,2.9889014658515447,0.7482711134592533
Matías Vecino,Lazio,Serie A,MF,Midfielder,32-280,1153.0,6.0,1.0,2.575888985255854,58.54293148308759,82.8,2.497831743278404,0.9366869037294016,0.5464006938421508,1,0.604,High,2,Defensive,0.5080192001984274,0.06825173558548533
Mattia Zaccagni,Lazio,Serie A,"FW,MF",Forward,28-349,1956.0,6.0,1.0,1.9325153374233128,41.36503067484662,79.1,1.2423312883435582,0.9662576687116564,0.3220858895705521,1,0.382,High,0,Attacking,-0.4406927415743998,-0.23998431374362883
Nabil Alioui,Le Havre,Ligue 1,"MF,FW",Midfielder,25-102,1009.0,4.0,1.0,2.497522299306244,31.932606541129832,63.7,0.267591674925669,0.267591674925669,0.445986124876115,1,0.466,High,0,Attacking,-2.9679283034907193,-0.3691594643561524
André Ayew,Le Havre,Ligue 1,FW,Forward,34-165,1104.0,5.0,0.0,2.608695652173913,21.684782608695652,74.1,1.2228260869565217,0.16304347826086957,0.4076086956521739,1,0.45,High,0,Attacking,-2.3767372486270224,-0.09192286647055764
Josué Casimir,Le Havre,Ligue 1,"FW,DF",Forward,22-249,2016.0,0.0,5.0,0.9821428571428572,34.86607142857143,73.2,1.3839285714285716,0.5803571428571429,0.22321428571428573,1,0.185,Low,0,Attacking,-0.7791563472593411,0.2049003266836908
Samuel Grandsir,Le Havre,Ligue 1,"MF,FW",Midfielder,27-290,606.0,1.0,1.0,2.0792079207920793,43.366336633663366,71.6,2.376237623762376,0.44554455445544555,0.297029702970297,1,0.32,High,0,Attacking,-0.8247209962985532,0.7447304043817216
Antoine Joujou,Le Havre,Ligue 1,"FW,MF",Forward,21-079,779.0,0.0,2.0,2.3106546854942236,30.038510911424904,70.8,2.3106546854942236,0.8087291399229782,0.23106546854942236,1,0.324,High,0,Attacking,-1.060467316050698,1.3254819255549777
Yassine Kechta,Le Havre,Ligue 1,MF,Midfielder,22-095,1849.0,2.0,1.0,0.9734991887506761,46.72796106003245,81.0,2.239048134126555,1.1195240670632776,0.1460248783126014,0,0.137,Low,2,Defensive,0.909621886597064,0.5142885361684555
Daler Kuzyaev,Le Havre,Ligue 1,MF,Midfielder,31-136,2090.0,2.0,2.0,0.6889952153110048,45.21531100478469,78.5,1.4641148325358853,0.9473684210526316,0.1722488038277512,1,0.143,Low,2,Defensive,0.3399221293438638,-0.035911411865255045
Mohamed Lamine Bayo,Le Havre,Ligue 1,FW,Forward,25-361,1389.0,5.0,1.0,2.786177105831533,20.086393088552917,64.8,0.8423326133909287,0.12958963282937364,0.38876889848812096,1,0.442,High,0,Attacking,-3.2449521625333286,0.2037847929426106
Gautier Lloris,Le Havre,Ligue 1,DF,Defender,28-317,2778.0,2.0,0.0,0.5183585313174945,45.29157667386609,85.4,1.6198704103671706,1.036717062634989,0.06479481641468682,0,0.072,Low,1,Playmaking,0.971589527352144,-0.282060511583605
Rassoul Ndiaye,Le Havre,Ligue 1,"MF,FW",Midfielder,22-171,526.0,0.0,0.0,1.0266159695817492,45.0,79.5,4.277566539923955,0.6844106463878328,0.0,0,0.082,Low,2,Defensive,1.3103161077202952,2.0189834842185386
Loïc Nego,Le Havre,Ligue 1,"DF,MF",Defender,33-136,1561.0,0.0,3.0,1.0377962844330557,36.841768097373475,75.3,2.133247918001281,0.9224855861627161,0.17296604740550928,1,0.152,Low,2,Defensive,0.0404954222941402,0.892045741443255
Christopher Operi,Le Havre,Ligue 1,DF,Defender,27-031,2445.0,3.0,4.0,0.8098159509202454,57.79141104294478,73.1,2.0245398773006134,1.2883435582822085,0.2576687116564417,1,0.174,Low,2,Defensive,0.9188425669151047,0.7197283426511664
Emmanuel Sabbi,Le Havre,Ligue 1,"FW,MF",Forward,26-158,1584.0,5.0,1.0,1.6477272727272725,20.909090909090907,70.1,2.1590909090909087,1.0795454545454544,0.3409090909090909,1,0.258,High,2,Defensive,-0.8532622665310529,1.7203106192259323
Yoann Salmier,Le Havre,Ligue 1,DF,Defender,31-191,1568.0,1.0,1.0,0.5739795918367347,44.02423469387755,79.8,1.2627551020408165,1.205357142857143,0.11479591836734696,0,0.098,Low,2,Defensive,0.5801759762325708,-0.05812313440926712
Arouna Sangante,Le Havre,Ligue 1,DF,Defender,22-048,2687.0,0.0,0.0,0.5359136583550428,50.94529214737626,81.1,1.7752139933010793,2.2106438407145514,0.0,0,0.054,Low,2,Defensive,2.0468171802757666,0.8649284439632137
Oussama Targhalline,Le Havre,Ligue 1,MF,Midfielder,22-010,1025.0,0.0,0.0,0.526829268292683,61.81463414634146,85.2,2.0195121951219512,1.7560975609756098,0.0,0,0.06,Low,1,Playmaking,2.2872288421457205,0.19242939340192103
Abdoulaye Touré,Le Havre,Ligue 1,MF,Midfielder,30-088,2284.0,2.0,0.0,1.2215411558669003,48.78283712784589,83.3,1.852014010507881,0.9851138353765324,0.0788091068301226,0,0.139,Low,2,Defensive,0.666931396767888,-0.12671187546409948
Etienne Youte Kinkoue,Le Havre,Ligue 1,DF,Defender,22-137,1941.0,0.0,0.0,0.2782071097372488,44.605873261205566,86.6,0.6955177743431221,2.0401854714064913,0.0,0,0.019,Low,1,Playmaking,1.6327696399111826,-0.3448131346624682
Pontus Almqvist,Lecce,Serie A,"FW,MF",Forward,24-325,2107.0,2.0,1.0,1.7085904129093497,20.41765543426673,73.4,1.9221642145230184,0.5980066445182725,0.12814428096820124,0,0.23,High,0,Attacking,-1.2712194293780597,0.9553525379784629
Lameck Banda,Lecce,Serie A,FW,Forward,23-122,1350.0,2.0,4.0,3.3333333333333335,22.8,73.1,1.8,0.2,0.4,1,0.37,High,0,Attacking,-2.4527119519043006,0.4008222303494477
Federico Baschirotto,Lecce,Serie A,DF,Defender,27-253,3294.0,0.0,1.0,0.46448087431693985,49.39890710382514,83.8,0.5737704918032787,0.628415300546448,0.0273224043715847,0,0.054,Low,1,Playmaking,0.15168917174822827,-1.4477399698985032
Alexis Blin,Lecce,Serie A,MF,Midfielder,27-257,1642.0,0.0,2.0,0.7125456760048722,42.6979293544458,86.1,1.8087697929354447,1.2058465286236297,0.10962241169305725,0,0.101,Low,2,Defensive,1.0868024160216143,0.0050277176803272304
Patrick Dorgu,Lecce,Serie A,"DF,MF",Defender,19-217,1564.0,2.0,0.0,1.0358056265984656,41.950127877237854,79.8,2.4744245524296677,0.5179028132992328,0.11508951406649617,0,0.131,Low,2,Defensive,0.22693900942074963,0.45241197542996703
Antonino Gallo,Lecce,Serie A,DF,Defender,24-146,2490.0,0.0,3.0,0.5421686746987951,50.89156626506024,70.7,1.5542168674698795,0.9036144578313252,0.10843373493975904,0,0.118,Low,2,Defensive,0.13871382254233672,0.38861306747760904
Valentin Gendrey,Lecce,Serie A,DF,Defender,23-344,3044.0,2.0,3.0,0.5321944809461235,40.80157687253614,74.7,1.626149802890933,1.0348226018396847,0.1478318002628121,0,0.121,Low,2,Defensive,0.23522406745300445,0.5331398993700887
Joan Gonzàlez,Lecce,Serie A,MF,Midfielder,22-119,1291.0,1.0,1.0,0.906274206041828,32.27730441518203,75.2,2.161115414407436,0.34856700232378,0.139426800929512,0,0.142,Low,2,Defensive,-0.550599775605649,0.6151198647186641
Mohamed Kaba,Lecce,Serie A,MF,Midfielder,22-216,1378.0,0.0,0.0,0.9143686502177067,28.606676342525397,79.7,2.547169811320755,0.7837445573294629,0.0,0,0.065,Low,2,Defensive,0.18016143851131303,1.0552025389676551
Nikola Krstović,Lecce,Serie A,FW,Forward,24-055,2373.0,7.0,1.0,3.375474083438685,19.94943109987358,67.3,0.6447534766118836,0.15170670037926676,0.30341340075853346,1,0.447,High,0,Attacking,-3.4733869394838774,-0.146761499352764
Remi Oudin,Lecce,Serie A,"MF,FW",Midfielder,27-194,1819.0,3.0,2.0,1.6822429906542056,39.78009895547004,61.8,1.2864211105002747,0.9895547003848267,0.24738867509620668,1,0.298,High,0,Attacking,-1.2928147017475515,1.0057824244973799
Roberto Piccoli,Lecce,Serie A,FW,Forward,23-124,1378.0,5.0,0.0,3.657474600870827,16.066763425253992,59.8,0.6531204644412192,0.2612481857764877,0.3265602322206096,1,0.453,High,0,Attacking,-4.040786742084072,0.5092218359772164
Marin Pongračić,Lecce,Serie A,DF,Defender,26-262,3219.0,0.0,0.0,0.3634669151910531,52.339235787511655,84.6,1.2022367194780987,1.4259086672879777,0.0,0,0.037,Low,1,Playmaking,1.369201057503195,-0.4481571890882154
Hamza Rafia,Lecce,Serie A,MF,Midfielder,25-058,1204.0,1.0,0.0,1.196013289036545,37.67441860465116,71.2,3.2890365448504983,0.8222591362126246,0.07475083056478406,0,0.085,High,2,Defensive,0.20935527889343158,2.0138139041262035
Ylber Ramadani,Lecce,Serie A,MF,Midfielder,28-048,2970.0,1.0,0.0,0.9393939393939394,37.878787878787875,79.3,2.0606060606060606,1.3333333333333333,0.030303030303030304,0,0.077,Low,2,Defensive,0.6911923072210772,0.8576643682881581
Nicola Sansone,Lecce,Serie A,"FW,MF",Forward,32-263,767.0,2.0,2.0,2.698826597131682,32.503259452411996,74.7,1.2907431551499349,0.46936114732724904,0.46936114732724904,1,0.474,High,0,Attacking,-1.7608004435387168,-0.11910462991680858
Gabriel Strefezza,Lecce,Serie A,FW,Forward,27-042,1112.0,1.0,0.0,2.185251798561151,33.34532374100719,72.8,1.9424460431654675,0.5665467625899281,0.08093525179856115,0,0.242,High,0,Attacking,-1.190159120344615,0.6353732162796261
Salis Abdul Samed,Lens,Ligue 1,MF,Midfielder,24-065,1519.0,0.0,0.0,0.2962475312705728,53.02830809743253,88.9,1.2442396313364057,0.7109940750493746,0.0,0,0.028,Low,1,Playmaking,1.0201778251343574,-1.241225813981899
Ruben Aguilar,Lens,Ligue 1,DF,Defender,31-034,1922.0,1.0,3.0,0.5619146722164412,60.0312174817898,81.4,2.481789802289282,1.2174817898022894,0.18730489073881373,1,0.12,Low,2,Defensive,1.7235712194866244,0.4647256595327921
Neil El Aynaoui,Lens,Ligue 1,MF,Midfielder,22-333,1566.0,1.0,2.0,1.264367816091954,38.50574712643679,86.0,2.1264367816091956,1.8390804597701151,0.1724137931034483,1,0.164,Low,2,Defensive,1.4258079930601235,0.8116288872755447
Jhoanner Chávez,Lens,Ligue 1,DF,Defender,22-035,481.0,0.0,0.0,0.5613305613305614,41.53846153846154,77.9,1.1226611226611227,0.9355509355509356,0.0,0,0.05,Low,2,Defensive,0.09139608163158848,-0.18912542054996317
David Pereira da Costa,Lens,Ligue 1,MF,Midfielder,23-146,1494.0,4.0,2.0,1.8072289156626504,43.73493975903614,78.5,1.0843373493975903,0.9638554216867469,0.36144578313253006,1,0.342,High,0,Attacking,-0.42139436681001674,-0.38294076717588166
Kevin Danso,Lens,Ligue 1,DF,Defender,25-254,2655.0,1.0,0.0,0.711864406779661,58.271186440677965,87.7,0.8135593220338984,0.7796610169491526,0.03389830508474576,0,0.09,Low,1,Playmaking,0.7568583746809873,-1.6278476930866117
Andy Diouf,Lens,Ligue 1,MF,Midfielder,21-013,1314.0,1.0,0.0,1.8493150684931507,50.47945205479452,80.2,1.9178082191780823,0.20547945205479454,0.0684931506849315,0,0.175,High,0,Attacking,-0.4628973335886678,-0.5378178877674296
Przemysław Frankowski,Lens,Ligue 1,DF,Defender,29-048,2192.0,3.0,2.0,1.1906934306569343,54.197080291970806,76.4,2.4635036496350367,1.0264598540145986,0.20529197080291972,1,0.194,High,2,Defensive,0.7771943023341169,0.7332946446651273
Angelo Fulgini,Lens,Ligue 1,MF,Midfielder,27-284,1376.0,1.0,2.0,3.008720930232558,51.60610465116279,72.1,1.504360465116279,0.5232558139534883,0.1962209302325581,1,0.393,High,0,Attacking,-1.3616949319760934,-0.22373506804738139
Jonathan Gradit,Lens,Ligue 1,DF,Defender,31-188,2112.0,1.0,0.0,0.21306818181818182,58.93465909090909,85.4,1.3636363636363638,1.5767045454545456,0.04261363636363637,0,0.033,Low,1,Playmaking,1.8943572526879775,-0.4056445502380953
Morgan Guilavogui,Lens,Ligue 1,"FW,MF",Forward,26-081,566.0,2.0,0.0,3.3392226148409896,35.30035335689046,74.8,3.3392226148409896,0.6360424028268551,0.31802120141342755,1,0.414,High,2,Defensive,-0.8679105636626173,1.5845133272905247
Massadio Haïdara,Lens,Ligue 1,DF,Defender,31-180,741.0,0.0,1.0,0.3643724696356276,52.34817813765183,83.1,1.0931174089068827,1.3360323886639678,0.12145748987854252,0,0.08,Low,1,Playmaking,1.1495023622186251,-0.5077540746792749
Deiver Machado,Lens,Ligue 1,DF,Defender,30-271,1124.0,4.0,0.0,1.2811387900355873,39.07473309608541,78.5,1.9217081850533808,0.5604982206405694,0.3202846975088968,1,0.284,High,2,Defensive,-0.2723853419639907,0.16375348450739632
Facundo Medina,Lens,Ligue 1,DF,Defender,25-002,2714.0,1.0,3.0,0.630066322770818,70.03684598378777,86.3,2.122328666175387,0.7958732498157701,0.13264554163596168,0,0.164,Low,1,Playmaking,1.6906956580379449,-0.7212026451627911
Nampalys Mendy,Lens,Ligue 1,MF,Midfielder,31-342,1052.0,0.0,1.0,0.5988593155893537,55.86501901140685,88.4,2.4809885931558937,1.1977186311787074,0.0855513307984791,0,0.108,Low,1,Playmaking,1.9608456429026324,0.09011206867102103
Wesley Saïd,Lens,Ligue 1,"FW,MF",Forward,29-041,1020.0,7.0,1.0,3.9705882352941173,23.64705882352941,72.0,0.7058823529411764,0.3529411764705882,0.7058823529411764,1,0.728,High,0,Attacking,-3.182161641938136,-0.387941520250919
Florian Sotoca,Lens,Ligue 1,"MF,FW",Midfielder,33-218,2598.0,7.0,6.0,2.251732101616628,50.057736720554274,74.1,1.1431870669745958,0.6928406466512702,0.4503464203233256,1,0.484,High,0,Attacking,-0.9317881832066502,-0.4355367746067994
Adrien Thomasson,Lens,Ligue 1,MF,Midfielder,30-172,1193.0,1.0,2.0,2.338642078792959,51.223805532271584,74.5,1.8860016764459344,0.6789606035205364,0.22632020117351212,1,0.472,High,0,Attacking,-0.5801730939325846,0.10959862079485637
Elye Wahi,Lens,Ligue 1,FW,Forward,21-149,1692.0,9.0,3.0,3.1382978723404253,15.691489361702127,72.5,0.3191489361702127,0.15957446808510636,0.6382978723404255,1,0.701,High,0,Attacking,-3.332208682763609,-0.6303524984531288
Abduqodir Xusanov,Lens,Ligue 1,DF,Defender,20-091,809.0,0.0,0.0,0.5562422744128553,48.838071693448704,87.2,2.3362175525339928,1.446229913473424,0.0,0,0.08,Low,2,Defensive,1.8751885088023375,0.4102927931393668
Amine Adli,Leverkusen,Bundesliga,"MF,FW",Midfielder,24-020,898.0,4.0,6.0,2.706013363028953,46.0022271714922,80.0,1.6035634743875278,0.6013363028953229,1.0022271714922049,1,0.712,High,0,Attacking,-0.808425883628814,-0.44144672283718345
Robert Andrich,Leverkusen,Bundesliga,"MF,DF",Midfielder,29-251,1690.0,4.0,2.0,1.2248520710059172,79.56213017751479,90.1,1.5976331360946745,1.0650887573964496,0.3195266272189349,1,0.282,High,1,Playmaking,1.8843799164838781,-1.482460057188148
Victor Boniface,Leverkusen,Bundesliga,FW,Forward,23-159,1546.0,14.0,8.0,4.424320827943079,22.41267787839586,72.2,0.34928848641655885,0.0,1.2807244501940491,1,1.072,High,0,Attacking,-3.927824795155035,-0.9628891647317097
Jeremie Frimpong,Leverkusen,Bundesliga,DF,Defender,23-172,2251.0,9.0,7.0,2.1990226565970676,41.0217681030653,77.7,1.0395379831186138,0.2798756108396268,0.639715681919147,1,0.561,High,0,Attacking,-1.394830102693202,-0.839718987417474
Álex Grimaldo,Leverkusen,Bundesliga,DF,Defender,28-253,2784.0,10.0,13.0,2.2952586206896552,69.4396551724138,82.0,1.4547413793103448,0.7112068965517241,0.7435344827586208,1,0.59,High,1,Playmaking,0.21145051081990976,-1.161785126969377
Piero Hincapié,Leverkusen,Bundesliga,DF,Defender,22-142,1484.0,1.0,2.0,1.091644204851752,87.02830188679246,91.1,2.1226415094339623,0.7884097035040432,0.18194070080862537,1,0.238,High,1,Playmaking,2.212396800497464,-1.493028917648917
Adam Hložek,Leverkusen,Bundesliga,"MF,FW",Midfielder,21-310,459.0,2.0,3.0,3.5294117647058827,29.80392156862745,80.9,1.9607843137254903,0.3921568627450981,0.9803921568627452,1,0.674,High,0,Attacking,-1.6556933934962863,-0.020430913939439004
Jonas Hofmann,Leverkusen,Bundesliga,MF,Midfielder,31-321,2204.0,5.0,7.0,2.4500907441016335,62.47731397459166,79.3,0.8166969147005445,0.3266787658802178,0.4900181488203267,1,0.573,High,0,Attacking,-0.8760127724034615,-1.6411926916298354
Odilon Kossonou,Leverkusen,Bundesliga,DF,Defender,23-147,1811.0,1.0,0.0,0.24848150193263388,70.96631695196024,89.2,1.4908890115958033,1.341800110436223,0.049696300386526775,0,0.047,Low,1,Playmaking,2.2777239080324194,-1.0234800351226863
Exequiel Palacios,Leverkusen,Bundesliga,MF,Midfielder,25-238,1831.0,4.0,4.0,0.9339158929546696,99.43746586564718,91.7,2.949208083014746,1.4254505734571272,0.3932277444019661,1,0.113,Low,1,Playmaking,3.6631012340204228,-0.6647645377421598
Patrik Schick,Leverkusen,Bundesliga,FW,Forward,28-127,1063.0,7.0,0.0,3.301975540921919,19.55785512699906,79.7,0.5079962370649106,0.08466603951081843,0.592662276575729,1,0.587,High,0,Attacking,-2.877584249871006,-1.108746976491933
Josip Stanišić,Leverkusen,Bundesliga,DF,Defender,24-058,1261.0,3.0,1.0,0.7137192704203014,76.86756542426646,89.2,2.7121332275971453,0.6423473433782713,0.2854877081681205,1,0.191,Low,1,Playmaking,2.1449049045302426,-0.710610364957477
Jonathan Tah,Leverkusen,Bundesliga,DF,Defender,28-109,2631.0,4.0,1.0,0.8893956670467502,75.01710376282782,94.4,0.6499429874572406,0.7867730900798175,0.17103762827822122,1,0.164,Low,1,Playmaking,1.4551601182819653,-2.623019793305525
Edmond Tapsoba,Leverkusen,Bundesliga,DF,Defender,25-118,2087.0,0.0,1.0,0.5174892189746046,85.08385241974125,91.0,1.46621945376138,1.0349784379492093,0.04312410158121706,0,0.057,Low,1,Playmaking,2.3538806281303057,-1.758143411401363
Nathan Tella,Leverkusen,Bundesliga,"DF,MF",Defender,24-330,819.0,5.0,2.0,2.307692307692308,38.57142857142857,79.5,1.4285714285714286,0.32967032967032966,0.7692307692307693,1,0.649,High,0,Attacking,-1.1873033381458729,-0.545094221364469
Florian Wirtz,Leverkusen,Bundesliga,MF,Midfielder,21-027,2372.0,11.0,11.0,2.655986509274874,70.38364249578416,83.0,1.024451939291737,0.3414839797639123,0.8347386172006745,1,0.712,High,1,Playmaking,-0.4310978385760695,-1.9098717776854959
Granit Xhaka,Leverkusen,Bundesliga,MF,Midfielder,31-246,2821.0,3.0,0.0,1.435661113080468,105.02658631690889,91.7,0.9252038284296349,0.6061680255228642,0.0957107408720312,0,0.312,High,1,Playmaking,1.8556525891587217,-3.130609596321481
Benjamin André,Lille,Ligue 1,MF,Midfielder,33-301,2570.0,4.0,0.0,0.8054474708171205,67.2023346303502,83.3,3.1167315175097277,1.22568093385214,0.14007782101167315,0,0.163,Low,2,Defensive,2.2235743879703262,0.6792384517037642
Hákon Arnar Haraldsson,Lille,Ligue 1,"FW,MF",Forward,21-050,1284.0,2.0,0.0,0.8411214953271028,38.481308411214954,82.1,0.8411214953271028,0.2102803738317757,0.14018691588785046,0,0.186,Low,0,Attacking,-0.70550703335326,-1.18470155890251
Nabil Bentaleb,Lille,Ligue 1,MF,Midfielder,29-188,1967.0,0.0,3.0,0.45754956786985257,66.52770716827656,85.8,2.2419928825622777,1.6929334011184547,0.13726487036095578,0,0.089,Low,1,Playmaking,2.5371578869383598,0.17954276476891556
Rémy Cabella,Lille,Ligue 1,"FW,MF",Forward,34-083,1477.0,2.0,2.0,2.010832769126608,55.3283683141503,80.6,3.2904536222071767,0.3046716316858497,0.24373730534867974,1,0.326,High,2,Defensive,0.3605125960348152,0.518575829501699
Ivan Cavaleiro,Lille,Ligue 1,FW,Forward,30-225,770.0,1.0,1.0,1.2857142857142858,32.96103896103896,73.4,1.1688311688311688,0.5844155844155844,0.23376623376623376,1,0.28,High,0,Attacking,-1.071097447558726,0.041295561644202165
Jonathan David,Lille,Ligue 1,FW,Forward,24-137,2629.0,19.0,4.0,2.601749714720426,22.422974515024723,82.0,0.8900722708254089,0.3081019399011031,0.7873716241917078,1,0.637,High,0,Attacking,-1.9305081159627102,-0.7957286925491481
Bafodé Diakité,Lille,Ligue 1,DF,Defender,23-145,1696.0,5.0,2.0,0.8490566037735848,69.56957547169812,92.0,1.5389150943396226,1.1143867924528301,0.3714622641509434,1,0.225,Low,1,Playmaking,1.9089914154843737,-1.3458856392136647
Angel Gomes,Lille,Ligue 1,MF,Midfielder,23-273,2571.0,0.0,8.0,1.1901983663943991,61.295215869311555,89.4,0.9101516919486581,0.6301050175029171,0.28004667444574094,1,0.231,High,1,Playmaking,0.6089189655626637,-1.879724516117886
Gabriel Gudmundsson,Lille,Ligue 1,"DF,FW",Defender,25-031,1267.0,1.0,0.0,1.0655090765588002,39.77900552486188,78.0,1.5627466456195738,1.0655090765588002,0.07103393843725335,0,0.138,Low,2,Defensive,0.12562867206848052,0.2737560073111099
Ismaily,Lille,Ligue 1,DF,Defender,34-140,2465.0,1.0,1.0,0.255578093306288,54.94929006085193,83.9,2.628803245436105,1.1683569979716024,0.07302231237322515,0,0.059,Low,2,Defensive,1.8943231127776774,0.5333309766924432
Alexsandro Ribeiro,Lille,Ligue 1,DF,Defender,24-295,2220.0,0.0,0.0,0.6891891891891891,73.13513513513513,89.5,1.2972972972972971,1.4189189189189189,0.0,0,0.037,Low,1,Playmaking,2.1182791993023624,-1.2314399287317908
Tiago santos,Lille,Ligue 1,DF,Defender,21-312,2365.0,1.0,2.0,1.255813953488372,53.12473572938689,79.7,2.397463002114165,0.5708245243128964,0.11416490486257928,0,0.164,High,2,Defensive,0.44541954262111805,0.14355124912735293
Yusuf Yazıcı,Lille,Ligue 1,"MF,FW",Midfielder,27-122,1312.0,5.0,2.0,2.7439024390243905,33.54420731707317,77.1,1.3033536585365855,0.3429878048780488,0.48018292682926833,1,0.495,High,0,Attacking,-1.7296633658579037,-0.3892859591541013
Leny Yoro,Lille,Ligue 1,DF,Defender,18-199,2673.0,2.0,0.0,0.4713804713804714,63.2996632996633,92.1,1.2121212121212122,1.2121212121212122,0.06734006734006734,0,0.08,Low,1,Playmaking,1.8581038173869726,-1.3691921858305438
Edon Zhegrova,Lille,Ligue 1,FW,Forward,25-060,2288.0,6.0,6.0,3.225524475524476,41.02709790209791,73.3,1.2587412587412588,0.3146853146853147,0.47202797202797203,1,0.5,High,0,Attacking,-2.0150214290540944,-0.41716198527560766
Trent Alexander-Arnold,Liverpool,Premier League,DF,Defender,25-236,2155.0,3.0,4.0,1.9628770301624132,86.11600928074246,75.3,1.62877030162413,1.294663573085847,0.2923433874709977,1,0.337,High,1,Playmaking,1.1017672602891688,-0.5289893102341382
Conor Bradley,Liverpool,Premier League,DF,Defender,20-326,753.0,1.0,3.0,1.4342629482071712,63.34661354581673,79.1,3.9442231075697207,1.195219123505976,0.4780876494023904,1,0.324,High,2,Defensive,1.9284167816599413,1.6686776382723185
Luis Díaz,Liverpool,Premier League,FW,Forward,27-138,2629.0,8.0,5.0,3.217953594522632,36.80106504374287,83.5,1.1981742107265119,0.10270064663370103,0.4450361354127044,1,0.496,High,0,Attacking,-1.784168249076133,-1.1901239199518292
Harvey Elliott,Liverpool,Premier League,"MF,FW",Midfielder,21-056,1352.0,3.0,6.0,3.2618343195266273,65.63609467455622,83.7,1.797337278106509,0.3994082840236686,0.599112426035503,1,0.658,High,0,Attacking,-0.408554887140461,-1.1975558923426532
Wataru Endo,Liverpool,Premier League,MF,Midfielder,31-111,1722.0,1.0,0.0,0.5226480836236934,68.72822299651568,88.0,2.5087108013937285,1.0452961672473868,0.05226480836236934,0,0.099,Low,1,Playmaking,2.216597177503332,-0.28573648388606643
Cody Gakpo,Liverpool,Premier League,"FW,MF",Forward,25-023,1649.0,8.0,5.0,3.6021831412977563,30.78229229836264,77.3,1.4736203759854456,0.7640994542146755,0.7095209217707701,1,0.683,High,0,Attacking,-1.7514611041320074,0.05960391522159962
Joe Gomez,Liverpool,Premier League,DF,Defender,27-007,1786.0,0.0,1.0,0.9574468085106382,67.77715565509519,82.8,2.3684210526315788,0.9574468085106382,0.05039193729003359,0,0.159,Low,1,Playmaking,1.5332299726912475,-0.1346031774985202
Ryan Gravenberch,Liverpool,Premier League,MF,Midfielder,22-014,1121.0,1.0,0.0,1.8465655664585192,40.46387154326494,82.3,2.087421944692239,1.1239964317573594,0.08028545941123996,0,0.215,High,2,Defensive,0.30264741382567106,0.3978965799885946
Curtis Jones,Liverpool,Premier League,MF,Midfielder,23-121,1167.0,1.0,1.0,1.4652956298200515,59.84575835475578,91.1,2.082262210796915,0.5398457583547558,0.15424164524421594,0,0.198,High,1,Playmaking,0.9976620594804732,-1.0696015112076034
Diogo Jota,Liverpool,Premier League,FW,Forward,27-178,1145.0,10.0,3.0,3.222707423580786,30.969432314410483,72.8,1.8078602620087338,0.5502183406113538,1.0218340611353713,1,0.571,High,0,Attacking,-1.8515103772544748,0.49527780185178394
Ibrahima Konaté,Liverpool,Premier League,DF,Defender,25-005,1574.0,0.0,0.0,0.6289707750952986,83.65311308767473,87.9,2.0584498094027954,1.1435832274459976,0.0,0,0.176,Low,1,Playmaking,2.464399352358573,-0.9548270599373397
Alexis Mac Allister,Liverpool,Premier League,MF,Midfielder,25-158,2599.0,5.0,5.0,1.489034243939977,68.11465948441709,86.6,3.4282416313966912,1.2120046171604464,0.34628703347441325,1,0.314,High,2,Defensive,2.2312546548601224,0.6395290412021987
Joël Matip,Liverpool,Premier League,DF,Defender,32-296,781.0,0.0,0.0,0.5761843790012805,64.99359795134444,87.6,1.382842509603073,1.0371318822023048,0.0,0,0.071,Low,1,Playmaking,1.5198826516130952,-1.1122069682879345
Darwin Núñez,Liverpool,Premier League,FW,Forward,24-341,2047.0,11.0,8.0,4.704445530043967,21.67562286272594,69.2,0.9672691744015633,0.13190034196384953,0.8353688324377138,1,0.832,High,0,Attacking,-3.8415713437823755,-0.15658311463386584
Jarell Quansah,Liverpool,Premier League,DF,Defender,21-122,1190.0,2.0,0.0,0.45378151260504207,88.63865546218489,88.6,1.8907563025210086,1.2857142857142858,0.1512605042016807,0,0.116,Low,1,Playmaking,2.786212520595097,-1.1440166787986714
Andrew Robertson,Liverpool,Premier League,DF,Defender,30-080,1693.0,3.0,2.0,0.6379208505611341,82.2386296515062,80.7,1.860602480803308,0.6910809214412287,0.26580035440047256,1,0.222,Low,1,Playmaking,1.5004697275841985,-0.9504890093097551
Mohamed Salah,Liverpool,Premier League,FW,Forward,31-350,2534.0,18.0,10.0,3.8003157063930546,35.87213891081294,73.0,0.6037884767166535,0.07103393843725335,0.9944751381215469,1,0.783,High,0,Attacking,-3.001017408857983,-1.0375843743237227
Dominik Szoboszlai,Liverpool,Premier League,MF,Midfielder,23-218,2104.0,3.0,2.0,2.5665399239543727,66.3022813688213,82.6,1.3688212927756656,0.6416349809885932,0.21387832699619774,1,0.504,High,1,Playmaking,-0.08454437764112067,-1.266679552555777
Kostas Tsimikas,Liverpool,Premier League,DF,Defender,28-018,679.0,0.0,3.0,0.3976435935198822,66.2739322533137,76.6,2.5184094256259204,0.7952871870397644,0.3976435935198822,1,0.264,Low,2,Defensive,1.3392735707273768,0.3528293094118991
Virgil van Dijk,Liverpool,Premier League,DF,Defender,32-327,3177.0,2.0,2.0,1.274787535410765,81.78470254957507,91.4,1.13314447592068,1.104815864022663,0.113314447592068,0,0.266,High,1,Playmaking,1.8135009751841977,-1.9820302539575634
Laurent Abergel,Lorient,Ligue 1,MF,Midfielder,31-119,2860.0,2.0,1.0,0.8181818181818181,57.77622377622377,84.5,2.6748251748251746,1.9195804195804196,0.0944055944055944,0,0.15,Low,2,Defensive,2.4496329111035666,0.9829462371602514
Nathaniel Adjei,Lorient,Ligue 1,DF,Defender,21-283,1243.0,0.0,0.0,0.28962188254223653,48.43925985518906,86.4,0.9412711182622686,1.3032984714400644,0.0,0,0.017,Low,1,Playmaking,1.1578278889231033,-0.7730643782759642
Tosin Aiyegun,Lorient,Ligue 1,"MF,FW",Midfielder,25-339,902.0,2.0,0.0,1.0975609756097562,20.254988913525498,75.9,0.5986696230598669,0.19955654101995565,0.19955654101995565,1,0.181,Low,0,Attacking,-1.8288714268708244,-0.556932016707531
Tiemoué Bakayoko,Lorient,Ligue 1,MF,Midfielder,29-287,1314.0,2.0,1.0,0.8219178082191781,43.63013698630137,86.3,2.328767123287671,1.7808219178082192,0.2054794520547945,1,0.129,Low,2,Defensive,1.8506784744605076,0.8220847942867008
Mohamed Bamba,Lorient,Ligue 1,FW,Forward,22-172,1138.0,8.0,3.0,2.926186291739895,20.24604569420035,72.3,1.1072056239015817,0.15817223198594024,0.8699472759226714,1,0.653,High,0,Attacking,-2.735921484599418,-0.060909820876223576
Bamba Dieng,Lorient,Ligue 1,FW,Forward,24-068,549.0,4.0,1.0,2.7868852459016393,19.18032786885246,76.9,0.49180327868852464,0.0,0.819672131147541,1,0.693,High,0,Attacking,-2.8768561020365486,-0.9553751253293217
Romain Faivre,Lorient,Ligue 1,"MF,FW",Midfielder,25-321,1453.0,5.0,1.0,1.672401927047488,37.22642807983482,82.4,0.805230557467309,0.4335856847900894,0.37164487267721946,1,0.342,High,0,Attacking,-0.9463606480303337,-1.0963858629930616
Eli Junior Kroupi,Lorient,Ligue 1,"FW,MF",Forward,17-342,1084.0,5.0,3.0,1.826568265682657,23.16420664206642,77.4,0.5811808118081181,0.8302583025830258,0.6642066420664207,1,0.524,High,0,Attacking,-1.4450556519046496,-0.3230654202953987
Gedeon Kalulu,Lorient,Ligue 1,DF,Defender,26-275,970.0,0.0,1.0,0.556701030927835,48.98969072164948,82.0,2.134020618556701,0.46391752577319584,0.09278350515463916,0,0.116,Low,2,Defensive,0.5788325704659671,-0.15368590177848654
Ayman Kari,Lorient,Ligue 1,MF,Midfielder,19-193,893.0,1.0,1.0,0.7054871220604703,38.902575587905936,87.6,1.8141097424412094,0.6047032474804032,0.20156774916013437,1,0.161,Low,1,Playmaking,0.5101239781065862,-0.4437731790704172
Panos Katseris,Lorient,Ligue 1,DF,Defender,22-330,1041.0,1.0,1.0,1.4697406340057637,33.976945244956774,70.0,2.2478386167146973,0.69164265129683,0.1729106628242075,1,0.177,High,2,Defensive,-0.7140952401457851,1.2019219841889923
Julien Laporte,Lorient,Ligue 1,DF,Defender,30-208,1818.0,0.0,0.0,0.6435643564356436,50.64356435643565,86.3,1.1386138613861387,0.5445544554455446,0.0,0,0.055,Low,1,Playmaking,0.4287630042298375,-1.2489217750930566
Théo Le Bris,Lorient,Ligue 1,"DF,MF",Defender,21-242,1516.0,0.0,2.0,0.7717678100263852,40.36939313984169,78.1,2.0778364116094985,0.7124010554089709,0.11873350923482849,0,0.122,Low,2,Defensive,0.20974546337897065,0.43780780807987674
Vincent Le Goff,Lorient,Ligue 1,"DF,MF",Defender,34-228,541.0,1.0,1.0,0.6654343807763401,53.56746765249538,78.3,0.8317929759704251,0.49907578558225507,0.33271719038817005,1,0.151,Low,1,Playmaking,-0.1357687907427011,-1.0864650272189014
Imran Louza,Lorient,Ligue 1,MF,Midfielder,25-029,863.0,1.0,3.0,2.294322132097335,60.79953650057938,79.8,1.3557358053302433,0.9385863267670915,0.4171494785631518,1,0.465,High,1,Playmaking,0.00465055251124477,-0.717067505300516
Jean-Victor Makengo,Lorient,Ligue 1,"MF,FW",Midfielder,25-353,479.0,0.0,0.0,0.9394572025052192,52.045929018789145,88.1,0.9394572025052192,1.5031315240083507,0.0,0,0.066,Low,1,Playmaking,1.219444840372372,-0.8724743988531952
Benjamin Mendy,Lorient,Ligue 1,DF,Defender,29-318,711.0,2.0,1.0,1.6455696202531644,59.24050632911392,67.9,0.37974683544303794,0.8860759493670886,0.3797468354430379,1,0.345,High,0,Attacking,-0.8986874965339503,-0.7009457159897734
Formose Mendy,Lorient,Ligue 1,DF,Defender,23-149,1256.0,0.0,0.0,0.501592356687898,52.953821656050955,79.4,2.3646496815286624,1.4331210191082802,0.0,0,0.039,Low,2,Defensive,1.5827931705553788,0.8382930118522457
Julien Ponceau,Lorient,Ligue 1,MF,Midfielder,23-184,2244.0,3.0,2.0,1.3235294117647058,48.1283422459893,84.5,1.2834224598930482,0.7620320855614974,0.20053475935828877,1,0.23,High,1,Playmaking,0.1887733039091489,-0.8352633678012499
Montassar Talbi,Lorient,Ligue 1,DF,Defender,26-004,2204.0,0.0,0.0,0.20417422867513613,48.51179673321234,84.8,1.5517241379310347,1.3067150635208713,0.0,0,0.011,Low,1,Playmaking,1.4044197288210334,-0.1543867802543389
Souleymane Touré,Lorient,Ligue 1,DF,Defender,21-063,2051.0,1.0,1.0,0.7898586055582643,56.167723061921016,89.4,1.0970258410531448,1.5797172111165285,0.0877620672842516,0,0.078,Low,1,Playmaking,1.6306653528923176,-0.8604835102228918
Darlin Yongwa,Lorient,Ligue 1,DF,Defender,23-251,1159.0,1.0,1.0,1.1647972389991372,47.67903364969801,68.6,2.3295944779982745,1.1647972389991372,0.15530629853321828,0,0.16,Low,2,Defensive,0.2293727020503331,1.399397911927998
Elijah Adebayo,Luton Town,Premier League,FW,Forward,26-144,1419.0,10.0,0.0,1.9661733615221986,12.938689217758984,70.6,0.2536997885835095,0.38054968287526425,0.6342494714587738,1,0.561,High,0,Attacking,-2.762716054730166,-0.24291735573284523
Ross Barkley,Luton Town,Premier League,MF,Midfielder,30-177,2618.0,5.0,4.0,2.26890756302521,50.67226890756302,82.6,1.6157372039724982,0.8594346829640948,0.30939648586707413,1,0.541,High,1,Playmaking,-0.06608000933983652,-0.4927206612901636
Amari'i Bell,Luton Town,Premier League,DF,Defender,30-025,1720.0,0.0,0.0,0.10465116279069768,43.69186046511628,77.2,2.616279069767442,1.308139534883721,0.0,0,0.021,Low,2,Defensive,1.393259675122964,1.3548588463645335
Jacob Brown,Luton Town,Premier League,"MF,FW",Midfielder,26-050,1019.0,2.0,0.0,2.296368989205103,21.81550539744848,55.1,1.678115799803729,0.7065750736015701,0.17664376840039253,1,0.328,High,0,Attacking,-2.566755772487283,1.9573713928048924
Reece Burke,Luton Town,Premier League,DF,Defender,27-271,1660.0,0.0,4.0,0.7048192771084338,38.98192771084338,76.1,2.0060240963855422,0.9759036144578314,0.2168674698795181,1,0.121,Low,2,Defensive,0.30133570634663975,0.7450931933292909
Tahith Chong,Luton Town,Premier League,"MF,FW",Midfielder,24-178,1982.0,4.0,0.0,1.4076690211907164,24.974772956609485,77.8,1.6347124117053482,0.3632694248234107,0.18163471241170534,1,0.228,High,0,Attacking,-1.0978760826109313,0.16227424791816566
Jordan Clark,Luton Town,Premier League,MF,Midfielder,30-251,1304.0,1.0,1.0,1.1733128834355828,35.40644171779141,71.9,2.0705521472392636,0.75920245398773,0.13803680981595093,0,0.146,High,2,Defensive,-0.4404393460545164,0.9666852986490759
Alfie Doughty,Luton Town,Premier League,DF,Defender,24-161,2925.0,2.0,8.0,0.8,51.87692307692308,66.5,1.9384615384615385,0.9538461538461539,0.3076923076923077,1,0.218,Low,2,Defensive,0.03141481550996349,0.9777842255661269
Daiki Hashioka,Luton Town,Premier League,DF,Defender,25-013,595.0,0.0,0.0,0.3025210084033614,42.655462184873954,80.5,1.6638655462184875,1.2100840336134455,0.0,0,0.016,Low,2,Defensive,0.90915825680055,0.28575622972357223
Ryan John Giles,Luton Town,Premier League,"DF,MF",Defender,24-125,503.0,0.0,0.0,0.35785288270377735,39.00596421471173,64.2,1.4314115308151094,0.7157057654075547,0.0,0,0.041,Low,2,Defensive,-0.7090752900335159,0.8786768425499835
Issa Kaboré,Luton Town,Premier League,DF,Defender,23-018,1729.0,0.0,2.0,0.3123192596876807,39.50838635049161,70.2,2.706766917293233,0.8328513591671486,0.10410641989589357,0,0.113,Low,2,Defensive,0.3779913529761527,1.622339563629718
Tom Lockyer,Luton Town,Premier League,DF,Defender,29-179,1169.0,1.0,1.0,0.5389221556886228,32.48930710008554,71.3,1.924721984602224,1.7707442258340462,0.15397775876817793,0,0.133,Low,2,Defensive,0.6269854047832337,1.7577096782750257
Teden Mengi,Luton Town,Premier League,DF,Defender,22-030,2469.0,1.0,0.0,0.40097205346294046,34.191980558930744,77.6,1.968408262454435,2.077764277035237,0.03645200486026731,0,0.094,Low,2,Defensive,1.4044214264262718,1.5779825490254844
Carlton Morris,Luton Town,Premier League,"FW,MF",Forward,28-166,2862.0,11.0,4.0,2.0754716981132075,23.61635220125786,64.4,0.4716981132075472,0.031446540880503145,0.4716981132075472,1,0.429,High,0,Attacking,-3.0804744419438874,-0.18674153080628725
Marvelous Nakamba,Luton Town,Premier League,MF,Midfielder,30-132,1130.0,0.0,0.0,0.39823008849557523,33.690265486725664,84.2,3.185840707964602,0.8761061946902655,0.0,0,0.064,Low,2,Defensive,1.223111451166436,1.271205791813088
Chiedozie Ogbene,Luton Town,Premier League,"MF,DF",Midfielder,27-029,1995.0,4.0,1.0,1.5789473684210527,35.6390977443609,74.6,0.7669172932330827,0.3157894736842105,0.22556390977443608,1,0.465,High,0,Attacking,-1.511886481707914,-0.6587170489474372
Gabriel Osho,Luton Town,Premier League,DF,Defender,25-290,1846.0,2.0,0.0,0.4875406283856988,34.42036836403033,82.2,1.998916576381365,1.511375947995666,0.09750812567713975,0,0.068,Low,2,Defensive,1.1153068738358198,0.8668614605978877
Pelly Ruddock Mpanzu,Luton Town,Premier League,MF,Midfielder,30-318,1101.0,0.0,0.0,0.899182561307902,29.754768392370575,73.6,1.0626702997275206,0.7356948228882835,0.0,0,0.086,Low,0,Attacking,-0.8699375142759389,0.1597724058303031
Albert Sambi Lokonga,Luton Town,Premier League,MF,Midfielder,24-221,1303.0,1.0,3.0,0.5525709900230238,52.90867229470453,87.3,2.0030698388334613,0.7597851112816577,0.2762854950115119,1,0.202,Low,1,Playmaking,1.20419725239169,-0.4853522498270709
Andros Townsend,Luton Town,Premier League,"MF,FW",Midfielder,32-319,1210.0,1.0,3.0,1.487603305785124,32.132231404958674,70.4,1.56198347107438,0.371900826446281,0.2975206611570248,1,0.267,High,0,Attacking,-1.3749610507637307,0.41168627841147015
Saïd Benrahma,Lyon,Ligue 1,"FW,MF",Forward,28-294,770.0,3.0,3.0,2.9220779220779223,40.79220779220779,68.2,1.051948051948052,0.11688311688311688,0.7012987012987013,1,0.617,High,0,Attacking,-2.4398145145010144,-0.37439067982067237
Duje Ćaleta-Car,Lyon,Ligue 1,DF,Defender,27-256,1993.0,0.0,0.0,0.3161063723030607,54.37029603612644,87.3,1.1741093828399398,0.8128449573507275,0.0,0,0.046,Low,1,Playmaking,1.0201899306459719,-1.152939980014713
Maxence Caqueret,Lyon,Ligue 1,MF,Midfielder,24-105,3022.0,1.0,3.0,0.71475843812045,59.83123759099934,82.7,2.71012574454004,1.4295168762409,0.11912640635340835,0,0.112,Low,2,Defensive,2.020194740362951,0.7212616736931174
Rayan Cherki,Lyon,Ligue 1,"MF,FW",Midfielder,20-287,1719.0,1.0,6.0,2.9842931937172774,55.96858638743455,77.6,1.4659685863874345,0.36649214659685864,0.36649214659685864,1,0.594,High,0,Attacking,-1.0788127848403168,-0.8390786729907657
Sinaly Diomande,Lyon,Ligue 1,DF,Defender,23-051,889.0,0.0,0.0,0.6074240719910011,57.7052868391451,91.4,1.012373453318335,1.5185601799775028,0.0,0,0.047,Low,1,Playmaking,1.780852696084222,-1.1323409681101237
Malick Fofana,Lyon,Ligue 1,FW,Forward,19-060,559.0,3.0,0.0,1.4490161001788908,28.980322003577818,79.4,0.8050089445438282,0.8050089445438282,0.48300536672629696,1,0.375,High,0,Attacking,-0.8960536762867326,-0.4033271693117785
Henrique,Lyon,Ligue 1,DF,Defender,30-035,607.0,1.0,0.0,1.186161449752883,59.308072487644154,87.8,1.4827018121911038,1.4827018121911038,0.14827018121911037,0,0.187,Low,1,Playmaking,1.5267244923550396,-0.613636585721332
Sael Kumbedi,Lyon,Ligue 1,DF,Defender,19-065,924.0,0.0,1.0,0.5844155844155844,57.662337662337656,79.4,2.922077922077922,1.3636363636363635,0.0974025974025974,0,0.1,Low,2,Defensive,1.8761237187082895,1.1272892240400496
Alexandre Lacazette,Lyon,Ligue 1,FW,Forward,33-002,2293.0,19.0,2.0,2.3549934583515046,22.01918883558657,70.8,0.7457479284779764,0.3139991277802006,0.8242477104230266,1,0.663,High,0,Attacking,-2.512683404696306,-0.14882545960222376
Dejan Lovren,Lyon,Ligue 1,DF,Defender,34-330,718.0,0.0,0.0,0.7520891364902507,55.15320334261838,84.3,1.128133704735376,1.5041782729805013,0.0,0,0.039,Low,1,Playmaking,1.2779606268828578,-0.5288391695970859
Ainsley Maitland-Niles,Lyon,Ligue 1,"DF,MF",Defender,26-275,1432.0,1.0,4.0,1.068435754189944,50.02793296089386,83.3,2.136871508379888,1.068435754189944,0.31424581005586594,1,0.2,Low,2,Defensive,0.9907713509968097,0.15235311033053747
Clinton Mata,Lyon,Ligue 1,DF,Defender,31-205,2220.0,0.0,3.0,0.5675675675675675,61.37837837837838,84.9,1.7432432432432432,1.6216216216216215,0.12162162162162161,0,0.096,Low,1,Playmaking,1.9819778886431887,-0.10985149486531018
Nemanja Matić,Lyon,Ligue 1,MF,Midfielder,35-303,1254.0,0.0,0.0,0.43062200956937796,70.98086124401914,85.4,1.2200956937799043,1.1483253588516746,0.0,0,0.065,Low,1,Playmaking,1.6662005883398125,-1.1569772824771385
Ernest Nuamah,Lyon,Ligue 1,"FW,MF",Forward,20-211,1838.0,3.0,2.0,2.1055495103373234,33.88465723612622,77.3,1.3710554951033733,0.39173014145810664,0.24483133841131666,1,0.354,High,0,Attacking,-1.3148582385619154,-0.2722380918508193
Jake O'Brien,Lyon,Ligue 1,DF,Defender,23-015,2369.0,4.0,2.0,0.6838328408611228,54.706627268889825,88.2,0.8357956943858168,0.4558885605740819,0.22794428028704095,1,0.173,Low,1,Playmaking,0.40651651413376766,-1.79411357868028
Gift Orban,Lyon,Ligue 1,FW,Forward,21-318,474.0,1.0,0.0,1.518987341772152,19.556962025316455,70.9,0.759493670886076,0.189873417721519,0.189873417721519,1,0.289,High,0,Attacking,-2.271965009569433,-0.11583148265868602
Mama Samba Baldé,Lyon,Ligue 1,"FW,MF",Forward,28-206,551.0,2.0,3.0,2.7767695099818512,22.0508166969147,65.2,1.3067150635208713,0.49001814882032674,0.8166969147005445,1,0.554,High,0,Attacking,-2.6069008223267827,0.7844950866207352
Nicolás Tagliafico,Lyon,Ligue 1,DF,Defender,31-273,2123.0,3.0,1.0,0.6358926048045219,49.81158737635422,85.0,2.289213377296279,1.186999528968441,0.16957136128120584,1,0.128,Low,2,Defensive,1.476868297428233,0.2923132961164094
Corentin Tolisso,Lyon,Ligue 1,MF,Midfielder,29-301,1741.0,2.0,1.0,1.9643882825962091,64.97989661114302,84.2,1.7059161401493395,0.5169442848937392,0.15508328546812178,0,0.236,High,1,Playmaking,0.3098595915220499,-1.1089436144157945
Ludovic Ajorque,Mainz 05,Bundesliga,FW,Forward,30-095,1360.0,2.0,0.0,1.786764705882353,29.97794117647059,70.2,0.1985294117647059,0.2647058823529412,0.1323529411764706,0,0.372,High,0,Attacking,-2.3413135678208805,-0.7556916388837722
Nadiem Amiri,Mainz 05,Bundesliga,MF,Midfielder,27-216,1315.0,1.0,4.0,2.3954372623574147,54.61596958174905,71.1,1.505703422053232,0.9581749049429658,0.3422053231939164,1,0.393,High,0,Attacking,-0.6230668739641015,0.13771075255249
Leandro Barreiro Martins,Mainz 05,Bundesliga,MF,Midfielder,24-148,2606.0,4.0,1.0,1.3123561013046814,31.945510360706063,73.4,2.244819646968534,1.2432847275518035,0.17267843438219493,1,0.166,Low,2,Defensive,0.0077981783808869325,1.4496311464046725
Stefan Bell,Mainz 05,Bundesliga,DF,Defender,32-280,666.0,0.0,0.0,0.5405405405405405,50.0,80.3,1.081081081081081,0.8108108108108107,0.0,0,0.05,Low,1,Playmaking,0.3438596389046771,-0.6810853942200019
Jonathan Burkardt,Mainz 05,Bundesliga,"FW,MF",Forward,23-324,1538.0,8.0,2.0,2.340702210663199,23.05591677503251,67.5,0.7022106631989598,0.17555266579973994,0.5851755526657997,1,0.501,High,0,Attacking,-2.8106941238648626,-0.09639174885044068
Anthony Caci,Mainz 05,Bundesliga,DF,Defender,26-334,2486.0,2.0,3.0,1.1222847948511665,55.136765888978275,73.4,2.0273531777956557,1.1584875301689461,0.18101367658889783,1,0.163,Low,2,Defensive,0.5854186388086606,0.6483180352593539
Danny da Costa,Mainz 05,Bundesliga,DF,Defender,30-322,830.0,0.0,1.0,0.6506024096385543,50.96385542168675,67.4,1.9518072289156627,1.7349397590361448,0.10843373493975905,0,0.112,Low,2,Defensive,0.8616035620279278,1.5462525302198333
Sepp van den Berg,Mainz 05,Bundesliga,DF,Defender,22-162,2839.0,3.0,0.0,0.7925325818950335,46.569214512152165,81.0,1.204649524480451,1.3631560408594576,0.09510390982740402,0,0.103,Low,1,Playmaking,0.731350240220517,-0.14566516085534126
Edimilson Fernandes,Mainz 05,Bundesliga,DF,Defender,28-045,1290.0,0.0,2.0,1.0465116279069766,55.883720930232556,76.8,1.744186046511628,1.5348837209302324,0.13953488372093023,0,0.13,Low,2,Defensive,1.0511678491827587,0.4582988626670504
Brajan Gruda,Mainz 05,Bundesliga,"MF,FW",Midfielder,19-365,1641.0,4.0,3.0,1.6453382084095063,36.087751371115175,64.6,1.206581352833638,0.2742230347349177,0.38391224862888484,1,0.358,High,0,Attacking,-1.9249720111735291,0.31535106256705375
Andreas Hanche-Olsen,Mainz 05,Bundesliga,DF,Defender,27-134,992.0,1.0,0.0,0.3629032258064516,39.828629032258064,77.9,1.814516129032258,0.997983870967742,0.0907258064516129,0,0.072,Low,2,Defensive,0.5262372947190239,0.4882795266261062
Lee Jae-sung,Mainz 05,Bundesliga,"MF,FW",Midfielder,31-294,2113.0,6.0,3.0,1.6185518220539516,33.09512541410317,77.9,1.4055844770468529,1.150023663038334,0.38334122101277807,1,0.347,High,2,Defensive,-0.3417771130497133,0.33773042376774204
Dominik Kohr,Mainz 05,Bundesliga,"DF,MF",Defender,30-120,2184.0,1.0,0.0,1.0302197802197803,47.760989010989015,75.6,2.678571428571429,1.7719780219780221,0.04120879120879121,0,0.116,Low,2,Defensive,1.4213044482666457,1.6909959276069375
Tom Krauß,Mainz 05,Bundesliga,MF,Midfielder,22-343,1346.0,1.0,2.0,1.2704309063893016,43.52897473997028,74.7,3.8112927191679047,1.136701337295691,0.20059435364041606,1,0.208,Low,2,Defensive,1.0765011683485757,2.3030700021666637
Phillipp Mwene,Mainz 05,Bundesliga,DF,Defender,30-122,1996.0,1.0,2.0,1.0821643286573146,42.11422845691383,69.8,1.5330661322645291,0.7665330661322646,0.13527054108216435,0,0.137,High,2,Defensive,-0.5686620926782925,0.5050283793646754
Karim Onisiwo,Mainz 05,Bundesliga,"FW,MF",Forward,32-074,1493.0,1.0,3.0,1.9892833221701274,20.375083724045545,60.7,1.0247823174815807,0.12056262558606833,0.24112525117213665,1,0.353,High,0,Attacking,-2.994264046044614,0.6676953524666722
Marco Richter,Mainz 05,Bundesliga,"MF,FW",Midfielder,26-188,717.0,1.0,0.0,4.7698744769874475,36.52719665271967,63.2,1.2552301255230125,0.2510460251046025,0.12552301255230125,0,0.496,High,0,Attacking,-3.5386722234318086,0.1945293728158799
Silvan Widmer,Mainz 05,Bundesliga,DF,Defender,31-086,1242.0,1.0,3.0,1.0144927536231882,49.05797101449275,72.4,1.6666666666666665,1.1594202898550725,0.2898550724637681,1,0.118,Low,2,Defensive,0.23838951309819836,0.572615010660492
Copete,Mallorca,La Liga,DF,Defender,24-233,1333.0,1.0,1.0,0.47261815453863465,39.42985746436609,76.9,3.0382595648912227,2.1605401350337585,0.1350337584396099,0,0.111,Low,2,Defensive,2.0630709260844573,2.439770423223949
Jaume Costa,Mallorca,La Liga,DF,Defender,36-073,1682.0,0.0,1.0,0.3210463733650416,44.62544589774078,73.7,2.0332936979785967,0.8561236623067776,0.0535077288941736,0,0.097,Low,2,Defensive,0.42010337766816797,0.7243618006636875
Samu Costa,Mallorca,La Liga,MF,Midfielder,23-185,2303.0,1.0,1.0,0.8597481545809813,42.47937472861485,76.4,3.556231003039514,1.5240990013026487,0.07815892314372558,0,0.09,Low,2,Defensive,1.5846502684842378,2.3244548158709213
Sergi Darder,Mallorca,La Liga,MF,Midfielder,30-160,2157.0,2.0,5.0,1.3351877607788596,41.80806675938804,72.4,1.6272600834492352,0.6675938803894298,0.29207232267037553,1,0.285,High,2,Defensive,-0.6039021469516237,0.3281518838652383
Giovanni González,Mallorca,La Liga,DF,Defender,29-253,2464.0,1.0,1.0,0.5113636363636364,45.43831168831169,75.2,2.666396103896104,1.1323051948051948,0.07305194805194806,0,0.093,Low,2,Defensive,0.9896323222103115,1.3240813681203718
Cyle Larin,Mallorca,La Liga,FW,Forward,29-043,1823.0,3.0,2.0,3.4064728469555674,14.514536478332419,62.6,0.8392759188151399,0.14810751508502468,0.24684585847504115,1,0.386,High,0,Attacking,-3.820283542960897,0.4519414828596857
Toni Lato,Mallorca,La Liga,DF,Defender,26-191,1544.0,0.0,1.0,0.2914507772020726,45.932642487046635,75.5,2.215025906735751,0.9909326424870467,0.05829015544041451,0,0.059,Low,2,Defensive,0.7847488574678361,0.8277669068906199
Pablo Maffeo,Mallorca,La Liga,DF,Defender,26-323,1454.0,1.0,2.0,0.6808803301237965,37.32462173314993,62.0,2.1664374140302614,0.6189821182943605,0.1856946354883081,1,0.174,Low,2,Defensive,-0.7830673180940952,1.5791566687279772
Omar Mascarell,Mallorca,La Liga,MF,Midfielder,31-118,1571.0,0.0,0.0,0.3437301082113304,44.62762571610439,81.9,1.890515595162317,1.7759388924252069,0.0,0,0.049,Low,2,Defensive,1.6568201646709968,0.7530440778255402
Manu Morlanes,Mallorca,La Liga,MF,Midfielder,25-139,1615.0,0.0,2.0,0.6130030959752323,45.08359133126935,82.7,2.7863777089783284,1.1145510835913313,0.11145510835913314,0,0.091,Low,2,Defensive,1.3913123838090695,0.919927029597029
Vedat Muriqi,Mallorca,La Liga,FW,Forward,30-036,2327.0,7.0,2.0,2.397937258272454,25.526428878384188,62.3,0.4254404813064031,0.23205844434894715,0.3480876665234207,1,0.365,High,0,Attacking,-3.1393073295571057,-0.007876445667678127
Matija Nastasić,Mallorca,La Liga,DF,Defender,31-063,2258.0,2.0,0.0,0.31886625332152346,39.53941541186891,79.4,1.3950398582816652,1.1558901682905225,0.07971656333038087,0,0.058,Low,2,Defensive,0.5722201602152399,0.16981942600752026
Abdón Prats,Mallorca,La Liga,"FW,MF",Forward,31-175,1270.0,6.0,1.0,2.3385826771653546,17.007874015748033,55.0,0.4251968503937008,0.14173228346456693,0.49606299212598426,1,0.393,High,0,Attacking,-3.8488533109514305,0.617355469210751
Antonio Raillo,Mallorca,La Liga,DF,Defender,32-235,2195.0,3.0,2.0,1.1890660592255125,47.521640091116176,85.4,1.2300683371298404,1.5170842824601367,0.2050113895216401,1,0.168,Low,1,Playmaking,0.9645852626604456,-0.3502342832232312
Dani Rodríguez,Mallorca,La Liga,MF,Midfielder,35-359,2615.0,2.0,4.0,0.9292543021032504,34.76099426386233,68.6,1.6175908221797322,0.5162523900573613,0.20650095602294455,1,0.149,Low,0,Attacking,-0.9636481130588632,0.6591444977425418
Antonio Sánchez,Mallorca,La Liga,MF,Midfielder,27-150,1452.0,3.0,1.0,1.4256198347107438,33.78099173553719,69.4,1.5495867768595042,0.8057851239669421,0.24793388429752067,1,0.24,High,0,Attacking,-0.9561501207497651,0.7547887047412299
Martin Valjent,Mallorca,La Liga,DF,Defender,28-171,2349.0,0.0,1.0,0.3448275862068965,40.88122605363984,79.4,1.3026819923371646,1.1111111111111112,0.038314176245210725,0,0.039,Low,2,Defensive,0.5125240818775917,0.024794301845808955
Manuel Akanji,Manchester City,Premier League,"DF,MF",Defender,28-316,2511.0,2.0,0.0,0.5376344086021506,83.65591397849462,93.4,1.5053763440860215,0.8243727598566308,0.07168458781362008,0,0.097,Low,1,Playmaking,2.260919528899279,-2.0065782169986366
Nathan Aké,Manchester City,Premier League,DF,Defender,29-102,2042.0,2.0,2.0,0.8814887365328109,82.15475024485798,92.1,1.1459353574926543,0.6170421155729676,0.1762977473065622,1,0.154,Low,1,Playmaking,1.6115661721673684,-2.3623083982861877
Julián Álvarez,Manchester City,Premier League,"MF,FW",Midfielder,24-120,2647.0,11.0,8.0,3.264072534945221,42.772950510011334,80.4,0.8160181337363053,0.0680015111446921,0.646014355874575,1,0.605,High,0,Attacking,-2.023303260676323,-1.4803681860853848
Kevin De Bruyne,Manchester City,Premier League,MF,Midfielder,32-337,1221.0,4.0,10.0,3.2432432432432434,71.57248157248158,75.4,1.031941031941032,0.29484029484029484,1.0319410319410318,1,0.659,High,0,Attacking,-1.155474264328201,-1.5115393242733004
Rúben Dias,Manchester City,Premier League,DF,Defender,27-016,2559.0,0.0,0.0,0.7033997655334114,92.67291910902696,93.7,1.3716295427901524,1.0550996483001172,0.0,0,0.054,Low,1,Playmaking,2.6051543548626808,-2.1990270296059373
Jeremy Doku,Manchester City,Premier League,"FW,MF",Forward,22-003,1595.0,3.0,8.0,3.103448275862069,48.07523510971787,81.3,2.200626959247649,0.5078369905956113,0.6206896551724138,1,0.612,High,0,Attacking,-0.6770549781976397,-0.1804831768303042
Phil Foden,Manchester City,Premier League,"FW,MF",Forward,24-002,2857.0,19.0,8.0,3.3076653832691636,55.66328316415821,85.5,0.9765488274413721,0.4095204760238012,0.8505425271263564,1,0.783,High,0,Attacking,-0.9951861148567606,-1.7472098470701949
Jack Grealish,Manchester City,Premier League,"FW,MF",Forward,28-263,1009.0,3.0,1.0,1.962338949454906,51.73439048562934,86.0,1.159563924677899,0.535183349851338,0.356788899900892,1,0.391,High,1,Playmaking,-0.2094240266637937,-1.3406404412193456
Joško Gvardiol,Manchester City,Premier League,DF,Defender,22-128,2328.0,4.0,1.0,1.2371134020618557,74.1881443298969,87.1,2.1262886597938144,1.0438144329896908,0.19329896907216496,1,0.22,High,1,Playmaking,1.7859217206656766,-0.7312015318562524
Erling Haaland,Manchester City,Premier League,FW,Forward,23-314,2552.0,27.0,5.0,3.9851097178683386,13.683385579937305,76.0,0.21159874608150472,0.07053291536050157,1.1285266457680252,1,0.958,High,0,Attacking,-3.7463221281281722,-1.0271934306189714
Mateo Kovačić,Manchester City,Premier League,MF,Midfielder,30-024,1551.0,1.0,0.0,1.276595744680851,88.6073500967118,94.0,2.0889748549323017,0.5802707930367504,0.058027079303675046,0,0.248,High,1,Playmaking,2.1199095728678574,-1.9187946444974668
Rico Lewis,Manchester City,Premier League,"DF,MF",Defender,19-191,809.0,2.0,0.0,0.5562422744128553,63.18912237330037,91.2,1.1124845488257107,0.4449938195302843,0.22249690976514214,1,0.167,Low,1,Playmaking,1.0026741769924548,-1.9690204189273168
Matheus Nunes,Manchester City,Premier League,MF,Midfielder,25-277,661.0,0.0,2.0,1.2254160363086233,60.317700453857796,84.2,1.361573373676248,0.1361573373676248,0.2723146747352496,1,0.237,High,1,Playmaking,0.025888764676232655,-1.5111206682362766
Rodri,Manchester City,Premier League,MF,Midfielder,27-343,2931.0,8.0,9.0,1.9037871033776865,112.26202661207778,92.0,2.149437052200614,0.7983623336745137,0.5220061412487206,1,0.44,High,1,Playmaking,2.6059785703035407,-2.2022798994251387
Bernardo Silva,Manchester City,Premier League,"MF,FW",Midfielder,29-294,2578.0,6.0,9.0,1.186966640806827,67.58727695888285,86.3,1.7804499612102405,0.5934833204034135,0.5236617532971295,1,0.361,High,1,Playmaking,0.9945588111622321,-1.1359102208933636
John Stones,Manchester City,Premier League,"DF,MF",Defender,30-002,1064.0,1.0,0.0,0.3383458646616541,70.96804511278195,93.1,0.16917293233082706,0.8458646616541353,0.08458646616541353,0,0.082,Low,1,Playmaking,1.366377915915547,-2.75340017846687
Kyle Walker,Manchester City,Premier League,DF,Defender,34-002,2767.0,0.0,4.0,0.5204192265992049,78.19298879653054,88.5,1.2359956631731117,0.8782074448861583,0.13010480664980123,0,0.106,Low,1,Playmaking,1.7595945402508268,-1.732861797831888
Sofyan Amrabat,Manchester Utd,Premier League,"MF,DF",Midfielder,27-283,938.0,0.0,0.0,0.2878464818763326,63.71002132196162,87.0,2.5906183368869935,0.767590618336887,0.0,0,0.075,Low,1,Playmaking,1.9137196519031305,-0.21899791689023868
Antony,Manchester Utd,Premier League,FW,Forward,24-096,1324.0,1.0,1.0,2.9229607250755287,40.44561933534744,78.7,2.719033232628399,0.8157099697885197,0.13595166163141995,0,0.369,High,2,Defensive,-0.4213300923670378,0.8512020050362258
Casemiro,Manchester Utd,Premier League,"MF,DF",Midfielder,32-097,1982.0,1.0,2.0,1.770938446014127,64.70736629667003,81.8,3.768920282542886,0.7719475277497477,0.136226034308779,0,0.197,High,2,Defensive,1.476365512442412,0.9722716076262711
Diogo Dalot,Manchester Utd,Premier League,DF,Defender,25-073,3174.0,2.0,3.0,0.8506616257088847,51.94706994328923,81.2,2.2967863894139886,1.0491493383742911,0.14177693761814747,0,0.146,Low,2,Defensive,1.0934274460710545,0.37687332962329334
Christian Eriksen,Manchester Utd,Premier League,MF,Midfielder,32-106,1141.0,1.0,2.0,1.0254163014899211,63.49693251533743,80.5,1.4198071866783524,0.315512708150745,0.23663453111305877,1,0.224,High,1,Playmaking,0.2021899391282696,-1.1500762816132994
Jonny Evans,Manchester Utd,Premier League,DF,Defender,36-148,1392.0,0.0,1.0,0.06465517241379311,53.85775862068965,87.6,1.4224137931034482,1.4870689655172413,0.06465517241379311,0,0.046,Low,1,Playmaking,1.890691418010596,-0.43235595802901927
Bruno Fernandes,Manchester Utd,Premier League,"MF,FW",Midfielder,29-265,3118.0,10.0,8.0,2.5978191148171903,62.92495189223861,72.9,1.962796664528544,0.7793457344451571,0.5195638229634381,1,0.526,High,2,Defensive,-0.3335322100206103,0.04642798840337561
Alejandro Garnacho,Manchester Utd,Premier League,FW,Forward,19-334,2565.0,7.0,4.0,3.508771929824561,31.614035087719298,74.9,0.7719298245614035,0.631578947368421,0.38596491228070173,1,0.556,High,0,Attacking,-2.271560033896805,-0.4782455417629989
Rasmus Højlund,Manchester Utd,Premier League,FW,Forward,21-116,2158.0,10.0,2.0,1.5848007414272474,16.765523632993514,75.6,0.458758109360519,0.04170528266913809,0.5004633920296571,1,0.446,High,0,Attacking,-2.4002005159222697,-0.72040537249582
Victor Lindelöf,Manchester Utd,Premier League,DF,Defender,29-318,1328.0,1.0,1.0,0.40662650602409633,62.82379518072289,89.1,1.016566265060241,0.8132530120481927,0.1355421686746988,0,0.099,Low,1,Playmaking,1.2448054938656066,-1.6161979821022179
Harry Maguire,Manchester Utd,Premier League,DF,Defender,31-086,1653.0,2.0,2.0,1.0889292196007259,60.05444646098003,83.1,1.306715063520871,1.3611615245009074,0.2177858439201452,1,0.198,Low,1,Playmaking,1.1357444317049352,-0.5535961036677701
Kobbie Mainoo,Manchester Utd,Premier League,MF,Midfielder,19-041,1924.0,3.0,1.0,0.5145530145530146,40.602910602910605,86.2,2.1985446985446986,1.0291060291060292,0.18711018711018712,1,0.128,Low,2,Defensive,1.1508958647109673,0.2559605174457644
Lisandro Martínez,Manchester Utd,Premier League,DF,Defender,26-133,646.0,0.0,1.0,0.0,62.136222910216716,92.2,1.671826625386997,0.696594427244582,0.1393188854489164,0,0.1,Low,1,Playmaking,1.8029439318899083,-1.3164083868280256
Scott McTominay,Manchester Utd,Premier League,"MF,FW",Midfielder,27-174,1901.0,7.0,1.0,2.083114150447133,30.962651236191476,80.7,2.272488164124145,0.6628090478695423,0.3787480273540242,1,0.381,High,2,Defensive,-0.5177844877692187,0.5291194212438809
Mason Mount,Manchester Utd,Premier League,"MF,FW",Midfielder,25-141,516.0,1.0,0.0,0.872093023255814,38.19767441860465,81.7,3.8372093023255816,1.0465116279069768,0.1744186046511628,1,0.146,Low,2,Defensive,1.443409332814176,1.958082449646344
Marcus Rashford,Manchester Utd,Premier League,FW,Forward,26-212,2271.0,7.0,2.0,2.3778071334214004,29.445178335535005,75.4,0.7529722589167768,0.15852047556142668,0.35667107001321,1,0.529,High,0,Attacking,-2.1932097984939047,-0.745152199771552
Luke Shaw,Manchester Utd,Premier League,DF,Defender,28-323,959.0,0.0,0.0,0.18769551616266947,60.81334723670491,81.9,1.032325338894682,0.5630865484880083,0.0,0,0.046,Low,1,Playmaking,0.665780254143277,-1.2523689784126038
Raphaël Varane,Manchester Utd,Premier League,DF,Defender,31-035,1375.0,1.0,0.0,0.5236363636363636,51.12,88.9,1.1781818181818182,0.9818181818181818,0.06545454545454545,0,0.067,Low,1,Playmaking,1.0729458623227988,-1.0632382040974067
Aaron Wan-Bissaka,Manchester Utd,Premier League,DF,Defender,26-186,1780.0,0.0,2.0,0.15168539325842695,49.853932584269664,83.5,2.1235955056179776,2.0730337078651684,0.10112359550561797,0,0.058,Low,2,Defensive,2.37815827123138,0.9485402386892485
Michael Amir Murillo,Marseille,Ligue 1,DF,Defender,28-109,997.0,3.0,2.0,0.5416248746238717,54.34302908726178,81.7,2.0762286860581747,0.9929789368104314,0.4513540621865597,1,0.237,Low,2,Defensive,1.186904695853488,0.08226555260491636
Pierre-Emerick Aubameyang,Marseille,Ligue 1,FW,Forward,34-347,2622.0,17.0,8.0,3.8443935926773456,22.65446224256293,67.3,0.7551487414187643,0.30892448512585813,0.8581235697940504,1,0.594,High,0,Attacking,-3.4300270177056347,-0.03809743729567772
Leonardo Balerdi,Marseille,Ligue 1,DF,Defender,25-125,2271.0,2.0,0.0,0.5548216644649934,64.51783355350065,86.1,3.130779392338177,2.02113606340819,0.07926023778071334,0,0.094,Low,2,Defensive,3.173705651245551,1.1853020064742446
Jonathan Clauss,Marseille,Ligue 1,DF,Defender,31-248,2068.0,3.0,4.0,1.2185686653771761,66.41199226305609,75.6,2.0454545454545454,1.5667311411992264,0.304642166344294,1,0.176,Low,2,Defensive,1.3724857582341894,0.5392410083293084
Ulisses Garcia,Marseille,Ligue 1,DF,Defender,28-140,906.0,0.0,0.0,1.0927152317880795,56.622516556291394,78.8,2.0860927152317883,0.695364238410596,0.0,0,0.098,High,2,Defensive,0.5442077492063246,-0.03734299153620724
Samuel Gigot,Marseille,Ligue 1,DF,Defender,30-231,1726.0,3.0,0.0,0.9907300115874855,50.26651216685979,87.8,1.7207415990730013,1.3035921205098493,0.15643105446118194,0,0.117,Low,1,Playmaking,1.3106764835848295,-0.3129991507650904
Pape Gueye,Marseille,Ligue 1,"MF,DF",Midfielder,25-127,765.0,1.0,0.0,0.9411764705882353,57.294117647058826,81.3,3.8823529411764706,1.5294117647058822,0.11764705882352941,0,0.126,Low,2,Defensive,2.40412202027466,1.9070758674459094
Amine Harit,Marseille,Ligue 1,"MF,FW",Midfielder,26-347,1821.0,1.0,2.0,1.630971993410214,47.74299835255354,84.4,1.3838550247116967,0.5930807248764415,0.14827018121911037,0,0.246,High,1,Playmaking,-0.08967489678041092,-0.8841049332877334
Luis Henrique,Marseille,Ligue 1,"FW,DF",Forward,22-168,784.0,1.0,0.0,1.3775510204081634,44.42602040816327,77.5,0.9183673469387756,0.9183673469387756,0.11479591836734696,0,0.238,High,2,Defensive,-0.36562402903065916,-0.4751958794190232
Geoffrey Kondogbia,Marseille,Ligue 1,MF,Midfielder,31-105,1463.0,0.0,0.0,0.49213943950786054,58.5645933014354,87.4,2.952836637047163,1.845522898154477,0.0,0,0.049,Low,2,Defensive,2.859867765868793,0.9723079822614468
Renan Lodi,Marseille,Ligue 1,DF,Defender,26-052,1235.0,0.0,0.0,0.43724696356275305,54.51012145748988,77.4,1.7489878542510122,1.1659919028340082,0.0,0,0.05,Low,2,Defensive,1.0072888079968336,0.22519351636590185
Chancel Mbemba,Marseille,Ligue 1,DF,Defender,29-296,2207.0,2.0,2.0,0.7748074309016765,57.00951517897599,87.4,1.3457181694608065,0.5301314000906208,0.16311735387403717,0,0.143,Low,1,Playmaking,0.6927932270085877,-1.326118592924482
Bamo Meïté,Marseille,Ligue 1,DF,Defender,22-179,638.0,0.0,0.0,0.14106583072100315,71.52037617554859,91.1,2.2570532915360504,1.5517241379310345,0.0,0,0.084,Low,1,Playmaking,3.0114024319147004,-0.36118856754129886
Quentin Merlin,Marseille,Ligue 1,DF,Defender,22-014,703.0,0.0,1.0,0.6401137980085349,59.530583214793744,77.4,1.6642958748221908,0.7681365576102418,0.12802275960170698,0,0.121,Low,1,Playmaking,0.6411325203521188,-0.2804098211041925
Iliman Ndiaye,Marseille,Ligue 1,"FW,MF",Forward,24-085,1618.0,3.0,3.0,1.9468479604449938,31.26081582200247,82.7,1.1681087762669964,0.3337453646477132,0.3337453646477132,1,0.361,High,0,Attacking,-1.157558114974595,-0.762171839178573
Jean Onana,Marseille,Ligue 1,MF,Midfielder,24-143,566.0,1.0,0.0,1.2720848056537102,72.82685512367492,86.9,3.657243816254417,1.7491166077738516,0.15901060070671377,0,0.162,Low,2,Defensive,3.0980213808169514,1.110563067744409
Azzedine Ounahi,Marseille,Ligue 1,MF,Midfielder,24-041,1209.0,2.0,0.0,1.1910669975186103,60.81885856079404,88.4,1.8610421836228288,0.8188585607940446,0.1488833746898263,0,0.171,High,1,Playmaking,1.1640059792460455,-0.8720789270095177
Faris Pemi Moumbagna,Marseille,Ligue 1,FW,Forward,23-334,547.0,3.0,1.0,2.6325411334552102,17.60511882998172,69.2,0.3290676416819013,0.4936014625228519,0.6581352833638026,1,0.666,High,0,Attacking,-2.8973523423277237,-0.16699887230146146
Valentin Rongier,Marseille,Ligue 1,MF,Midfielder,29-175,851.0,0.0,0.0,1.0575793184488838,61.02232667450058,87.3,2.4324324324324325,1.5863689776733254,0.0,0,0.069,Low,1,Playmaking,2.1573767596998623,0.25209301880141516
Ismaila Sarr,Marseille,Ligue 1,"FW,MF",Forward,26-095,1447.0,3.0,4.0,1.5549412577747062,30.041465100207322,75.8,0.8707671043538354,0.8085694540428472,0.4353835521769177,1,0.424,High,0,Attacking,-1.086226742720003,-0.14370534388303338
Jordan Veretout,Marseille,Ligue 1,MF,Midfielder,31-090,2183.0,1.0,2.0,1.4841960604672468,55.28630325240495,78.2,1.5666513971598717,0.5359596885020613,0.12368300503893723,0,0.196,High,1,Playmaking,-0.11588456091119272,-0.5435319631488199
Vitinha,Marseille,Ligue 1,FW,Forward,24-076,923.0,3.0,2.0,3.607800650054171,21.159263271939327,73.3,1.3651137594799565,0.4875406283856988,0.4875406283856988,1,0.558,High,0,Attacking,-2.5634386415804506,0.26198134490739444
Papa Amadou Diallo,Metz,Ligue 1,FW,Forward,19-340,889.0,2.0,1.0,1.3160854893138356,26.017997750281214,65.0,1.8222722159730034,1.1136107986501687,0.30371203599550056,1,0.276,High,2,Defensive,-0.9570581564711894,1.6986742049332657
Joel Asoro,Metz,Ligue 1,"FW,MF",Forward,25-033,848.0,2.0,1.0,0.6367924528301887,15.601415094339622,63.9,1.3797169811320755,0.6367924528301887,0.3183962264150943,1,0.131,Low,0,Attacking,-1.6331975150747693,1.3528277425308375
Arthur Atta,Metz,Ligue 1,"MF,FW",Midfielder,21-137,924.0,1.0,2.0,0.8766233766233765,39.05844155844156,75.1,1.753246753246753,0.9740259740259739,0.2922077922077922,1,0.13,Low,2,Defensive,0.040688969717013114,0.5851672460635637
Lamine Camara,Metz,Ligue 1,MF,Midfielder,20-150,2255.0,1.0,4.0,1.1574279379157426,39.232815964523276,72.7,2.4745011086474498,1.1175166297117516,0.19955654101995565,1,0.176,Low,2,Defensive,0.24615098427067775,1.4240184923671255
Fali Candé,Metz,Ligue 1,DF,Defender,26-127,1849.0,0.0,1.0,0.6327744726879394,38.89129259058951,78.6,1.9469983775013522,0.9734991887506761,0.048674959437533805,0,0.086,Low,2,Defensive,0.4449219523836235,0.5377341424750542
Maxime Colin,Metz,Ligue 1,DF,Defender,32-197,1832.0,0.0,0.0,0.29475982532751094,45.44213973799127,71.4,1.9159388646288211,0.9825327510917031,0.0,0,0.086,Low,2,Defensive,0.38899798957958254,0.853947677504513
Simon Elisor,Metz,Ligue 1,FW,Forward,24-313,767.0,1.0,0.0,1.5254237288135593,18.422425032594525,70.7,1.0560625814863103,0.0,0.11734028683181226,0,0.22,High,0,Attacking,-2.3548730436524865,0.029221431052703764
Christophe Hérelle,Metz,Ligue 1,DF,Defender,31-282,1617.0,0.0,0.0,0.22263450834879409,33.8961038961039,89.2,1.7810760667903527,1.0018552875695734,0.0,0,0.021,Low,1,Playmaking,1.049117284608998,-0.12157015535393424
Ablie Jallow,Metz,Ligue 1,"MF,FW",Midfielder,25-198,918.0,3.0,2.0,1.6666666666666667,31.176470588235297,78.0,0.7843137254901962,0.7843137254901962,0.4901960784313726,1,0.426,High,0,Attacking,-1.0487525009610426,-0.4138854247797079
Danley Jean-Jacques,Metz,Ligue 1,MF,Midfielder,24-010,2682.0,0.0,0.0,1.1409395973154361,24.93288590604027,77.0,1.8120805369127517,1.4765100671140938,0.0,0,0.176,Low,2,Defensive,0.1059229497808548,1.213401901648136
Koffi Kouao,Metz,Ligue 1,DF,Defender,26-010,860.0,0.0,2.0,0.5232558139534884,41.96511627906977,79.1,2.0930232558139537,1.3604651162790697,0.20930232558139536,1,0.138,Low,2,Defensive,1.0439800465282574,0.8472731225590294
Didier Lamkel Zé,Metz,Ligue 1,"FW,MF",Forward,27-256,550.0,1.0,0.0,1.8,31.090909090909093,72.1,1.1454545454545455,0.0,0.16363636363636364,0,0.282,High,0,Attacking,-2.0066115107339453,-0.320143910058943
Georges Mikautadze,Metz,Ligue 1,FW,Forward,23-212,1747.0,13.0,4.0,2.8334287349742415,22.152261018889526,69.5,0.20606754436176303,0.41213508872352606,0.8757870635374928,1,0.72,High,0,Attacking,-2.983546565463372,-0.47606286344521387
Kévin N'Doram,Metz,Ligue 1,MF,Midfielder,28-129,1604.0,0.0,2.0,0.3927680798004987,34.28304239401496,78.7,1.7394014962593516,1.5149625935162094,0.11221945137157106,0,0.079,Low,2,Defensive,0.8419293631635867,0.893853417853975
Joseph Nduquidi,Metz,Ligue 1,"MF,DF",Midfielder,19-212,751.0,0.0,0.0,0.47936085219707053,25.40612516644474,81.6,1.318242343541944,1.318242343541944,0.0,0,0.026,Low,2,Defensive,0.3255119494479766,0.4194862367775733
Sadibou Sané,Metz,Ligue 1,DF,Defender,19-355,846.0,0.0,0.0,0.5319148936170213,33.723404255319146,80.1,2.021276595744681,0.851063829787234,0.0,0,0.1,Low,2,Defensive,0.35256979269314814,0.5441343243911367
Cheikh Tidiane Sabaly,Metz,Ligue 1,"FW,MF",Forward,25-087,1379.0,3.0,1.0,1.3705583756345177,24.147933284989122,78.4,2.610587382160986,0.6526468455402465,0.2610587382160986,1,0.236,High,2,Defensive,-0.33872809647744934,1.1722104914995337
Ismaël Traoré,Metz,Ligue 1,DF,Defender,37-286,2220.0,2.0,0.0,0.4054054054054054,31.5,86.7,0.7702702702702703,1.2162162162162162,0.08108108108108107,0,0.048,Low,1,Playmaking,0.46969524468760204,-0.5908965902109058
Matthieu Udol,Metz,Ligue 1,DF,Defender,28-071,2700.0,3.0,3.0,0.6333333333333333,43.333333333333336,74.5,1.8333333333333333,1.6666666666666667,0.2,1,0.098,Low,2,Defensive,0.9312759340936422,1.1203849794088656
Kévin Van Den Kerkhof,Metz,Ligue 1,"FW,MF",Forward,28-077,1913.0,1.0,2.0,0.9879769994772608,25.92263460533194,57.2,1.4584422373235755,0.5175117616309461,0.14113957135389438,0,0.201,High,0,Attacking,-1.9617352252052223,1.4891266677507813
Yacine Adli,Milan,Serie A,MF,Midfielder,23-306,1407.0,1.0,2.0,0.255863539445629,83.15565031982943,86.5,2.1748400852878467,1.279317697228145,0.19189765458422176,1,0.13,Low,1,Playmaking,2.737495883470791,-0.6259188576712411
Ismaël Bennacer,Milan,Serie A,MF,Midfielder,26-181,1151.0,2.0,2.0,0.8601216333622936,63.961772371850564,86.9,2.267593397046047,0.9383145091225021,0.31277150304083406,1,0.237,Low,1,Playmaking,1.637218895981648,-0.4005521357523052
Davide Calabria,Milan,Serie A,DF,Defender,27-176,2185.0,1.0,3.0,0.8649885583524027,63.473684210526315,85.7,2.883295194508009,0.9885583524027459,0.16475972540045766,0,0.17,Low,1,Playmaking,1.8914313656539354,0.23851456309270225
Samuel Chukwueze,Milan,Serie A,FW,Forward,25-008,1017.0,1.0,3.0,2.47787610619469,37.25663716814159,78.4,1.5929203539823007,0.5309734513274336,0.35398230088495575,1,0.393,High,0,Attacking,-1.1065226603760017,-0.16607053813673148
Alessandro Florenzi,Milan,Serie A,DF,Defender,33-080,1732.0,1.0,4.0,1.6628175519630486,66.35681293302541,82.6,2.2344110854503465,1.0392609699769053,0.25981524249422633,1,0.25,High,1,Playmaking,1.1440802733829978,-0.1874554485045382
Matteo Gabbia,Milan,Serie A,DF,Defender,24-222,1275.0,2.0,1.0,0.7764705882352941,63.67058823529412,90.4,2.047058823529412,0.7058823529411765,0.21176470588235294,1,0.191,Low,1,Playmaking,1.546993121986827,-0.9735604024590258
Olivier Giroud,Milan,Serie A,FW,Forward,37-243,2363.0,15.0,8.0,2.7422767668218366,18.738891239949215,68.7,0.6474820143884892,0.2285230639018197,0.8760050782903089,1,0.696,High,0,Attacking,-3.0427961245185116,-0.10357933971331888
Theo Hernández,Milan,Serie A,DF,Defender,26-237,2791.0,5.0,4.0,1.7735578645646721,64.29953421712648,86.1,0.9673951988534575,0.7416696524543174,0.29021855965603727,1,0.32,High,1,Playmaking,0.3509190969474565,-1.648432976704727
Luka Jović,Milan,Serie A,FW,Forward,26-159,877.0,6.0,1.0,2.25769669327252,18.67730900798176,73.1,0.6157354618015964,0.10262257696693274,0.7183580387685292,1,0.471,High,0,Attacking,-2.6887351472673213,-0.4761375885454669
Simon Kjær,Milan,Serie A,DF,Defender,35-065,1171.0,0.0,1.0,0.46114432109308284,64.02220324508967,88.2,1.8445772843723314,1.07600341588386,0.07685738684884715,0,0.096,Low,1,Playmaking,1.837495511205597,-0.706988964876898
Rade Krunić,Milan,Serie A,MF,Midfielder,30-236,687.0,0.0,0.0,0.26200873362445415,56.46288209606987,90.0,1.3100436681222707,1.4410480349344978,0.0,0,0.032,Low,1,Playmaking,1.9066445870646627,-0.7957900540653793
Rafael Leão,Milan,Serie A,FW,Forward,24-355,2512.0,9.0,9.0,2.5079617834394905,36.97452229299363,73.6,0.5732484076433121,0.32245222929936307,0.6449044585987261,1,0.604,High,0,Attacking,-2.07591869566872,-0.8487022141657109
Ruben Loftus-Cheek,Milan,Serie A,MF,Midfielder,28-128,2068.0,6.0,1.0,1.7408123791102514,31.900386847195357,84.4,1.2185686653771761,0.3916827852998066,0.304642166344294,1,0.322,High,0,Attacking,-0.8637417153054107,-0.789445481644758
Yunus Musah,Milan,Serie A,"MF,FW",Midfielder,21-183,1478.0,0.0,2.0,0.8525033829499324,40.554803788903925,85.0,1.5223274695534508,0.6089309878213803,0.12178619756427606,0,0.156,Low,1,Playmaking,0.20414792670758206,-0.5635997896916518
Noah Okafor,Milan,Serie A,"FW,MF",Forward,24-006,887.0,6.0,2.0,2.2322435174746333,19.582863585118375,62.2,0.6087936865839909,0.0,0.8117249154453212,1,0.539,High,0,Attacking,-3.361938282476353,0.1359493857750582
Christian Pulisic,Milan,Serie A,"FW,MF",Forward,25-255,2602.0,12.0,8.0,2.2482705611068408,37.14834742505765,77.5,1.2106072252113758,0.3458877786318217,0.6917755572636433,1,0.605,High,0,Attacking,-1.399294066205095,-0.5434412375783337
Tijjani Reijnders,Milan,Serie A,MF,Midfielder,25-306,2820.0,3.0,3.0,1.4042553191489362,55.72340425531915,90.2,1.4680851063829787,0.574468085106383,0.19148936170212766,1,0.22,High,1,Playmaking,0.6004710430217713,-1.3887131275028701
Malick Thiaw,Milan,Serie A,DF,Defender,22-296,1619.0,0.0,1.0,0.2779493514515133,65.81840642371836,91.6,1.8900555898702904,0.7226683137739346,0.05558987029030266,0,0.077,Low,1,Playmaking,1.8645120608953574,-1.1870955979041737
Fikayo Tomori,Milan,Serie A,DF,Defender,26-163,2121.0,4.0,0.0,0.7213578500707214,71.75388967468176,91.1,1.7821782178217822,1.1032531824611032,0.16973125884016974,1,0.14,Low,1,Playmaking,2.0891326804217445,-1.1378034145241394
Maghnes Akliouche,Monaco,Ligue 1,"MF,FW",Midfielder,22-095,1613.0,7.0,4.0,2.008679479231246,46.478611283323005,77.4,2.064476131432114,0.5021698698078115,0.6137631742095475,1,0.465,High,2,Defensive,-0.46921080716973146,0.07617752622370998
Folarin Balogun,Monaco,Ligue 1,FW,Forward,22-332,1692.0,7.0,5.0,3.351063829787234,19.414893617021274,72.1,0.6382978723404255,0.15957446808510636,0.6382978723404256,1,0.582,High,0,Attacking,-3.202328860367211,-0.4461613194147895
Wissam Ben Yedder,Monaco,Ligue 1,FW,Forward,33-292,2316.0,16.0,2.0,2.448186528497409,29.222797927461137,73.8,0.15544041450777202,0.31088082901554404,0.6994818652849741,1,0.625,High,0,Attacking,-2.4658740344898247,-1.0221308018950863
Mohamed Camara,Monaco,Ligue 1,MF,Midfielder,24-145,1035.0,1.0,2.0,1.1304347826086956,66.8695652173913,91.9,3.0434782608695654,0.9565217391304348,0.2608695652173913,1,0.251,Low,1,Playmaking,2.2520949925174896,-0.16181697373042164
Krépin Diatta,Monaco,Ligue 1,"DF,FW",Defender,25-095,1206.0,0.0,2.0,0.6716417910447761,58.731343283582085,76.5,2.761194029850746,1.1940298507462686,0.14925373134328357,0,0.126,Low,2,Defensive,1.4667239271548194,1.024694715934178
Youssouf Fofana,Monaco,Ligue 1,MF,Midfielder,25-141,2697.0,4.0,4.0,1.735261401557286,59.69966629588432,81.2,2.03559510567297,1.2347052280311457,0.26696329254727474,1,0.224,High,2,Defensive,0.9258679949253814,0.0439632365155373
Aleksandr Golovin,Monaco,Ligue 1,"MF,FW",Midfielder,28-000,2147.0,6.0,6.0,1.8444340940847694,51.81183046110853,75.6,1.76059618071728,0.88029809035864,0.5030274802049371,1,0.37,High,2,Defensive,-0.1288093953700726,0.10474858308141079
Ismail Jakobs,Monaco,Ligue 1,DF,Defender,24-287,1466.0,1.0,2.0,1.2892223738062756,53.656207366984994,71.6,3.499317871759891,0.6753069577080492,0.18417462482946795,1,0.195,High,2,Defensive,0.6070581730553757,1.6521458556334903
Thilo Kehrer,Monaco,Ligue 1,DF,Defender,27-252,1323.0,1.0,1.0,0.8163265306122449,65.71428571428572,88.9,2.17687074829932,2.0408163265306123,0.1360544217687075,0,0.147,Low,1,Playmaking,2.8025881900217544,0.17608777635240702
Soungoutou Magassa,Monaco,Ligue 1,"DF,MF",Defender,20-235,1346.0,0.0,0.0,0.5349182763744428,66.73105497771174,87.3,3.7444279346210996,1.4041604754829122,0.0,0,0.055,Low,2,Defensive,3.0321038814964254,1.1023444660711985
Guillermo Maripán,Monaco,Ligue 1,DF,Defender,30-024,1767.0,1.0,0.0,0.5602716468590832,53.68421052631579,88.6,1.1205432937181663,1.5280135823429541,0.050933786078098474,0,0.052,Low,1,Playmaking,1.591377816103195,-0.749400657521381
Takumi Minamino,Monaco,Ligue 1,MF,Midfielder,29-135,2117.0,9.0,6.0,2.550779404818139,37.62399622106755,73.0,1.4454416627302786,0.46764289088332545,0.6376948512045347,1,0.57,High,0,Attacking,-1.5645485624346027,0.004099586325306097
Kassoum Ouattara,Monaco,Ligue 1,"DF,FW",Defender,19-229,636.0,1.0,0.0,1.1320754716981132,46.55660377358491,64.7,2.405660377358491,1.839622641509434,0.14150943396226415,0,0.153,Low,2,Defensive,0.6566839151026238,2.252189671196106
Mohammed Salisu,Monaco,Ligue 1,DF,Defender,25-043,1035.0,0.0,1.0,0.34782608695652173,67.65217391304348,84.4,2.347826086956522,1.9130434782608696,0.08695652173913043,0,0.112,Low,1,Playmaking,2.7995480171844234,0.5037799970513701
Caio Henrique Oliveira Silva,Monaco,Ligue 1,DF,Defender,26-304,623.0,0.0,5.0,0.8667736757624398,67.03049759229535,81.0,1.8780096308186196,0.8667736757624398,0.7223113964686998,1,0.339,Low,1,Playmaking,1.139143098483575,-0.4664779768844328
Wilfried Singo,Monaco,Ligue 1,DF,Defender,23-157,2187.0,1.0,1.0,0.7818930041152263,61.31687242798354,86.0,1.3991769547325101,2.0987654320987654,0.0823045267489712,0,0.105,Low,1,Playmaking,2.216056831496319,-0.12532400650578127
Vanderson,Monaco,Ligue 1,DF,Defender,22-344,1641.0,3.0,1.0,1.6453382084095063,54.40585009140768,74.0,3.2906764168190126,1.919561243144424,0.21937842778793418,1,0.232,High,2,Defensive,1.6437210735778434,2.206396089285788
Denis Zakaria,Monaco,Ligue 1,"MF,DF",Midfielder,27-192,2137.0,4.0,0.0,1.0949929808142256,49.864295741693965,91.3,1.6003743565746373,1.9794103883949463,0.16846045858680395,1,0.164,Low,1,Playmaking,2.0149646859143937,-0.13552005664511338
Akor Adams,Montpellier,Ligue 1,FW,Forward,24-122,2252.0,8.0,1.0,3.157193605683837,15.38632326820604,64.9,0.47957371225577267,0.19982238010657194,0.35968028419182946,1,0.522,High,0,Attacking,-3.6645634674813397,0.037532096552731604
Joris Chotard,Montpellier,Ligue 1,MF,Midfielder,22-249,2587.0,0.0,3.0,0.73057595670661,41.01662156938539,81.5,2.81793583301121,1.5307305759567067,0.10436799381523,0,0.09,Low,2,Defensive,1.55030308967382,1.427259176252117
Tanguy Coulibaly,Montpellier,Ligue 1,"FW,MF",Forward,23-102,623.0,1.0,0.0,2.455858747993579,24.847512038523274,79.7,1.8780096308186196,0.28892455858747995,0.14446227929373998,0,0.284,High,0,Attacking,-1.4681600713014344,0.11182022169441815
Maxime Estève,Montpellier,Ligue 1,DF,Defender,22-004,995.0,1.0,1.0,0.45226130653266333,33.37688442211056,78.3,1.4472361809045227,1.6281407035175879,0.18090452261306533,1,0.103,Low,2,Defensive,0.7307356236521637,0.780059636195672
Khalil Fayad,Montpellier,Ligue 1,"FW,MF",Forward,19-356,1025.0,3.0,0.0,1.4926829268292683,30.29268292682927,80.0,2.4585365853658536,1.2292682926829268,0.2634146341463415,1,0.162,High,2,Defensive,0.33045364691186885,1.211425780565679
Jordan Ferri,Montpellier,Ligue 1,MF,Midfielder,32-079,2031.0,1.0,1.0,0.39881831610044316,58.980797636632204,82.7,1.5952732644017726,0.5760709010339734,0.08862629246676514,0,0.082,Low,1,Playmaking,0.8321209566599362,-0.7978368354895645
Silvan Hefti,Montpellier,Ligue 1,"DF,FW",Defender,26-218,711.0,0.0,1.0,0.5063291139240506,41.51898734177215,72.6,2.6582278481012658,1.0126582278481011,0.12658227848101264,0,0.123,Low,2,Defensive,0.6184835494732407,1.4953895488825564
Christopher Jullien,Montpellier,Ligue 1,DF,Defender,31-069,1233.0,1.0,0.0,0.5109489051094891,37.37226277372263,86.1,1.1678832116788322,0.8759124087591241,0.07299270072992702,0,0.076,Low,1,Playmaking,0.4242304986253737,-0.6277237133569431
Wahbi Khazri,Montpellier,Ligue 1,FW,Forward,33-112,1131.0,1.0,0.0,3.3421750663129974,25.30503978779841,71.4,1.9098143236074272,0.2387267904509284,0.07957559681697612,0,0.257,High,0,Attacking,-2.3929434543745254,0.5700833610180451
Boubakar Kouyaté,Montpellier,Ligue 1,DF,Defender,27-045,1928.0,0.0,2.0,0.6535269709543569,40.75207468879668,82.4,2.2873443983402493,1.353734439834025,0.09336099585062241,0,0.095,Low,2,Defensive,1.2159983370236478,0.8076264122175936
Léo Leroy,Montpellier,Ligue 1,MF,Midfielder,24-106,499.0,0.0,1.0,1.2625250501002003,33.186372745490985,71.7,3.4268537074148298,1.2625250501002003,0.18036072144288579,1,0.172,Low,2,Defensive,0.5498930972381759,2.5298901388934545
Lucas Mincarelli,Montpellier,Ligue 1,"DF,MF",Defender,20-146,978.0,1.0,1.0,0.5521472392638036,40.306748466257666,74.4,2.6687116564417175,0.7361963190184049,0.18404907975460122,1,0.147,Low,2,Defensive,0.41049522874657085,1.2061742942511928
Arnaud Nordin,Montpellier,Ligue 1,"FW,MF",Forward,25-348,1246.0,5.0,3.0,2.0947030497592296,28.170144462279293,77.9,0.8667736757624398,0.14446227929373998,0.5778491171749598,1,0.49,High,0,Attacking,-1.9079591363729997,-0.7733646905303193
Becir Omeragic,Montpellier,Ligue 1,"DF,MF",Defender,22-131,2312.0,0.0,0.0,0.35034602076124566,41.26297577854671,85.3,1.8685121107266436,1.051038062283737,0.0,0,0.031,Low,2,Defensive,1.0647321875702096,0.052928198210388806
Falaye Sacko,Montpellier,Ligue 1,DF,Defender,29-029,1382.0,0.0,1.0,0.06512301013024602,51.05643994211288,77.2,1.8234442836468885,1.5629522431259044,0.06512301013024602,0,0.057,Low,2,Defensive,1.4853619339878508,0.7083470013971577
Modibo Sagnan,Montpellier,Ligue 1,DF,Defender,25-046,1054.0,2.0,0.0,0.7685009487666035,44.146110056926,85.5,2.903225806451613,1.2808349146110058,0.17077798861480076,1,0.127,Low,2,Defensive,1.654591032971607,0.9693289947484156
Téji Savanier,Montpellier,Ligue 1,MF,Midfielder,32-160,2765.0,9.0,6.0,2.4412296564195297,61.45388788426763,69.2,1.2043399638336347,1.074141048824593,0.4882459312839059,1,0.482,High,0,Attacking,-0.5915332651974112,-0.07298073873583272
Issiaga Sylla,Montpellier,Ligue 1,"DF,FW",Defender,30-150,1455.0,1.0,2.0,0.8041237113402061,44.47422680412371,73.4,1.7319587628865978,1.4226804123711339,0.18556701030927833,1,0.148,Low,2,Defensive,0.5428719470425901,0.8858146701593121
Musa Al-Taamari,Montpellier,Ligue 1,FW,Forward,26-355,1928.0,5.0,2.0,2.1473029045643157,25.814315352697097,72.7,0.9336099585062241,0.18672199170124482,0.32676348547717843,1,0.382,High,0,Attacking,-2.223251514318763,-0.2910199435943749
Enzo Tchato,Montpellier,Ligue 1,DF,Defender,21-189,1125.0,0.0,0.0,0.4,51.12,74.8,2.08,0.88,0.0,0,0.032,Low,2,Defensive,0.67337932974986,0.5431894102736154
Jean-Daniel Akpa-Akpro,Monza,Serie A,MF,Midfielder,31-232,705.0,0.0,0.0,0.8936170212765958,33.57446808510638,83.7,2.5531914893617023,1.5319148936170213,0.0,0,0.052,Low,2,Defensive,1.2555807984460787,1.2355881960475759
Samuele Birindelli,Monza,Serie A,DF,Defender,24-316,2013.0,0.0,2.0,1.1177347242921014,49.359165424739196,81.7,1.2518628912071534,0.8047690014903129,0.08941877794336811,0,0.142,Low,1,Playmaking,0.19332417516311973,-0.6614008941919244
Warren Bondo,Monza,Serie A,MF,Midfielder,20-258,1475.0,1.0,1.0,1.0372881355932204,37.891525423728815,89.7,1.7694915254237287,0.36610169491525424,0.12203389830508474,0,0.148,Low,1,Playmaking,0.19207453878790784,-0.7956862734060772
Luca Caldirola,Monza,Serie A,DF,Defender,33-119,2141.0,1.0,1.0,0.37832788416627744,57.75805698271836,90.8,1.0509107893507708,1.219056515646894,0.08407286314806166,0,0.066,Low,1,Playmaking,1.602301872244523,-1.2694155423365594
Andrea Carboni,Monza,Serie A,DF,Defender,23-116,1487.0,1.0,0.0,1.089441829186281,59.0719569603228,85.3,2.299932750504371,1.0289172831203766,0.0605245460659045,0,0.112,Low,1,Playmaking,1.3927330575968833,-0.09719642775360446
Valentin Carboni,Monza,Serie A,"MF,FW",Midfielder,19-086,1169.0,2.0,3.0,1.7707442258340462,40.26518391787853,83.4,1.924721984602224,0.5389221556886228,0.3849443969204448,1,0.167,High,2,Defensive,-0.22392520034837252,-0.23580873595706234
Patrick Ciurria,Monza,Serie A,"DF,MF",Defender,29-111,1598.0,0.0,1.0,1.5769712140175218,47.70337922403004,78.2,1.6896120150187734,0.506883604505632,0.05632040050062578,0,0.163,High,2,Defensive,-0.3481361838329253,-0.28308681272568975
Lorenzo Colombo,Monza,Serie A,FW,Forward,22-083,1359.0,4.0,1.0,2.4503311258278146,17.417218543046356,70.3,1.1258278145695364,0.0,0.33112582781456956,1,0.421,High,0,Attacking,-2.831717480583035,0.07155735560288587
Andrea Colpani,Monza,Serie A,"MF,FW",Midfielder,25-019,2657.0,8.0,4.0,2.201731275875047,33.229205871283405,76.7,0.8468197214904027,0.4742190440346255,0.4064734663153933,1,0.429,High,0,Attacking,-1.5866641378319208,-0.5973141451115234
Danilo D'Ambrosio,Monza,Serie A,DF,Defender,35-264,1536.0,0.0,0.0,0.8203125,64.16015625,89.4,3.33984375,0.8203125,0.0,0,0.099,Low,1,Playmaking,2.2013091141470267,0.23556393099387546
Roberto Gagliardini,Monza,Serie A,"MF,DF",Midfielder,30-053,2360.0,1.0,2.0,1.3728813559322035,56.70762711864407,90.0,2.326271186440678,1.1822033898305084,0.11440677966101695,0,0.193,High,1,Playmaking,1.6036342215630222,-0.2313354546993355
Armando Izzo,Monza,Serie A,DF,Defender,32-089,1650.0,0.0,0.0,0.27272727272727276,67.36363636363637,90.9,1.4727272727272729,1.4727272727272729,0.0,0,0.026,Low,1,Playmaking,2.3710096399739475,-0.9653312697646907
Giorgos Kyriakopoulos,Monza,Serie A,DF,Defender,28-115,1712.0,0.0,3.0,1.2616822429906542,56.77570093457944,82.5,0.9988317757009346,0.6834112149532711,0.15771028037383178,0,0.197,High,1,Playmaking,0.14717532785916176,-1.2075662818318182
Pablo Marí,Monza,Serie A,DF,Defender,30-273,2615.0,0.0,0.0,0.27533460803059273,59.782026768642446,91.0,1.4110898661567877,1.2734225621414914,0.0,0,0.023,Low,1,Playmaking,1.9436534967498513,-0.9853421008400335
Dany Mota,Monza,Serie A,"FW,MF",Forward,26-028,2049.0,4.0,3.0,1.6691068814055638,36.7203513909224,74.8,0.5710102489019034,0.08784773060029283,0.3074670571010249,1,0.368,High,0,Attacking,-1.8187439116161743,-1.0377872493995222
Pedro Pereira,Monza,Serie A,DF,Defender,26-129,841.0,0.0,2.0,0.3210463733650416,55.3269916765755,78.5,2.0332936979785967,0.4280618311533888,0.2140309155766944,1,0.164,Low,2,Defensive,0.5995232622990975,-0.1736225275695107
Matteo Pessina,Monza,Serie A,MF,Midfielder,27-039,3222.0,6.0,3.0,0.6145251396648045,60.16759776536313,88.3,1.229050279329609,0.7541899441340782,0.25139664804469275,1,0.176,Low,1,Playmaking,1.066296122625055,-1.3809624348696303
Alessio Zerbin,Monza,Serie A,"DF,FW",Defender,25-088,684.0,0.0,1.0,0.7894736842105263,37.10526315789474,77.3,2.368421052631579,0.39473684210526316,0.13157894736842105,0,0.132,Low,2,Defensive,-0.09508207724286549,0.5734705218872893
Milan Đurić,Monza,Serie A,FW,Forward,34-008,1257.0,4.0,1.0,1.8615751789976134,19.474940334128878,51.5,0.35799522673031026,0.0,0.35799522673031026,1,0.333,High,0,Attacking,-3.901949453486046,0.6588893731382189
Matthis Abline,Nantes,Ligue 1,FW,Forward,21-063,1044.0,5.0,0.0,3.6206896551724137,19.913793103448278,70.1,0.7758620689655172,0.25862068965517243,0.4310344827586207,1,0.53,High,0,Attacking,-3.27710684526047,-0.15851470126506143
Bénie Adama Traore,Nantes,Ligue 1,"FW,MF",Forward,21-182,504.0,0.0,1.0,1.25,26.42857142857143,66.9,1.4285714285714286,0.17857142857142858,0.17857142857142858,1,0.234,High,0,Attacking,-1.860327669364018,0.5437162231958874
Kelvin Amian,Nantes,Ligue 1,DF,Defender,26-112,798.0,0.0,1.0,0.11278195488721804,39.473684210526315,76.6,1.8045112781954886,0.7894736842105263,0.11278195488721804,0,0.083,Low,2,Defensive,0.36855799986136745,0.4363090765478013
Jean-Charles Castelletto,Nantes,Ligue 1,DF,Defender,29-125,2464.0,2.0,0.0,0.3652597402597403,48.9448051948052,85.6,1.241883116883117,1.168831168831169,0.07305194805194806,0,0.061,Low,1,Playmaking,1.1072586150972905,-0.5893049891308133
Pedro Chirivella,Nantes,Ligue 1,MF,Midfielder,27-007,2594.0,1.0,1.0,0.5898226676946801,60.47417116422513,85.7,1.7347725520431765,1.0755589822667695,0.06939090208172706,0,0.085,Low,1,Playmaking,1.4789117222605084,-0.5563915815923924
Marcus Coco,Nantes,Ligue 1,"DF,FW",Defender,27-341,1481.0,1.0,0.0,0.5469277515192438,38.95340985820392,73.8,2.613099257258609,1.276164753544902,0.06076975016880486,0,0.099,Low,2,Defensive,0.8156284831953335,1.6362132168054198
Eray Cömert,Nantes,Ligue 1,DF,Defender,26-116,1995.0,2.0,0.0,0.40601503759398494,47.95488721804511,88.5,1.894736842105263,1.6240601503759398,0.09022556390977443,0,0.078,Low,1,Playmaking,1.9536170958730152,0.1238293630915898
Nicolas Cozza,Nantes,Ligue 1,DF,Defender,25-143,895.0,0.0,0.0,0.5027932960893855,36.80446927374302,73.8,3.519553072625698,1.4078212290502794,0.0,0,0.058,Low,2,Defensive,1.32725820166105,2.543176057981707
Douglas,Nantes,Ligue 1,MF,Midfielder,27-138,1772.0,0.0,0.0,0.8126410835214446,52.8216704288939,86.9,3.5553047404063203,1.3205417607223475,0.0,0,0.059,Low,2,Defensive,2.3058352171970866,1.2316917994730963
Jean-Kevin Duverne,Nantes,Ligue 1,DF,Defender,26-323,1348.0,0.0,0.0,0.26706231454005935,49.60682492581602,80.3,2.470326409495549,1.2017804154302671,0.0,0,0.024,Low,2,Defensive,1.4889061027620845,0.7935833272239932
Abdoul Kader Bamba,Nantes,Ligue 1,"FW,MF",Forward,30-005,611.0,2.0,1.0,2.062193126022913,49.49263502454992,79.5,1.4729950900163666,0.5891980360065466,0.44189852700490995,1,0.408,High,0,Attacking,-0.4903527005591499,-0.5657312445215915
Tino Kadewere,Nantes,Ligue 1,"FW,MF",Forward,28-146,781.0,1.0,0.0,1.0371318822023048,24.545454545454547,72.3,1.0371318822023048,1.152368758002561,0.11523687580025609,0,0.135,Low,2,Defensive,-0.7860052961854737,0.6532954769329761
Quentin Merlin,Nantes,Ligue 1,DF,Defender,22-014,1283.0,0.0,1.0,0.9820732657833203,58.99454403741231,73.1,2.034294621979735,1.2626656274356975,0.0701480904130943,0,0.116,Low,2,Defensive,0.8487186164509144,0.6666260652724391
Mostafa Mohamed,Nantes,Ligue 1,FW,Forward,26-184,2002.0,8.0,2.0,2.787212787212787,16.58841158841159,64.5,0.9440559440559441,0.5394605394605395,0.4495504495504496,1,0.486,High,0,Attacking,-2.933878891165942,0.7000045073980796
Florent Mollet,Nantes,Ligue 1,"MF,FW",Midfielder,32-193,2083.0,4.0,4.0,2.765242438790206,45.92894863178108,77.7,0.7777244359097455,0.5616898703792607,0.34565530484877577,1,0.656,High,0,Attacking,-1.3970528017968822,-1.0082848709859256
Samuel Moutoussamy,Nantes,Ligue 1,MF,Midfielder,27-292,1107.0,1.0,0.0,1.2195121951219512,40.48780487804878,83.7,3.089430894308943,0.8943089430894309,0.08130081300813008,0,0.088,Low,2,Defensive,0.9540210062245471,1.0110268507984579
Nicolas Pallois,Nantes,Ligue 1,DF,Defender,36-254,1589.0,0.0,1.0,0.22655758338577722,43.83889238514789,80.1,1.9257394587791064,1.472624292007552,0.056639395846444306,0,0.03,Low,2,Defensive,1.3260317105743713,0.7017495135066287
Ronaël Pierre-Gabriel,Nantes,Ligue 1,DF,Defender,25-352,598.0,0.0,0.0,1.0535117056856187,43.49498327759197,78.5,2.25752508361204,1.2040133779264213,0.0,0,0.106,Low,2,Defensive,0.7238020278213855,0.8305467271817651
Moses Simon,Nantes,Ligue 1,"FW,MF",Forward,28-323,1788.0,3.0,5.0,1.6610738255033557,25.57046979865772,62.6,0.3523489932885906,0.15100671140939598,0.40268456375838924,1,0.375,High,0,Attacking,-2.865722420619913,-0.09679467821854519
Moussa Sissoko,Nantes,Ligue 1,MF,Midfielder,34-288,1821.0,0.0,0.0,0.4942339373970346,33.65733113673805,80.3,1.3344316309719932,0.5930807248764415,0.0,0,0.042,Low,2,Defensive,-0.18411915619911456,-0.2274995623183271
Nathan Zeze,Nantes,Ligue 1,DF,Defender,18-347,1022.0,0.0,0.0,0.26418786692759294,42.35812133072407,84.6,0.9686888454011742,1.0567514677103718,0.0,0,0.009,Low,1,Playmaking,0.6788029849348904,-0.6647223667733361
Jens Cajuste,Napoli,Serie A,MF,Midfielder,24-294,1016.0,0.0,2.0,1.4173228346456692,38.53346456692913,84.8,3.1889763779527556,0.3543307086614173,0.17716535433070865,1,0.17,High,2,Defensive,0.40746612708766183,0.6522556087234646
Giovanni Di Lorenzo,Napoli,Serie A,DF,Defender,30-300,3234.0,1.0,6.0,1.0296846011131726,76.02968460111317,84.7,1.6141001855287571,0.6679035250463823,0.19480519480519484,1,0.199,High,1,Playmaking,1.2149957015919863,-1.3101017031035618
Juan Jesus,Napoli,Serie A,DF,Defender,32-355,2116.0,1.0,0.0,0.34026465028355385,72.6890359168242,90.5,1.7863894139886578,0.9782608695652173,0.04253308128544423,0,0.081,Low,1,Playmaking,2.157051174562775,-1.1838724105827902
Khvicha Kvaratskhelia,Napoli,Serie A,FW,Forward,23-108,2737.0,11.0,6.0,4.208987943003288,39.45926196565583,80.4,1.381074168797954,0.42747533796127146,0.5590062111801243,1,0.658,High,0,Attacking,-1.9854735945078918,-0.7292612849369372
Stanislav Lobotka,Napoli,Serie A,MF,Midfielder,29-187,3282.0,0.0,1.0,0.3839122486288848,62.468007312614255,91.4,1.672760511882998,0.8226691042047531,0.027422303473491772,0,0.051,Low,1,Playmaking,1.69464160039781,-1.2048364991298728
Natan,Napoli,Serie A,DF,Defender,23-114,952.0,0.0,0.0,0.5672268907563025,62.96218487394958,87.2,1.3235294117647058,0.7563025210084033,0.0,0,0.156,Low,1,Playmaking,1.15469401453199,-1.294214055473452
Mathías Olivera,Napoli,Serie A,DF,Defender,26-212,1569.0,1.0,1.0,0.6883365200764818,67.39961759082217,87.1,2.8680688336520075,1.147227533460803,0.1147227533460803,0,0.129,Low,1,Playmaking,2.310498154505629,0.1685425889860517
Victor Osimhen,Napoli,Serie A,FW,Forward,25-153,1982.0,15.0,3.0,3.8597376387487388,13.168516649848637,66.9,0.40867810292633705,0.09081735620585267,0.8173562058526741,1,0.791,High,0,Attacking,-4.098740033679791,-0.22984687404869494
Matteo Politano,Napoli,Serie A,FW,Forward,30-301,2360.0,8.0,7.0,2.745762711864407,49.271186440677965,76.9,0.7245762711864407,0.5720338983050848,0.5720338983050848,1,0.63,High,0,Attacking,-1.3521062604183414,-1.0731223060556696
Giacomo Raspadori,Napoli,Serie A,"FW,MF",Forward,24-102,1584.0,5.0,3.0,3.4090909090909087,40.28409090909091,74.0,1.1931818181818181,0.17045454545454544,0.4545454545454545,1,0.478,High,0,Attacking,-2.252930801801052,-0.6201058710161466
Amir Rrahmani,Napoli,Serie A,DF,Defender,30-096,2600.0,3.0,0.0,0.8653846153846154,78.0576923076923,89.9,1.1423076923076922,0.6923076923076923,0.10384615384615384,0,0.121,Low,1,Playmaking,1.4464650616579395,-2.062767391028767
Mário Rui,Napoli,Serie A,DF,Defender,33-003,1205.0,0.0,2.0,0.37344398340248963,79.76763485477179,80.5,2.016597510373444,1.120331950207469,0.14937759336099585,0,0.16,Low,1,Playmaking,2.0219433246547927,-0.4074803276121539
Giovanni Simeone,Napoli,Serie A,FW,Forward,28-330,800.0,1.0,0.0,3.9375,21.037499999999998,70.6,1.3499999999999999,0.11249999999999999,0.11249999999999999,0,0.464,High,0,Attacking,-3.237714391517695,0.12578200997571543
Leo Skiri Østigård,Napoli,Serie A,DF,Defender,24-184,1625.0,1.0,0.0,0.38769230769230767,74.16,87.5,1.3292307692307692,0.8861538461538461,0.05538461538461538,0,0.07,Low,1,Playmaking,1.7049970055014814,-1.475056075661115
Andre-Frank Zambo Anguissa,Napoli,Serie A,MF,Midfielder,28-196,2786.0,0.0,2.0,1.0660445082555636,59.407753050969134,87.2,1.9705671213208902,0.9045226130653267,0.06460875807609476,0,0.112,Low,1,Playmaking,1.2494118916532144,-0.5947295061978427
Piotr Zieliński,Napoli,Serie A,MF,Midfielder,30-010,1924.0,3.0,2.0,1.3565488565488566,58.70582120582121,82.6,1.0758835758835759,0.42099792099792105,0.2338877338877339,1,0.281,High,1,Playmaking,-0.0460906266973208,-1.4004396507881622
Miguel Almirón,Newcastle Utd,Premier League,FW,Forward,30-110,1937.0,3.0,1.0,1.9050077439339184,37.26381001548787,83.4,1.6726897263810017,0.4646360351058338,0.1858544140423335,1,0.228,High,0,Attacking,-0.5648603523088412,-0.43626634466985764
Elliot Anderson,Newcastle Utd,Premier League,"MF,FW",Midfielder,21-206,1027.0,0.0,2.0,1.665043816942551,40.399221032132424,80.5,2.103213242453749,0.7010710808179162,0.17526777020447906,1,0.135,High,2,Defensive,-0.09574839770552646,0.22796464867532107
Harvey Barnes,Newcastle Utd,Premier League,"FW,MF",Forward,26-173,802.0,5.0,3.0,3.029925187032419,30.52369077306733,76.5,0.6733167082294265,0.5610972568578554,0.8977556109725686,1,0.618,High,0,Attacking,-2.0875555598196596,-0.6563647398501394
Sven Botman,Newcastle Utd,Premier League,DF,Defender,24-139,1377.0,2.0,2.0,0.6535947712418301,66.47058823529412,90.6,1.3071895424836601,0.5882352941176471,0.26143790849673204,1,0.18,Low,1,Playmaking,1.2399555300561873,-1.7488899991095197
Dan Burn,Newcastle Utd,Premier League,DF,Defender,32-021,2726.0,2.0,2.0,0.7593543653705063,55.00366837857667,81.0,2.0139398385913427,1.2215700660308144,0.13206162876008803,0,0.139,Low,2,Defensive,1.2413190304647108,0.21519311313380277
Anthony Gordon,Newcastle Utd,Premier League,FW,Forward,23-096,2890.0,11.0,10.0,2.4913494809688577,32.85467128027681,76.1,1.7128027681660898,0.21799307958477507,0.6539792387543252,1,0.345,High,0,Attacking,-1.6027298449088614,-0.041920529439153434
Bruno Guimarães,Newcastle Utd,Premier League,MF,Midfielder,26-196,3263.0,7.0,8.0,1.3239350291143122,63.7695372356727,83.9,2.4272142200429054,0.9377873122893043,0.41372969659822256,1,0.325,High,1,Playmaking,1.3080641193931848,-0.10030346931696021
Lewis Hall,Newcastle Utd,Premier League,DF,Defender,19-265,781.0,1.0,0.0,1.267605633802817,63.72599231754162,81.7,3.2266325224071704,1.4980793854033292,0.11523687580025609,0,0.138,Low,2,Defensive,2.109731573430384,1.1311502807798415
Alexander Isak,Newcastle Utd,Premier League,FW,Forward,24-252,2255.0,21.0,2.0,2.8736141906873613,19.676274944567627,78.1,0.19955654101995565,0.23946784922394676,0.917960088691796,1,0.695,High,0,Attacking,-2.7540911364045257,-1.1163818106223353
Joelinton,Newcastle Utd,Premier League,"MF,FW",Midfielder,27-290,1279.0,2.0,1.0,1.3369820172009383,44.120406567630965,83.7,2.7443315089913995,1.3369820172009383,0.2111024237685692,1,0.17,Low,2,Defensive,1.2476751816025553,0.9571062435200578
Emil Krafth,Newcastle Utd,Premier League,DF,Defender,29-302,913.0,0.0,0.0,0.39430449069003287,57.17415115005477,84.1,2.0700985761226725,0.887185104052574,0.0,0,0.064,Low,1,Playmaking,1.3750041713386463,-0.2183476248509863
Jamaal Lascelles,Newcastle Utd,Premier League,DF,Defender,30-201,1080.0,1.0,0.0,0.5,64.5,86.4,1.1666666666666667,0.4166666666666667,0.08333333333333333,0,0.107,Low,1,Playmaking,0.7974594482597472,-1.6585854699170972
Valentino Livramento,Newcastle Utd,Premier League,DF,Defender,21-200,1314.0,1.0,0.0,0.273972602739726,54.93150684931507,85.9,1.5753424657534247,1.7123287671232876,0.0684931506849315,0,0.042,Low,1,Playmaking,2.0036563310667463,-0.06721277477867166
Sean Longstaff,Newcastle Utd,Premier League,MF,Midfielder,26-213,2747.0,6.0,2.0,1.3432835820895523,40.65890061885693,79.9,1.7692027666545322,0.5569712413542046,0.2621041135784492,1,0.251,High,2,Defensive,-0.2544747020067589,-0.10080863644030454
Lewis Miley,Newcastle Utd,Premier League,MF,Midfielder,18-029,1202.0,1.0,3.0,0.973377703826955,40.05823627287853,82.4,2.470881863560732,0.5990016638935108,0.2995008319467554,1,0.2,Low,2,Defensive,0.42353685757734066,0.39057045656585204
Jacob Murphy,Newcastle Utd,Premier League,"FW,DF",Forward,29-096,1189.0,3.0,7.0,2.270815811606392,39.28511354079058,66.1,1.5138772077375946,0.37846930193439865,0.7569386038687973,1,0.309,High,0,Attacking,-1.8167024900908986,0.4261582340879825
Fabian Schär,Newcastle Utd,Premier League,DF,Defender,32-162,3054.0,4.0,1.0,1.031434184675835,62.74066797642437,82.7,1.2377210216110022,1.0609037328094304,0.14734774066797646,0,0.136,Low,1,Playmaking,0.9072875327421326,-0.8708346460593286
Kieran Trippier,Newcastle Utd,Premier League,DF,Defender,33-254,2236.0,1.0,10.0,0.3220035778175313,85.7737030411449,76.2,2.2942754919499104,0.9660107334525939,0.4427549194991055,1,0.299,Low,1,Playmaking,1.9659256789642299,-0.1543323038724479
Callum Wilson,Newcastle Utd,Premier League,FW,Forward,32-093,991.0,9.0,1.0,2.996972754793138,14.803229061553987,64.4,0.45408678102926336,0.18163471241170534,0.9081735620585267,1,0.675,High,0,Attacking,-3.658937045801281,0.06148125034455616
Mohamed Ali Cho,Nice,Ligue 1,FW,Forward,20-132,861.0,1.0,2.0,1.8815331010452963,28.013937282229964,72.0,1.2543554006968642,0.31358885017421606,0.313588850174216,1,0.384,High,0,Attacking,-1.798134993161671,0.08086790011396738
Melvin Bard,Nice,Ligue 1,DF,Defender,23-206,2654.0,1.0,2.0,0.5086661642803316,60.49736247174077,81.7,2.3398643556895253,1.4242652599849286,0.10173323285606631,0,0.09,Low,2,Defensive,1.9050563151513353,0.4739591571587936
Jeremie Boga,Nice,Ligue 1,FW,Forward,27-148,1998.0,6.0,6.0,1.7567567567567568,33.91891891891892,77.4,0.8108108108108109,0.3603603603603604,0.5405405405405406,1,0.471,High,0,Attacking,-1.429680218398976,-0.7430878706737575
Hicham Boudaoui,Nice,Ligue 1,MF,Midfielder,24-250,1613.0,2.0,0.0,1.6181029138251706,40.00619962802232,83.8,2.2876627402355862,0.6137631742095475,0.1115933044017359,0,0.165,High,2,Defensive,0.10814215872503535,0.11252300304188102
Alexis Claude-Maurice,Nice,Ligue 1,MF,Midfielder,25-359,504.0,0.0,0.0,3.2142857142857144,45.17857142857143,79.8,2.142857142857143,0.8928571428571429,0.0,0,0.384,High,0,Attacking,-0.5692637356050412,0.22076263383555583
Dante,Nice,Ligue 1,DF,Defender,40-225,2843.0,1.0,1.0,0.47485051002462186,88.73373197326768,90.6,1.9627154414351038,1.1712979247274007,0.06331340133661625,0,0.096,Low,1,Playmaking,2.818821997648528,-1.30473904219631
Sofiane Diop,Nice,Ligue 1,FW,Forward,23-356,499.0,0.0,0.0,2.5250501002004007,31.743486973947896,81.3,1.4428857715430863,0.5410821643286573,0.0,0,0.339,High,0,Attacking,-1.1865098846595468,-0.34092190962530844
Evann Guessand,Nice,Ligue 1,FW,Forward,22-334,1553.0,6.0,0.0,2.6658081133290406,17.037990985189953,74.1,0.927237604636188,0.695428203477141,0.3477141017385705,1,0.473,High,0,Attacking,-2.1838493786021944,0.17048562303618256
Gaëtan Laborde,Nice,Ligue 1,"FW,MF",Forward,30-027,1906.0,5.0,2.0,2.9275970619097587,26.348373557187827,65.6,0.8499475341028332,0.2833158447009444,0.3305351521511018,1,0.385,High,0,Attacking,-2.9441137108589706,0.10801435240867344
Jordan Lotomba,Nice,Ligue 1,DF,Defender,25-244,1804.0,1.0,0.0,0.5487804878048781,49.589800443458984,83.9,1.796008869179601,0.7982261640798226,0.04988913525498891,0,0.07,Low,1,Playmaking,0.8572973898481775,-0.3235438231830062
Terem Moffi,Nice,Ligue 1,FW,Forward,25-005,1949.0,11.0,2.0,2.1241662390969727,17.870702924576708,70.8,0.323242688558235,0.13853258081067216,0.6003078501795792,1,0.532,High,0,Attacking,-2.8801773022099475,-0.5118280148955194
Youssouf Ndayishimiye,Nice,Ligue 1,"MF,DF",Midfielder,25-216,1712.0,0.0,0.0,0.735981308411215,71.54789719626169,89.9,1.6296728971962617,0.6308411214953271,0.0,0,0.087,Low,1,Playmaking,1.4975679788004101,-1.5344007966684752
Pablo Rosario,Nice,Ligue 1,"MF,DF",Midfielder,27-144,2009.0,0.0,0.0,0.7167745146839223,53.17570930811349,89.0,1.6127426580388253,1.2991538078646092,0.0,0,0.048,Low,1,Playmaking,1.5421864247079535,-0.5366113513117494
Morgan Sanson,Nice,Ligue 1,MF,Midfielder,29-286,1964.0,2.0,3.0,1.8788187372708758,38.30957230142566,75.4,1.1914460285132382,0.9164969450101833,0.2291242362525458,1,0.369,High,0,Attacking,-0.7801481540299358,0.0024153462180193973
Khéphren Thuram,Nice,Ligue 1,MF,Midfielder,23-065,2108.0,1.0,1.0,1.6650853889943076,48.41555977229602,86.2,1.793168880455408,0.7685009487666035,0.08538899430740038,0,0.133,High,1,Playmaking,0.3706358850340544,-0.550389933273199
Jean-Clair Todibo,Nice,Ligue 1,DF,Defender,24-152,2651.0,0.0,2.0,0.3055450773293097,84.43228970199924,89.6,1.969068276122218,1.2900792153904188,0.06789890607317993,0,0.103,Low,1,Playmaking,2.8364562742620354,-1.027069933230666
Ola Aina,Nott'ham Forest,Premier League,DF,Defender,27-235,1692.0,1.0,1.0,0.5851063829787234,42.659574468085104,75.2,2.5,0.9574468085106382,0.10638297872340426,0,0.115,Low,2,Defensive,0.6322306789643571,1.1185058663096727
Serge Aurier,Nott'ham Forest,Premier League,"DF,MF",Defender,31-158,833.0,0.0,2.0,0.6482593037214885,48.403361344537814,77.7,2.160864345738295,0.9723889555822328,0.2160864345738295,1,0.149,Low,2,Defensive,0.7596156576019173,0.5381246265508423
Taiwo Awoniyi,Nott'ham Forest,Premier League,FW,Forward,26-292,1042.0,6.0,3.0,1.9001919385796546,15.115163147792707,72.6,0.7773512476007678,0.08637236084452975,0.7773512476007678,1,0.427,High,0,Attacking,-2.5803617067885347,-0.2078366387630349
Willy Boly,Nott'ham Forest,Premier League,DF,Defender,33-117,1438.0,2.0,1.0,0.8762169680111266,41.99582753824757,75.0,2.878998609179416,1.564673157162726,0.18776077885952713,1,0.088,Low,2,Defensive,1.2009351641282933,1.8950388608010607
Danilo,Nott'ham Forest,Premier League,MF,Midfielder,23-031,1792.0,2.0,2.0,1.1551339285714286,38.06919642857143,77.7,1.8080357142857142,1.7578125,0.20089285714285715,1,0.183,Low,2,Defensive,0.7743069002754561,1.0496234904880428
Nicolás Domínguez,Nott'ham Forest,Premier League,"MF,FW",Midfielder,25-337,1495.0,2.0,2.0,1.3244147157190636,50.74916387959866,84.7,3.7926421404682276,1.0836120401337792,0.2408026755852843,1,0.221,High,2,Defensive,1.7612436138019778,1.4103414274068078
Anthony Elanga,Nott'ham Forest,Premier League,"FW,MF",Forward,22-033,2433.0,5.0,9.0,1.9975339087546238,26.337854500616523,69.9,1.220715166461159,0.29593094944512943,0.5178791615289765,1,0.463,High,0,Attacking,-2.054175435461649,0.21042285400199975
Morgan Gibbs-White,Nott'ham Forest,Premier League,"MF,FW",Midfielder,24-124,3156.0,5.0,10.0,1.9961977186311786,42.20532319391634,70.6,1.026615969581749,0.4847908745247148,0.42775665399239543,1,0.503,High,0,Attacking,-1.4755850277425087,-0.24630691296788387
Callum Hudson-Odoi,Nott'ham Forest,Premier League,"FW,MF",Forward,23-205,1854.0,8.0,1.0,1.8446601941747571,35.728155339805824,78.0,0.8737864077669902,0.3398058252427184,0.4368932038834951,1,0.434,High,0,Attacking,-1.376895140298694,-0.7963884177174598
Orel Mangala,Nott'ham Forest,Premier League,MF,Midfielder,26-073,1563.0,1.0,0.0,0.5758157389635317,37.19769673704415,88.2,1.5547024952015354,1.4971209213051824,0.05758157389635316,0,0.057,Low,1,Playmaking,1.2652073303830411,0.019121248613370067
Gonzalo Montiel,Nott'ham Forest,Premier League,DF,Defender,27-150,801.0,0.0,2.0,0.33707865168539325,43.37078651685393,75.6,2.4719101123595504,1.0112359550561798,0.2247191011235955,1,0.15,Low,2,Defensive,0.8347476993650315,1.109446945857744
Murillo,Nott'ham Forest,Premier League,DF,Defender,21-331,2789.0,0.0,2.0,0.5485837217640732,47.11366081032629,76.9,1.6134815346002152,1.1939763356041593,0.0645392613840086,0,0.088,Low,2,Defensive,0.6736843413832001,0.3405210482945262
Moussa Niakhate,Nott'ham Forest,Premier League,DF,Defender,28-083,1460.0,1.0,0.0,0.3082191780821918,47.71232876712329,79.7,2.589041095890411,0.863013698630137,0.06164383561643836,0,0.082,Low,2,Defensive,1.122022511470424,0.7222622167092569
Andrew Omobamidele,Nott'ham Forest,Premier League,DF,Defender,21-342,783.0,0.0,0.0,0.1149425287356322,35.63218390804598,87.4,1.149425287356322,1.4942528735632186,0.0,0,0.01,Low,1,Playmaking,1.2092705912904287,-0.19529223127090606
Divock Origi,Nott'ham Forest,Premier League,FW,Forward,29-042,606.0,0.0,1.0,2.0792079207920793,21.386138613861387,63.9,0.8910891089108911,0.297029702970297,0.1485148514851485,0,0.419,High,0,Attacking,-2.729242270033224,0.447189905847592
Ibrahim Sangaré,Nott'ham Forest,Premier League,MF,Midfielder,26-180,1035.0,0.0,0.0,0.6956521739130435,36.95652173913044,79.8,3.652173913043478,1.391304347826087,0.0,0,0.063,Low,2,Defensive,1.620994060751484,2.2297784945469576
Nuno Tavares,Nott'ham Forest,Premier League,DF,Defender,24-125,457.0,0.0,0.0,1.3785557986870898,53.96061269146609,73.4,2.166301969365427,0.19693654266958427,0.0,0,0.149,High,2,Defensive,-0.4025225769056839,0.05628337606770513
Harry Toffolo,Nott'ham Forest,Premier League,DF,Defender,28-285,1459.0,1.0,3.0,0.4934886908841672,36.39479095270733,71.9,1.6038382453735434,0.8636052090472927,0.2467443454420836,1,0.144,Low,2,Defensive,-0.19904851645781002,0.6817491072890398
Neco Williams,Nott'ham Forest,Premier League,DF,Defender,23-047,1637.0,0.0,1.0,0.8246792913866829,43.1582162492364,66.1,3.7935247403787415,1.209529627367135,0.05497861942577886,0,0.125,Low,2,Defensive,0.8622649983552514,2.9479911416910296
Chris Wood,Nott'ham Forest,Premier League,FW,Forward,32-175,1812.0,14.0,1.0,2.384105960264901,21.50662251655629,64.2,0.347682119205298,0.049668874172185434,0.7450331125827815,1,0.486,High,0,Attacking,-3.3470277253048177,-0.23323963827347655
Ryan Yates,Nott'ham Forest,Premier League,MF,Midfielder,26-191,1992.0,1.0,1.0,1.4457831325301205,37.3644578313253,79.6,2.9819277108433737,0.9487951807228916,0.09036144578313253,0,0.123,High,2,Defensive,0.5213217350648123,1.2920088207332427
Jesús Areso,Osasuna,La Liga,DF,Defender,24-333,2660.0,1.0,6.0,0.30451127819548873,46.285714285714285,74.6,1.5225563909774436,0.6090225563909775,0.23684210526315788,1,0.146,Low,2,Defensive,0.05529436427650089,0.017112025912992632
José Arnaiz,Osasuna,La Liga,"FW,MF",Forward,29-045,929.0,2.0,1.0,2.809472551130247,30.807319698600644,73.3,1.356297093649085,0.2906350914962325,0.2906350914962325,1,0.413,High,0,Attacking,-2.0779918173793566,-0.0724912563753312
Ezequiel Ávila,Osasuna,La Liga,"FW,MF",Forward,30-114,864.0,1.0,3.0,2.8125,38.645833333333336,62.5,0.3125,0.4166666666666667,0.4166666666666667,1,0.51,High,0,Attacking,-2.8393729736764266,-0.32986496808616733
Ante Budimir,Osasuna,La Liga,FW,Forward,32-313,2435.0,17.0,2.0,2.6981519507186857,16.299794661190965,54.6,0.7761806981519507,0.18480492813141683,0.702258726899384,1,0.53,High,0,Attacking,-3.8637713552421165,0.9587037326890593
Catena,Osasuna,La Liga,DF,Defender,29-215,2534.0,1.0,3.0,0.6393054459352802,47.62825572217837,81.7,1.1720599842146804,0.5327545382794001,0.1420678768745067,0,0.085,Low,1,Playmaking,0.0904921792322998,-0.8536810278171951
Juan Cruz Armada,Osasuna,La Liga,DF,Defender,31-307,1667.0,0.0,1.0,0.16196760647870426,50.80383923215357,75.7,1.4577084583083384,0.647870425914817,0.05398920215956809,0,0.064,Low,2,Defensive,0.3227949021497276,-0.18088025045423847
David García,Osasuna,La Liga,DF,Defender,30-106,2334.0,0.0,1.0,0.5784061696658097,51.63239074550128,82.8,1.1182519280205656,0.6940874035989717,0.038560411311053984,0,0.058,Low,1,Playmaking,0.42174680025953537,-0.944276795601981
Rubén García,Osasuna,La Liga,"FW,MF",Forward,30-321,1547.0,3.0,2.0,1.6289592760180995,45.02908855850032,67.1,1.861667744020685,0.6981254040077569,0.29088558500323203,1,0.225,High,0,Attacking,-0.8160147044633886,0.7927197150005586
Unai García,Osasuna,La Liga,DF,Defender,32-117,560.0,1.0,0.0,0.3214285714285714,32.464285714285715,78.2,1.9285714285714286,1.2857142857142856,0.1607142857142857,0,0.12,Low,2,Defensive,0.6736729208087655,0.962468455116448
Moi Gómez,Osasuna,La Liga,"MF,FW",Midfielder,29-342,2006.0,3.0,0.0,0.8524426719840479,52.806580259222336,81.0,1.345962113659023,0.4935194416749751,0.1345962113659023,0,0.151,Low,1,Playmaking,0.13984000718812892,-0.8355521018606455
Jorge Herrando,Osasuna,La Liga,DF,Defender,23-092,1644.0,0.0,1.0,0.21897810218978103,40.401459854014604,79.8,1.5875912408759125,0.8211678832116789,0.05474452554744526,0,0.031,Low,2,Defensive,0.44928255908932235,0.03949554919078704
Pablo Ibáñez,Osasuna,La Liga,MF,Midfielder,25-253,1152.0,1.0,2.0,2.109375,35.3125,75.9,1.40625,0.703125,0.234375,1,0.327,High,0,Attacking,-1.0487312405959757,0.04586283982079233
Johan Mojica,Osasuna,La Liga,DF,Defender,31-283,2041.0,0.0,3.0,0.7496325330720235,52.60656540911318,72.5,1.3228809407153357,0.926016658500735,0.13228809407153355,0,0.137,Low,2,Defensive,0.09759531758614788,0.03804388176379189
Jon Moncayola,Osasuna,La Liga,MF,Midfielder,26-017,1800.0,1.0,3.0,0.8,51.25,76.7,1.35,0.75,0.2,1,0.179,Low,2,Defensive,0.1193832819952814,-0.31655684851672455
Iker Muñoz,Osasuna,La Liga,MF,Midfielder,21-207,1854.0,4.0,0.0,1.116504854368932,48.10679611650485,74.6,1.5533980582524272,0.5339805825242718,0.1941747572815534,1,0.212,High,2,Defensive,-0.35012864294250473,-0.11660753109388562
Aimar Oroz,Osasuna,La Liga,MF,Midfielder,22-185,2339.0,2.0,1.0,0.9234715690466012,39.82471141513467,81.1,1.6545532278751605,0.6156477126977341,0.11543394613082514,0,0.175,Low,2,Defensive,-0.0025444587575161283,-0.18013132527334264
Rubén Peña,Osasuna,La Liga,"DF,FW",Defender,32-317,2088.0,0.0,2.0,0.7327586206896552,41.16379310344828,65.5,2.0258620689655173,1.293103448275862,0.08620689655172414,0,0.126,Low,2,Defensive,0.057684687106305386,1.6379085717077062
Raúl,Osasuna,La Liga,FW,Forward,23-209,1355.0,6.0,1.0,2.1918819188191883,20.324723247232473,62.4,0.6642066420664207,0.33210332103321033,0.46494464944649444,1,0.439,High,0,Attacking,-2.974763413574596,0.4014269703314624
Lucas Torró,Osasuna,La Liga,MF,Midfielder,29-316,1788.0,1.0,0.0,1.5100671140939597,40.16778523489933,75.7,1.2583892617449663,1.6610738255033557,0.050335570469798654,0,0.187,High,2,Defensive,0.19597259798658692,0.5750130603289865
Marco Asensio,Paris S-G,Ligue 1,"MF,FW",Midfielder,28-130,1113.0,4.0,5.0,2.183288409703504,53.04582210242587,83.1,0.9703504043126684,0.40431266846361186,0.7277628032345014,1,0.55,High,0,Attacking,-0.6556068256268661,-1.4534301715582643
Bradley Barcola,Paris S-G,Ligue 1,"FW,MF",Forward,21-271,1370.0,4.0,7.0,2.036496350364964,36.91970802919708,77.6,2.2335766423357666,0.6569343065693432,0.7226277372262775,1,0.5,High,2,Defensive,-0.5221092313839515,0.552408943433703
Lucas Beraldo,Paris S-G,Ligue 1,DF,Defender,20-188,1008.0,1.0,0.0,0.44642857142857145,86.42857142857143,89.6,1.9642857142857144,1.7857142857142858,0.08928571428571429,0,0.086,Low,1,Playmaking,3.2818646597386056,-0.7202938063414969
Ousmane Dembélé,Paris S-G,Ligue 1,"MF,FW",Midfielder,27-015,1506.0,3.0,8.0,2.5697211155378485,62.39043824701195,75.9,1.1354581673306772,0.298804780876494,0.6573705179282868,1,0.61,High,0,Attacking,-1.0040719534698088,-1.1808215890286458
Achraf Hakimi,Paris S-G,Ligue 1,DF,Defender,25-208,1932.0,4.0,5.0,1.956521739130435,92.18944099378882,86.5,1.3509316770186337,0.5590062111801243,0.41925465838509324,1,0.425,High,1,Playmaking,1.094483829351338,-2.192646573865449
Lucas Hernández,Paris S-G,Ligue 1,DF,Defender,28-106,1909.0,1.0,1.0,0.2828706128863279,87.64274489261393,89.8,2.4515453116815085,1.2729177579884756,0.09429020429544263,0,0.101,Low,1,Playmaking,3.163486839310477,-0.7298661243950471
Lee Kang-in,Paris S-G,Ligue 1,"FW,MF",Forward,23-101,1464.0,3.0,4.0,1.4139344262295084,62.1516393442623,82.6,1.598360655737705,0.36885245901639346,0.43032786885245905,1,0.323,High,1,Playmaking,0.22319526983755417,-1.0945873954149696
Randal Kolo Muani,Paris S-G,Ligue 1,"FW,MF",Forward,25-177,1268.0,6.0,5.0,1.5615141955835963,25.48107255520505,72.1,0.7097791798107256,0.28391167192429023,0.7807570977917981,1,0.55,High,0,Attacking,-1.9918535053275817,-0.3145597180587462
Marquinhos,Paris S-G,Ligue 1,DF,Defender,30-016,1537.0,0.0,1.0,0.2342225113858165,105.8100195185426,94.4,1.1125569290826285,0.9954456733897201,0.05855562784645413,0,0.057,Low,1,Playmaking,3.075844689638111,-2.7943273238513875
Kylian Mbappé,Paris S-G,Ligue 1,FW,Forward,25-162,2158.0,27.0,7.0,4.670991658943466,40.24559777571826,83.0,0.16682113067655235,0.08341056533827618,1.4179796107506952,1,1.088,High,0,Attacking,-2.940041644240654,-2.2174148748519054
Nordi Mukiele,Paris S-G,Ligue 1,DF,Defender,26-211,796.0,0.0,0.0,1.0175879396984924,65.35175879396985,84.1,1.3567839195979898,1.5829145728643215,0.0,0,0.08,Low,1,Playmaking,1.6089202876697508,-0.5373757871105255
Danilo Pereira,Paris S-G,Ligue 1,DF,Defender,32-264,1995.0,0.0,0.0,0.45112781954887216,100.28571428571428,94.0,0.9924812030075187,1.037593984962406,0.0,0,0.07,Low,1,Playmaking,2.7696764231759405,-2.715877954326671
Gonçalo Ramos,Paris S-G,Ligue 1,FW,Forward,22-345,1419.0,11.0,1.0,3.424947145877378,25.179704016913316,76.6,1.5856236786469344,0.3171247357293869,0.7610993657505285,1,0.423,High,0,Attacking,-2.2257032558397896,0.015520151048398498
Fabián Ruiz Peña,Paris S-G,Ligue 1,MF,Midfielder,28-057,1197.0,1.0,3.0,1.4285714285714286,65.56390977443608,89.2,2.556390977443609,0.8270676691729323,0.3007518796992481,1,0.297,High,1,Playmaking,1.5641453882300722,-0.47507580585663095
Milan Škriniar,Paris S-G,Ligue 1,DF,Defender,29-109,1629.0,0.0,0.0,0.16574585635359115,100.55248618784529,95.3,1.3259668508287292,0.6629834254143646,0.0,0,0.028,Low,1,Playmaking,2.8019375427442488,-2.7899946548567853
Carlos Soler,Paris S-G,Ligue 1,"MF,DF",Midfielder,27-149,1090.0,2.0,2.0,1.1559633027522935,64.56880733944955,85.7,1.2385321100917432,0.41284403669724773,0.3302752293577982,1,0.236,High,1,Playmaking,0.4653172251347085,-1.6047734288189417
Manuel Ugarte Ribeiro,Paris S-G,Ligue 1,MF,Midfielder,23-049,1932.0,0.0,2.0,0.46583850931677023,62.00310559006212,91.2,4.565217391304349,1.863354037267081,0.09316770186335405,0,0.089,Low,2,Defensive,3.965154971171973,1.9922370932263234
Vitinha,Paris S-G,Ligue 1,MF,Midfielder,24-107,2126.0,7.0,4.0,1.9049858889934148,78.31608654750706,89.7,1.6509877704609595,0.973659454374412,0.46566321730950133,1,0.417,High,1,Playmaking,1.4293059337198777,-1.4984610657994235
Warren Zaire-Emery,Paris S-G,Ligue 1,"MF,DF",Midfielder,18-083,1962.0,2.0,3.0,0.6422018348623852,65.5045871559633,91.8,2.3394495412844036,0.6880733944954128,0.22935779816513763,1,0.196,Low,1,Playmaking,1.8667951725535732,-0.8714334124186209
Christoph Baumgartner,RB Leipzig,Bundesliga,"MF,FW",Midfielder,24-303,1158.0,5.0,1.0,2.4093264248704664,35.44041450777202,74.6,2.0207253886010363,0.38860103626943004,0.46632124352331605,1,0.422,High,0,Attacking,-1.268092418000017,0.3817163402672996
Emil Forsberg,RB Leipzig,Bundesliga,"MF,FW",Midfielder,32-220,464.0,2.0,1.0,2.133620689655172,38.59913793103448,81.9,1.357758620689655,0.0,0.5818965517241379,1,0.439,High,0,Attacking,-1.3048605677260985,-0.995593642965013
Amadou Haidara,RB Leipzig,Bundesliga,MF,Midfielder,26-120,1526.0,2.0,1.0,1.238532110091743,48.65661861074705,84.1,2.477064220183486,1.238532110091743,0.17693315858453473,1,0.161,Low,2,Defensive,1.231127912732646,0.5308440461512932
Benjamin Henrichs,RB Leipzig,Bundesliga,DF,Defender,27-097,2526.0,1.0,5.0,1.2470308788598574,59.50118764845606,78.7,2.4228028503562946,1.175771971496437,0.2137767220902613,1,0.193,High,2,Defensive,1.1501582965644797,0.5254433885498193
Kevin Kampl,RB Leipzig,Bundesliga,MF,Midfielder,33-234,1363.0,1.0,0.0,0.39618488628026416,67.28539985326486,91.4,1.2545854732208364,0.7263389581804842,0.06603081438004402,0,0.065,Low,1,Playmaking,1.5392910824789727,-1.7434628269447383
Lukas Klostermann,RB Leipzig,Bundesliga,DF,Defender,27-362,1436.0,1.0,0.0,0.37604456824512533,72.38857938718662,89.6,0.9401114206128134,0.8147632311977716,0.06267409470752089,0,0.065,Low,1,Playmaking,1.5276054997820319,-1.9446937177679797
Castello Lukeba,RB Leipzig,Bundesliga,DF,Defender,21-165,2191.0,1.0,0.0,0.28753993610223644,77.43039707895937,91.6,0.7804655408489274,0.492925604746691,0.041077133728890915,0,0.044,Low,1,Playmaking,1.4541397405094936,-2.5665036564299073
Dani Olmo,RB Leipzig,Bundesliga,MF,Midfielder,26-023,1449.0,4.0,5.0,2.795031055900621,40.807453416149066,77.8,1.6149068322981366,0.8074534161490683,0.5590062111801242,1,0.506,High,0,Attacking,-0.9285219762506474,-0.012313238666969055
Loïs Openda,RB Leipzig,Bundesliga,FW,Forward,24-104,2697.0,24.0,7.0,3.937708565072303,17.486095661846498,66.4,0.10011123470522804,0.16685205784204674,1.0344827586206897,1,0.872,High,0,Attacking,-4.117170206392192,-0.5084068578451086
Willi Orban,RB Leipzig,Bundesliga,DF,Defender,31-209,1582.0,0.0,0.0,0.3982300884955752,79.41845764854614,89.6,1.1378002528445006,0.9102402022756004,0.0,0,0.046,Low,1,Playmaking,1.9004609143412317,-1.884004676440318
Yussuf Poulsen,RB Leipzig,Bundesliga,FW,Forward,29-350,1217.0,5.0,2.0,2.1446179129005754,21.372226787181596,71.6,0.961380443714051,0.29580936729663104,0.5176663927691043,1,0.498,High,0,Attacking,-2.296744862016756,-0.004777841616574868
David Raum,RB Leipzig,Bundesliga,DF,Defender,26-038,2739.0,2.0,8.0,0.4600219058050383,70.7776560788609,72.7,1.9058050383351588,0.8871851040525739,0.3285870755750274,1,0.256,Low,2,Defensive,1.0134368501559634,0.05323846220308973
Xaver Schlager,RB Leipzig,Bundesliga,MF,Midfielder,26-245,2477.0,0.0,5.0,0.7630197819943481,65.32902704884941,88.3,2.9430763019781994,0.6903512313282196,0.18167137666532096,1,0.168,Low,1,Playmaking,1.8928337457303737,-0.14338850727065633
Nicolas Seiwald,RB Leipzig,Bundesliga,MF,Midfielder,23-026,718.0,0.0,2.0,0.0,48.8857938718663,82.1,4.1364902506963785,1.0027855153203342,0.25069637883008355,1,0.107,Low,2,Defensive,2.305859112104093,1.947228433680128
Benjamin Šeško,RB Leipzig,Bundesliga,FW,Forward,20-365,1526.0,14.0,2.0,2.7719528178243773,19.46264744429882,65.2,0.7667103538663171,0.17693315858453473,0.943643512450852,1,0.685,High,0,Attacking,-3.225119443643824,0.16649714720886752
Mohamed Simakan,RB Leipzig,Bundesliga,DF,Defender,24-027,2138.0,2.0,3.0,1.2628624883068287,66.21608980355472,85.6,2.020579981290926,1.2207670720299344,0.21047708138447146,1,0.233,High,1,Playmaking,1.5744291730760502,-0.3939856544912089
Xavi Simons,RB Leipzig,Bundesliga,MF,Midfielder,21-039,2653.0,8.0,11.0,2.6799849227289863,48.6468149264983,79.3,1.0177157934413872,0.5427817565020732,0.6445533358462119,1,0.658,High,0,Attacking,-1.0907763709237128,-0.9888954158028072
Iván Balliu,Rayo Vallecano,La Liga,DF,Defender,32-150,2873.0,0.0,1.0,0.3445875391576749,46.58197006613297,75.1,1.3783501566306997,0.9084580577793248,0.03132613992342499,0,0.058,Low,2,Defensive,0.2818522537264672,0.07797574971743428
Sergio Camello,Rayo Vallecano,La Liga,FW,Forward,23-110,1661.0,3.0,1.0,1.7880794701986755,20.590006020469595,71.8,0.8669476219145094,0.1625526791089705,0.21673690547862734,1,0.363,High,0,Attacking,-2.2996176849239958,-0.1508606644831678
Pep Chavarría,Rayo Vallecano,La Liga,"DF,MF",Defender,26-050,1167.0,1.0,1.0,0.8483290488431876,62.62210796915167,76.1,1.7737789203084833,0.46272493573264784,0.15424164524421594,0,0.161,Low,1,Playmaking,0.3216412454247758,-0.4233953508202241
Pathé Ciss,Rayo Vallecano,La Liga,MF,Midfielder,30-075,1664.0,1.0,0.0,1.1899038461538463,48.13701923076923,82.9,2.3798076923076925,1.622596153846154,0.054086538461538464,0,0.093,Low,2,Defensive,1.483443676254796,0.8318539163024018
Crespo,Rayo Vallecano,La Liga,MF,Midfielder,27-262,527.0,0.0,0.0,0.5123339658444023,46.62239089184061,84.2,2.732447817836812,1.7077798861480078,0.0,0,0.053,Low,2,Defensive,2.0951049684436303,1.1890328007145106
Alfonso Espino,Rayo Vallecano,La Liga,DF,Defender,32-146,2507.0,0.0,1.0,0.6461906661348226,51.084962106102914,74.6,2.405265257279617,1.4359792580773834,0.035899481451934584,0,0.066,Low,2,Defensive,1.2093563476316689,1.2245993153508434
Jorge de Frutos,Rayo Vallecano,La Liga,"FW,MF",Forward,27-100,1549.0,2.0,0.0,1.6849580374435118,28.063266623628145,71.2,1.103938024531956,0.4067140090380891,0.11620400258231116,0,0.285,High,0,Attacking,-1.7289977986932863,0.09092348320081169
Álvaro García,Rayo Vallecano,La Liga,"FW,MF",Forward,31-216,2475.0,6.0,1.0,1.6363636363636365,30.0,62.8,1.2363636363636363,1.309090909090909,0.2545454545454545,1,0.305,High,0,Attacking,-1.2212494470370139,1.3813635137078644
Aridane Hernández,Rayo Vallecano,La Liga,DF,Defender,35-068,1690.0,0.0,0.0,0.2662721893491124,41.96449704142012,85.7,0.5325443786982248,0.7455621301775147,0.0,0,0.018,Low,1,Playmaking,0.23290963602519296,-1.3217691103541047
Florian Lejeune,Rayo Vallecano,La Liga,DF,Defender,33-010,3327.0,3.0,1.0,1.812443642921551,54.94138863841298,80.6,1.0550045085662758,0.6221821460775473,0.10820559062218214,0,0.267,High,1,Playmaking,-0.3156370256799768,-1.0764934157389274
Unai López,Rayo Vallecano,La Liga,MF,Midfielder,28-213,2108.0,1.0,2.0,1.366223908918406,62.41935483870968,81.0,2.049335863377609,0.683111954459203,0.12808349146110057,0,0.212,High,1,Playmaking,0.6698411012768546,-0.38375501543985197
Abdul Mumin,Rayo Vallecano,La Liga,DF,Defender,25-359,1694.0,1.0,0.0,0.3187721369539551,41.06847697756788,79.8,1.0094451003541913,1.1688311688311688,0.053128689492325853,0,0.063,Low,2,Defensive,0.46809764602489534,-0.2045374323348774
Randy Ntekja,Rayo Vallecano,La Liga,"FW,MF",Forward,26-176,572.0,1.0,1.0,2.202797202797203,28.321678321678323,71.7,1.7307692307692308,0.3146853146853147,0.3146853146853147,1,0.298,High,0,Attacking,-1.7389072340001437,0.46619320028042316
Isaac Palazón Camacho,Rayo Vallecano,La Liga,"MF,FW",Midfielder,29-155,2791.0,4.0,1.0,2.2572554639914006,38.79254747402364,68.6,1.4833393049086347,0.5159441060551774,0.16123253314224292,0,0.278,High,0,Attacking,-1.570253623899612,0.35257579584656484
Kike Pérez,Rayo Vallecano,La Liga,"MF,FW",Midfielder,27-106,835.0,1.0,0.0,1.401197604790419,39.66467065868263,75.8,2.9101796407185625,0.8622754491017963,0.10778443113772454,0,0.108,High,2,Defensive,0.2813022275836282,1.3636504637335156
Andrei Ratiu,Rayo Vallecano,La Liga,"DF,MF",Defender,25-345,630.0,0.0,0.0,0.8571428571428571,44.714285714285715,78.3,1.7142857142857142,0.0,0.0,0,0.097,Low,0,Attacking,-0.5303971708496031,-0.5221820820670329
Raúl de Tomás,Rayo Vallecano,La Liga,FW,Forward,29-226,1272.0,1.0,2.0,2.688679245283019,19.245283018867926,76.1,0.6367924528301887,0.07075471698113207,0.21226415094339623,1,0.426,High,0,Attacking,-2.7369679318493234,-0.7242316889977681
Óscar Trejo,Rayo Vallecano,La Liga,"FW,MF",Forward,36-034,1380.0,0.0,0.0,1.1739130434782608,51.0,82.6,1.7608695652173911,0.32608695652173914,0.0,0,0.228,High,1,Playmaking,0.059599153077220135,-0.6996857473295414
Óscar Valentín,Rayo Vallecano,La Liga,MF,Midfielder,29-284,2692.0,1.0,0.0,0.5014858841010401,41.355869242199105,81.2,3.5772659732540864,1.1701337295690937,0.033432392273402674,0,0.047,Low,2,Defensive,1.6813314796853218,1.8162630820440453
David Alaba,Real Madrid,La Liga,DF,Defender,31-341,1154.0,0.0,1.0,1.0918544194107451,70.50259965337955,89.6,1.0138648180242633,1.169844020797227,0.0779896013864818,0,0.235,Low,1,Playmaking,1.4833007083423526,-1.6234304326225868
Jude Bellingham,Real Madrid,La Liga,MF,Midfielder,20-336,2315.0,19.0,6.0,2.41036717062635,59.987041036717066,88.3,1.632829373650108,0.816414686825054,0.9719222462203024,1,0.737,High,1,Playmaking,0.41972808899610364,-1.1240967378412843
Eduardo Camavinga,Real Madrid,La Liga,"MF,DF",Midfielder,21-202,1817.0,0.0,2.0,0.8420473307649972,65.7787561915245,90.7,3.764446890478811,1.4364336818932306,0.09906439185470556,0,0.119,Low,2,Defensive,3.08325090828654,0.9213965914555843
Dani Carvajal,Real Madrid,La Liga,DF,Defender,32-140,2171.0,4.0,3.0,0.7461999078765545,61.146936895439886,85.8,1.948410870566559,0.9120221096269,0.29018885306310455,1,0.204,Low,1,Playmaking,1.3755729845389073,-0.5355060424280459
Dani Ceballos,Real Madrid,La Liga,"MF,FW",Midfielder,27-297,598.0,0.0,2.0,1.0535117056856187,81.57190635451505,89.7,1.5050167224080266,0.0,0.3010033444816053,1,0.287,High,1,Playmaking,0.9715265385196759,-2.3654944526978627
Brahim Díaz,Real Madrid,La Liga,"FW,MF",Forward,24-301,1545.0,8.0,6.0,2.2135922330097086,43.10679611650485,84.3,1.6893203883495145,0.2912621359223301,0.8155339805825241,1,0.394,High,0,Attacking,-0.6527786325416332,-0.7770442555914264
Fran Garcia,Real Madrid,La Liga,DF,Defender,24-290,1398.0,1.0,5.0,0.5793991416309013,64.18454935622317,84.4,1.609442060085837,1.2231759656652361,0.3862660944206009,1,0.205,Low,1,Playmaking,1.5951039488190153,-0.5555891576962113
Joselu,Real Madrid,La Liga,FW,Forward,34-064,1687.0,10.0,2.0,3.2542975696502667,19.20569057498518,72.2,0.3200948429164197,0.3200948429164197,0.6401896858328393,1,0.681,High,0,Attacking,-3.1562999534196434,-0.5849372766990274
Vinicius Júnior,Real Madrid,La Liga,FW,Forward,23-323,1864.0,15.0,5.0,3.717811158798283,33.31545064377682,72.3,0.8690987124463518,0.048283261802575105,0.9656652360515021,1,0.848,High,0,Attacking,-2.9683450877932303,-0.7194850934394321
Toni Kroos,Real Madrid,La Liga,MF,Midfielder,34-147,2124.0,1.0,8.0,1.483050847457627,106.14406779661016,91.5,2.2457627118644066,0.7203389830508474,0.3813559322033898,1,0.309,High,1,Playmaking,2.5841305313760166,-1.9668117349025678
Ferland Mendy,Real Madrid,La Liga,DF,Defender,28-357,1720.0,0.0,0.0,0.2616279069767442,66.71511627906978,94.2,0.7848837209302326,0.6802325581395349,0.0,0,0.031,Low,1,Playmaking,1.4819932033291616,-2.3277717064127006
Éder Militão,Real Madrid,La Liga,DF,Defender,26-133,496.0,0.0,0.0,0.3629032258064516,59.69758064516129,90.3,1.2701612903225807,0.7258064516129032,0.0,0,0.066,Low,1,Playmaking,1.2831819145667887,-1.4695164178448268
Luka Modrić,Real Madrid,La Liga,MF,Midfielder,38-264,1688.0,2.0,6.0,1.3329383886255923,88.98696682464454,87.0,1.1729857819905212,1.1196682464454977,0.42654028436018954,1,0.336,High,1,Playmaking,1.77634053039802,-1.8308219141858078
Nacho,Real Madrid,La Liga,DF,Defender,34-133,1746.0,0.0,1.0,0.2577319587628866,66.03092783505156,92.3,0.9278350515463918,0.9278350515463918,0.051546391752577324,0,0.055,Low,1,Playmaking,1.6550219426441926,-1.8824716617424013
Rodrygo,Real Madrid,La Liga,FW,Forward,23-142,2380.0,10.0,5.0,3.2521008403361344,38.07983193277311,87.7,0.6050420168067228,0.3025210084033614,0.5672268907563026,1,0.591,High,0,Attacking,-1.6233702980092555,-1.8428026985533816
Antonio Rüdiger,Real Madrid,La Liga,DF,Defender,31-088,2709.0,1.0,0.0,0.6312292358803986,60.29900332225913,89.8,0.8637873754152824,0.3654485049833887,0.03322259136212624,0,0.107,Low,1,Playmaking,0.6122516664634552,-2.07728170334607
Aurélien Tchouaméni,Real Madrid,La Liga,"MF,DF",Midfielder,24-124,1987.0,3.0,1.0,1.2229491696024155,68.8475088072471,90.6,1.7211877201811776,1.268243583291394,0.1811776547559134,1,0.235,Low,1,Playmaking,1.8533249279390507,-0.9969888835588585
Federico Valverde,Real Madrid,La Liga,MF,Midfielder,25-313,2904.0,2.0,7.0,1.7355371900826446,65.60950413223141,89.8,1.4566115702479339,1.3326446280991735,0.27892561983471076,1,0.311,High,1,Playmaking,1.3958886741472407,-1.0732468400281174
Lucas Vázquez,Real Madrid,La Liga,DF,Defender,32-334,1419.0,3.0,6.0,0.7610993657505285,68.81606765327695,85.7,2.346723044397463,0.7610993657505285,0.5708245243128964,1,0.182,Low,1,Playmaking,1.6309049976989103,-0.500879532783534
Jon Aramburu,Real Sociedad,La Liga,DF,Defender,21-312,543.0,0.0,0.0,0.6629834254143646,53.204419889502766,79.1,3.977900552486188,1.160220994475138,0.0,0,0.072,Low,2,Defensive,2.0033756360214814,1.9758000776692015
Ander Barrenetxea,Real Sociedad,La Liga,"FW,MF",Forward,22-155,1427.0,4.0,1.0,2.3335669236159773,35.00350385423966,67.0,2.018220042046251,0.378416257883672,0.3153468815697267,1,0.303,High,0,Attacking,-1.6812633160289174,0.8867352604839007
Sheraldo Becker,Real Sociedad,La Liga,"FW,MF",Forward,29-111,771.0,2.0,2.0,2.4513618677042803,28.365758754863815,63.4,0.23346303501945526,0.11673151750972763,0.4669260700389105,1,0.484,High,0,Attacking,-3.22046325459166,-0.39928772085765496
Aritz Elustondo,Real Sociedad,La Liga,DF,Defender,30-063,812.0,0.0,1.0,0.7758620689655172,51.87192118226601,85.9,1.2192118226600985,0.7758620689655172,0.11083743842364532,0,0.084,Low,1,Playmaking,0.6288553790248402,-1.0228459006741761
Javi Galán,Real Sociedad,La Liga,DF,Defender,29-193,1075.0,0.0,1.0,0.2511627906976744,55.004651162790694,80.1,3.181395348837209,1.172093023255814,0.08372093023255814,0,0.086,Low,2,Defensive,1.949388029574673,1.2430989086123883
Takefusa Kubo,Real Sociedad,La Liga,"FW,MF",Forward,22-361,2150.0,7.0,4.0,1.9255813953488372,36.08372093023256,70.9,1.0883720930232559,0.4604651162790698,0.4604651162790698,1,0.461,High,0,Attacking,-1.59260966459339,-0.07703316576071119
Robin Le Normand,Real Sociedad,La Liga,DF,Defender,27-201,2469.0,2.0,0.0,0.2916160388821385,64.33778857837181,88.5,1.1300121506682868,1.0206561360874848,0.07290400972053462,0,0.069,Low,1,Playmaking,1.557797212677253,-1.356812727102259
Brais Méndez,Real Sociedad,La Liga,"MF,FW",Midfielder,27-144,2413.0,5.0,6.0,2.461665975963531,46.39867384997928,75.7,1.5665147119767924,0.44757563199336925,0.4102776626605885,1,0.46,High,0,Attacking,-1.0781511229666016,-0.29714081846198837
Mikel Merino,Real Sociedad,La Liga,MF,Midfielder,27-343,2482.0,5.0,3.0,1.087832393231265,51.236905721192585,76.2,2.792103142626914,0.580177276390008,0.290088638195004,1,0.209,High,2,Defensive,0.47316708135722907,0.7663281662317659
Aihen Muñoz,Real Sociedad,La Liga,DF,Defender,26-288,1127.0,0.0,2.0,0.5590062111801243,56.0603371783496,71.8,2.8748890860692105,0.7187222715173026,0.15971606033717836,0,0.168,Low,2,Defensive,0.7939875510789689,1.1463778820511576
Mikel Oyarzabal,Real Sociedad,La Liga,"FW,MF",Forward,27-039,2156.0,9.0,3.0,1.5862708719851577,21.164192949907235,73.6,0.9601113172541744,0.16697588126159554,0.5009276437847866,1,0.48,High,0,Attacking,-2.0336259211560836,-0.18788814793384037
Jon Pacheco,Real Sociedad,La Liga,DF,Defender,23-143,1526.0,1.0,1.0,0.35386631716906947,69.18086500655308,86.9,1.474442988204456,0.5897771952817824,0.11795543905635648,0,0.101,Low,1,Playmaking,1.3387348670292136,-1.4113653224686367
Umar Sadiq,Real Sociedad,La Liga,FW,Forward,27-118,1077.0,3.0,1.0,2.7576601671309193,16.044568245125348,68.2,1.2534818941504178,0.0,0.3342618384401114,1,0.433,High,0,Attacking,-3.081156113845478,0.32696263400143105
André Silva,Real Sociedad,La Liga,FW,Forward,28-206,729.0,3.0,0.0,1.8518518518518519,20.37037037037037,81.2,0.2469135802469136,0.1234567901234568,0.3703703703703704,1,0.392,High,0,Attacking,-2.1385433837018955,-1.3105567019033972
Kieran Tierney,Real Sociedad,La Liga,DF,Defender,26-360,1238.0,0.0,2.0,0.14539579967689822,65.718901453958,76.3,2.689822294022617,0.7269789983844911,0.14539579967689822,0,0.171,Low,2,Defensive,1.4492486419338357,0.4956449067156518
Hamari Traoré,Real Sociedad,La Liga,DF,Defender,32-124,2292.0,0.0,2.0,0.7068062827225131,59.253926701570684,79.8,1.7277486910994766,0.9424083769633509,0.07853403141361257,0,0.1,Low,1,Playmaking,0.9270271498869085,-0.25301983937670314
Beñat Turrientes,Real Sociedad,La Liga,MF,Midfielder,22-120,1687.0,0.0,1.0,1.2270302311796089,37.71784232365145,84.6,1.6538233550681685,0.3200948429164197,0.05334914048606995,0,0.154,High,2,Defensive,-0.29136872230187794,-0.6009350527664994
Arsen Zakharyan,Real Sociedad,La Liga,"MF,FW",Midfielder,21-004,1228.0,1.0,2.0,2.4185667752442996,39.72312703583062,69.9,1.6123778501628665,0.2931596091205212,0.2198697068403909,1,0.297,High,0,Attacking,-1.6962054442727101,0.17357521131006168
Igor Zubeldia,Real Sociedad,La Liga,DF,Defender,27-061,2518.0,0.0,2.0,0.4289118347895155,62.4066719618745,84.5,1.1437648927720414,1.1437648927720414,0.07148530579825259,0,0.086,Low,1,Playmaking,1.3301542761075167,-0.9534411556234704
Martín Zubimendi,Real Sociedad,La Liga,MF,Midfielder,25-118,2654.0,4.0,1.0,0.746043707611153,52.29088168801809,85.7,1.66164280331575,1.2547098718914846,0.16955538809344387,1,0.091,Low,1,Playmaking,1.2985276837256272,-0.2930621175401593
Yunis Abdelhamid,Reims,Ligue 1,DF,Defender,36-245,2781.0,4.0,0.0,0.6796116504854369,59.417475728155345,84.5,2.0711974110032365,1.2621359223300972,0.12944983818770228,0,0.128,Low,1,Playmaking,1.669111016356492,-0.0395100424906448
Emmanuel Agbadou,Reims,Ligue 1,DF,Defender,26-348,2596.0,1.0,1.0,1.1093990755007703,63.7211093990755,87.0,2.25346687211094,1.9067796610169492,0.06933744221879815,0,0.155,Low,1,Playmaking,2.4050302649561686,0.2922186662593846
Sergio Akieme,Reims,Ligue 1,DF,Defender,26-166,818.0,2.0,0.0,1.2102689486552567,38.50855745721272,79.1,1.2102689486552567,1.1002444987775062,0.22004889975550124,1,0.215,Low,2,Defensive,-0.05529592229183153,-0.044230229268535544
Valentin Atangana Edoa,Reims,Ligue 1,MF,Midfielder,18-279,555.0,0.0,0.0,1.4594594594594594,29.027027027027025,86.6,3.081081081081081,0.9729729729729729,0.0,0,0.156,Low,2,Defensive,0.7386323299059098,1.137588586272559
Mohammed Daramy,Reims,Ligue 1,"FW,MF",Forward,22-144,1648.0,4.0,5.0,1.6383495145631068,28.780339805825246,76.1,0.5461165048543689,0.2184466019417476,0.49150485436893204,1,0.429,High,0,Attacking,-1.8485709868988807,-0.8484607253637849
Thibault De Smet,Reims,Ligue 1,DF,Defender,25-360,1831.0,0.0,0.0,0.19661387220098306,51.41452758055707,80.0,2.752594210813763,1.0322228290551612,0.0,0,0.083,Low,2,Defensive,1.534963690892684,0.8815654504223972
Oumar Diakité,Reims,Ligue 1,FW,Forward,20-162,1585.0,5.0,1.0,1.9873817034700316,17.318611987381704,78.4,1.4195583596214512,0.39747634069400634,0.34069400630914826,1,0.418,High,0,Attacking,-1.6411783520283065,0.11665258343888543
Thomas Foket,Reims,Ligue 1,DF,Defender,29-248,1833.0,0.0,1.0,0.14729950900163666,52.48772504091653,80.6,1.5711947626841243,1.227495908346972,0.049099836333878884,0,0.049,Low,1,Playmaking,1.2460089439146507,-0.015709087334683066
Junya Ito,Reims,Ligue 1,"FW,MF",Forward,31-082,2714.0,3.0,7.0,1.5254237288135593,37.50552689756817,65.5,1.094325718496684,0.4642593957258659,0.3316138540899042,1,0.281,High,0,Attacking,-1.6508968709778642,0.2787219469636186
Reda Khadra,Reims,Ligue 1,"FW,MF",Forward,22-331,1368.0,1.0,3.0,1.5131578947368423,25.592105263157897,74.3,1.0526315789473684,0.19736842105263158,0.2631578947368421,1,0.261,High,0,Attacking,-1.7589910156332067,-0.2380811548733975
Amadou Koné,Reims,Ligue 1,MF,Midfielder,19-016,475.0,0.0,0.0,1.1368421052631579,48.50526315789474,79.7,2.463157894736842,1.8947368421052633,0.0,0,0.094,Low,2,Defensive,1.6324666510258732,1.3088805254397438
Azor Matusiwa,Reims,Ligue 1,MF,Midfielder,26-032,1385.0,1.0,0.0,0.779783393501805,48.73646209386281,86.7,2.5342960288808665,2.1444043321299637,0.06498194945848375,0,0.087,Low,2,Defensive,2.475446542411623,1.115221014606987
Marshall Munetsi,Reims,Ligue 1,MF,Midfielder,27-343,2173.0,4.0,3.0,1.8223653934652553,22.448228255867463,70.1,2.5264611136677404,0.5798435342843994,0.28992176714219975,1,0.284,High,0,Attacking,-1.1858348399966194,1.6017500923439512
Keito Nakamura,Reims,Ligue 1,"FW,MF",Forward,23-307,1381.0,4.0,1.0,2.671976828385228,26.068066618392468,73.0,1.8247646632874728,0.391020999275887,0.32585083272990584,1,0.406,High,0,Attacking,-1.8476210145450294,0.5376843456377022
Joseph Okumu,Reims,Ligue 1,DF,Defender,27-004,1743.0,1.0,0.0,0.5679862306368331,66.76419965576592,82.1,2.2719449225473323,1.8072289156626506,0.05163511187607573,0,0.094,Low,1,Playmaking,2.4013556566707615,0.5186573222907711
Amir Richardson,Reims,Ligue 1,MF,Midfielder,22-127,1352.0,3.0,1.0,1.1316568047337279,43.33579881656805,82.0,2.1967455621301775,0.9985207100591716,0.26627218934911245,1,0.212,Low,2,Defensive,0.6577933832639251,0.3953883616842141
Teddy Teuma,Reims,Ligue 1,MF,Midfielder,30-243,2113.0,6.0,3.0,1.8315191670610507,64.40132513014672,78.1,2.300047326076668,0.8518693800283956,0.38334122101277807,1,0.381,High,2,Defensive,0.6082571229746631,0.058300739886010026
Josh Wilson-Esbrand,Reims,Ligue 1,"DF,MF",Defender,21-156,461.0,1.0,1.0,0.7809110629067246,49.19739696312365,73.8,0.9761388286334057,1.1713665943600868,0.3904555314533623,1,0.201,Low,2,Defensive,0.12114915268563478,-0.07021034940610595
Lorenz Assignon,Rennes,Ligue 1,DF,Defender,23-343,1011.0,1.0,1.0,0.9792284866468843,53.412462908011875,86.0,2.136498516320475,0.8011869436201781,0.17804154302670624,1,0.169,Low,1,Playmaking,1.0355993685681066,-0.3015150065089723
Jeanuël Belocian,Rennes,Ligue 1,DF,Defender,19-103,1448.0,0.0,1.0,0.18646408839779005,53.57734806629834,88.1,1.988950276243094,0.8080110497237569,0.062154696132596686,0,0.05,Low,1,Playmaking,1.4879847202937824,-0.5036552994130459
Ludovic Blas,Rennes,Ligue 1,"FW,MF",Forward,26-151,1563.0,4.0,1.0,2.418426103646833,29.136276391554702,78.1,1.727447216890595,0.345489443378119,0.28790786948176583,1,0.338,High,0,Attacking,-1.4353674284280467,0.031070419218747772
Benjamin Bourigeaud,Rennes,Ligue 1,"MF,FW",Midfielder,30-137,2425.0,9.0,6.0,1.6329896907216497,58.119587628865986,76.4,1.150515463917526,0.8164948453608248,0.5567010309278351,1,0.439,High,1,Playmaking,-0.14614313014849828,-0.6419910613680777
Désiré Doué,Rennes,Ligue 1,"MF,FW",Midfielder,18-362,1626.0,4.0,4.0,1.881918819188192,43.11808118081181,73.9,1.7712177121771218,0.7749077490774908,0.44280442804428044,1,0.345,High,2,Defensive,-0.5851938403197579,0.35778940339026855
Guela Doué,Rennes,Ligue 1,DF,Defender,21-226,1234.0,0.0,2.0,1.0940032414910859,48.792544570502436,75.0,2.0421393841166937,1.0940032414910859,0.14586709886547813,0,0.152,Low,2,Defensive,0.4546275102838337,0.6657798839991941
Amine Gouiri,Rennes,Ligue 1,"FW,MF",Forward,24-104,2067.0,7.0,3.0,3.3962264150943398,33.2656023222061,81.8,0.8708272859216256,0.6095791001451379,0.4354136429608128,1,0.591,High,0,Attacking,-1.7538353084320855,-0.8977118156330715
Arnaud Kalimuendo,Rennes,Ligue 1,FW,Forward,22-131,2139.0,10.0,1.0,2.482468443197756,21.12201963534362,80.7,0.2103786816269285,0.16830294530154277,0.4628330995792427,1,0.506,High,0,Attacking,-2.4334060514744613,-1.338515079079762
Enzo Le Fée,Rennes,Ligue 1,MF,Midfielder,24-117,1527.0,0.0,1.0,0.7072691552062869,61.47347740667977,86.0,2.946954813359529,1.119842829076621,0.05893909626719058,0,0.096,Low,2,Defensive,2.0811916231268017,0.4303216423639347
Nemanja Matić,Rennes,Ligue 1,MF,Midfielder,35-303,1027.0,0.0,0.0,0.43816942551119764,70.45764362220058,86.4,1.665043816942551,2.3661148977604674,0.0,0,0.044,Low,1,Playmaking,3.0452421610792086,0.06840919785113497
Azor Matusiwa,Rennes,Ligue 1,MF,Midfielder,26-032,794.0,0.0,1.0,0.6801007556675063,51.460957178841305,87.7,0.7934508816120907,1.2468513853904282,0.11335012594458438,0,0.109,Low,1,Playmaking,1.0016346307912525,-1.1257254770656224
Warmed Omari,Rennes,Ligue 1,DF,Defender,24-037,2071.0,1.0,0.0,0.17382906808305165,56.10333172380492,90.0,1.3906325446644132,1.4340898116851761,0.04345726702076291,0,0.033,Low,1,Playmaking,1.9717391501653647,-0.7188756858530388
Ibrahim Salah,Rennes,Ligue 1,"FW,MF",Forward,22-274,524.0,4.0,1.0,2.9198473282442747,39.84732824427481,76.3,2.5763358778625953,1.717557251908397,0.8587786259541985,1,0.584,High,2,Defensive,0.19797962254381088,1.5784431195729332
Baptiste Santamaria,Rennes,Ligue 1,MF,Midfielder,29-082,1926.0,0.0,1.0,1.3084112149532712,56.40186915887851,87.4,2.429906542056075,1.5887850467289721,0.04672897196261683,0,0.112,Low,1,Playmaking,1.9071891429407346,0.34097429895139186
Alidu Seidu,Rennes,Ligue 1,DF,Defender,23-361,593.0,0.0,0.0,0.30354131534569984,54.94097807757167,85.4,3.1871838111298483,1.5177065767284992,0.0,0,0.041,Low,2,Defensive,2.5434506608907275,1.1561131492100938
Martin Terrier,Rennes,Ligue 1,"FW,MF",Forward,27-087,1527.0,7.0,3.0,2.239685658153242,29.292730844793716,79.5,0.825147347740668,0.5304518664047152,0.5893909626719057,1,0.524,High,0,Attacking,-1.5188905626980052,-0.6627644581987052
Arthur Theate,Rennes,Ligue 1,DF,Defender,24-005,2296.0,2.0,0.0,0.862369337979094,64.28571428571428,88.0,1.17595818815331,1.215156794425087,0.078397212543554,0,0.097,Low,1,Playmaking,1.4475857392891078,-1.1804553142515997
Adrien Truffert,Rennes,Ligue 1,DF,Defender,22-192,2145.0,1.0,2.0,0.8391608391608392,55.93006993006993,78.5,1.6363636363636365,0.7972027972027973,0.1258741258741259,0,0.125,Low,1,Playmaking,0.5148469890548969,-0.27970571015501716
Christopher Wooh,Rennes,Ligue 1,DF,Defender,22-255,1388.0,1.0,0.0,0.648414985590778,51.15994236311239,85.6,1.1671469740634006,1.1671469740634006,0.06484149855907781,0,0.07,Low,1,Playmaking,0.9934610032681377,-0.7275456028725021
Bertuğ Yıldırım,Rennes,Ligue 1,FW,Forward,21-323,469.0,0.0,1.0,1.9189765458422174,20.341151385927503,68.9,1.3432835820895521,0.0,0.19189765458422176,1,0.311,High,0,Attacking,-2.4602518033155727,0.31016284375960096
Angeliño,Roma,Serie A,DF,Defender,27-147,1141.0,0.0,1.0,0.63102541630149,56.397896581945666,76.4,1.656441717791411,0.946538124452235,0.07887817703768625,0,0.1,Low,2,Defensive,0.6614943192590488,-0.010338164744372356
Houssem Aouar,Roma,Serie A,"MF,FW",Midfielder,25-335,756.0,4.0,0.0,1.4285714285714286,42.738095238095234,83.6,1.9047619047619047,0.47619047619047616,0.47619047619047616,1,0.303,High,2,Defensive,-0.039820700084733436,-0.34860556496313827
Sardar Azmoun,Roma,Serie A,"FW,MF",Forward,29-150,585.0,3.0,0.0,2.4615384615384617,24.0,69.2,1.2307692307692308,0.46153846153846156,0.46153846153846156,1,0.463,High,0,Attacking,-2.2320904197358846,0.41250405734211193
Tommaso Baldanzi,Roma,Serie A,"FW,MF",Forward,21-068,518.0,0.0,0.0,2.606177606177606,35.61776061776062,85.4,1.5637065637065637,0.0,0.0,0,0.524,High,0,Attacking,-1.330243796897607,-1.014769688910689
Andrea Belotti,Roma,Serie A,FW,Forward,30-162,679.0,3.0,2.0,1.988217967599411,20.544918998527248,74.2,1.0603829160530192,0.2650957290132548,0.662739322533137,1,0.47,High,0,Attacking,-2.0783172967910146,-0.08441795528485141
Edoardo Bove,Roma,Serie A,MF,Midfielder,22-014,1780.0,0.0,2.0,0.9606741573033708,39.43820224719101,83.2,3.033707865168539,0.5561797752808989,0.10112359550561797,0,0.118,Low,2,Defensive,0.6837347693819613,0.7895860268578708
Zeki Çelik,Roma,Serie A,DF,Defender,27-103,671.0,0.0,0.0,0.26825633383010433,45.73770491803278,83.3,3.0849478390461997,1.0730253353204173,0.0,0,0.042,Low,2,Defensive,1.717520946337803,1.106157581123952
Bryan Cristante,Roma,Serie A,"MF,DF",Midfielder,29-088,3289.0,3.0,4.0,1.477652782000608,59.59866220735786,82.0,1.970203709334144,0.6840985101854667,0.1915475828519307,1,0.183,High,1,Playmaking,0.5534180538595255,-0.4528622783340021
Paulo Dybala,Roma,Serie A,"FW,MF",Forward,30-197,1959.0,13.0,9.0,2.3889739663093414,45.94180704441042,79.0,1.010719754977029,0.13782542113323124,1.010719754977029,1,0.728,High,0,Attacking,-1.4203261307729942,-1.1898102681641634
Dean Huijsen,Roma,Serie A,DF,Defender,19-046,509.0,2.0,0.0,1.0609037328094302,81.15913555992141,87.1,1.768172888015717,0.7072691552062867,0.3536345776031434,1,0.283,High,1,Playmaking,1.591134118121925,-1.4387838073440986
Rick Karsdorp,Roma,Serie A,DF,Defender,29-109,1191.0,0.0,2.0,0.6045340050377834,51.68765743073048,79.5,1.8891687657430731,0.6801007556675064,0.15113350125944586,0,0.124,Low,2,Defensive,0.5766921907589349,-0.10147258492470215
Rasmus Kristensen,Roma,Serie A,DF,Defender,26-324,1744.0,1.0,1.0,0.4644495412844037,53.51490825688074,77.0,1.8577981651376148,0.41284403669724773,0.10321100917431193,0,0.115,Low,2,Defensive,0.2948634756367464,-0.19799606545297715
Diego Llorente,Roma,Serie A,DF,Defender,30-288,2170.0,1.0,1.0,0.37327188940092165,68.35023041474655,91.1,1.2857142857142858,0.9124423963133641,0.08294930875576037,0,0.062,Low,1,Playmaking,1.7518710211503565,-1.583567529633798
Romelu Lukaku,Roma,Serie A,FW,Forward,31-017,2641.0,13.0,3.0,2.1809920484664898,21.16243847027641,70.5,0.20446800454373343,0.0,0.5452480121166224,1,0.526,High,0,Attacking,-3.0157012256972644,-0.7793491136849853
Gianluca Mancini,Roma,Serie A,DF,Defender,28-043,2869.0,4.0,1.0,0.5960264900662252,63.08469850121994,86.7,1.0665737190658766,1.1293133495991636,0.15684907633321715,0,0.106,Low,1,Playmaking,1.3405522027989796,-1.2013444006518315
Obite N'Dicka,Roma,Serie A,DF,Defender,24-284,2168.0,0.0,3.0,0.3736162361623616,65.8809963099631,90.5,1.3284132841328413,0.6642066420664207,0.12453874538745388,0,0.062,Low,1,Playmaking,1.4368237625180555,-1.6333150733672086
Leandro Paredes,Roma,Serie A,MF,Midfielder,29-336,2634.0,3.0,5.0,0.9908883826879271,72.74487471526196,88.3,1.947608200455581,0.9908883826879271,0.2733485193621868,1,0.223,Low,1,Playmaking,1.8003743026650003,-0.9445045553348969
Lorenzo Pellegrini,Roma,Serie A,MF,Midfielder,27-346,1859.0,8.0,3.0,2.227003765465304,41.151156535771925,78.2,1.6944593867670792,0.9682625067240452,0.5325443786982249,1,0.501,High,2,Defensive,-0.4275571628294293,0.1799841974639353
Stephan El Shaarawy,Roma,Serie A,"FW,DF",Forward,31-216,1738.0,3.0,4.0,2.0713463751438437,34.280782508630615,82.3,1.087456846950518,0.6731875719217492,0.3624856156501726,1,0.39,High,0,Attacking,-0.8781360654197324,-0.6327962252877356
Leonardo Spinazzola,Roma,Serie A,DF,Defender,31-066,1312.0,1.0,2.0,0.5487804878048781,58.239329268292686,78.1,1.0289634146341464,0.20579268292682928,0.20579268292682928,1,0.18,Low,1,Playmaking,-0.13422122945122575,-1.2352786397050508
Nicola Zalewski,Roma,Serie A,"DF,FW",Defender,22-128,968.0,0.0,1.0,1.487603305785124,43.79132231404958,76.0,1.8595041322314048,0.8367768595041322,0.09297520661157024,0,0.178,High,2,Defensive,-0.15300724031437118,0.35134334379725546
Toma Bašić,Salernitana,Serie A,MF,Midfielder,27-187,1162.0,0.0,0.0,0.9294320137693631,41.82444061962134,81.9,1.549053356282272,1.0843373493975903,0.0,0,0.077,Low,2,Defensive,0.48215717756519394,-0.019937257777820242
Emil Bohinen,Salernitana,Serie A,MF,Midfielder,25-079,535.0,0.0,0.0,0.6728971962616822,56.018691588785046,78.7,1.3457943925233644,2.3551401869158877,0.0,0,0.09,Low,2,Defensive,1.9202816936848912,0.6389083776623099
Domagoj Bradarić,Salernitana,Serie A,DF,Defender,24-172,2749.0,0.0,3.0,0.6220443797744635,50.28737722808294,77.1,0.9494361586031285,1.0476536922517279,0.09821753364859949,0,0.107,Low,1,Playmaking,0.2892922726784256,-0.4166033053677084
Jovane Cabral,Salernitana,Serie A,"MF,FW",Midfielder,25-351,678.0,1.0,0.0,3.3185840707964602,32.52212389380531,75.5,1.7256637168141593,0.13274336283185842,0.13274336283185842,0,0.31,High,0,Attacking,-2.1292169944586004,-0.10689425511672507
Antonio Candreva,Salernitana,Serie A,"MF,FW",Midfielder,37-092,2750.0,6.0,6.0,2.0945454545454543,46.04727272727273,72.4,0.5890909090909091,0.22909090909090907,0.3927272727272727,1,0.445,High,0,Attacking,-1.7574776589706678,-1.0202236623028806
Lassana Coulibaly,Salernitana,Serie A,MF,Midfielder,28-050,2082.0,0.0,1.0,0.5619596541786743,37.737752161383284,84.3,2.031700288184438,0.69164265129683,0.043227665706051875,0,0.085,Low,2,Defensive,0.5459690606120213,0.05725528364307389
Flavius Daniliuc,Salernitana,Serie A,DF,Defender,23-033,744.0,0.0,0.0,0.24193548387096772,49.717741935483865,85.2,2.2983870967741935,0.9677419354838709,0.0,0,0.044,Low,2,Defensive,1.4814710054879172,0.15377862146818408
Boulaye Dia,Salernitana,Serie A,"FW,MF",Forward,27-196,1143.0,4.0,0.0,2.204724409448819,19.212598425196852,83.6,0.31496062992125984,0.2362204724409449,0.31496062992125984,1,0.448,High,0,Attacking,-2.074741132740924,-1.3241761302553272
Federico Fazio,Salernitana,Serie A,DF,Defender,37-074,1355.0,1.0,0.0,0.5313653136531366,38.988929889298895,75.0,1.1955719557195572,1.1291512915129152,0.06642066420664207,0,0.084,Low,2,Defensive,0.08429116048999984,0.2711112991145434
Norbert Gyömbér,Salernitana,Serie A,DF,Defender,31-332,1760.0,0.0,0.0,0.20454545454545453,38.35227272727273,84.0,1.8409090909090908,1.1761363636363635,0.0,0,0.008,Low,2,Defensive,1.0835117300539392,0.29085774837463113
Chukwubuikem Ikwuemesi,Salernitana,Serie A,FW,Forward,22-299,1061.0,1.0,1.0,1.8661639962299716,14.16588124410933,65.9,0.2544769085768143,0.08482563619227143,0.16965127238454286,1,0.317,High,0,Attacking,-3.216604960787275,-0.17781228762763923
Grigoris Kastanos,Salernitana,Serie A,"MF,DF",Midfielder,26-121,1480.0,3.0,3.0,1.8243243243243246,39.52702702702703,70.5,1.3986486486486487,0.4864864864864865,0.3648648648648649,1,0.377,High,0,Attacking,-1.2951151500293865,0.14872213331843456
Matteo Lovato,Salernitana,Serie A,DF,Defender,24-106,947.0,0.0,0.0,0.09503695881731784,38.01478352692714,80.8,2.565997888067582,1.7106652587117213,0.0,0,0.008,Low,2,Defensive,1.7877441701803563,1.5180232988024116
Giulio Maggiore,Salernitana,Serie A,MF,Midfielder,26-079,1800.0,4.0,2.0,1.15,39.85,77.7,2.45,1.2,0.30000000000000004,1,0.216,Low,2,Defensive,0.6138191216509605,1.1226419052129795
Kostas Manolas,Salernitana,Serie A,DF,Defender,32-351,488.0,0.0,0.0,0.3688524590163934,55.881147540983605,91.1,1.6598360655737705,0.3688524590163934,0.0,0,0.047,Low,1,Playmaking,1.0687787750253892,-1.3714177637343716
Agustín Martegani,Salernitana,Serie A,MF,Midfielder,24-010,731.0,1.0,0.0,1.8467852257181943,36.56634746922025,83.5,1.600547195622435,0.4924760601915185,0.12311901504787963,0,0.213,High,0,Attacking,-0.5586704468689709,-0.46056693021003203
Pasquale Mazzocchi,Salernitana,Serie A,DF,Defender,28-308,1272.0,0.0,1.0,0.5660377358490566,44.92924528301887,72.4,1.7688679245283019,0.3537735849056604,0.07075471698113207,0,0.12,Low,2,Defensive,-0.35746136872283385,0.18991413813248667
Simeon Nwankwo,Salernitana,Serie A,FW,Forward,32-023,686.0,3.0,0.0,1.7055393586005831,17.448979591836736,62.4,0.7871720116618076,0.0,0.3935860058309038,1,0.386,High,0,Attacking,-3.066314723810648,0.3613915705606418
Triantafyllos Pasaridīs,Salernitana,Serie A,DF,Defender,27-316,452.0,0.0,0.0,0.0,34.24778761061947,82.0,2.190265486725664,0.5973451327433629,0.0,0,0.012,Low,2,Defensive,0.582589410414895,0.39575483039947423
Marco Pellegrino,Salernitana,Serie A,DF,Defender,,545.0,0.0,0.0,0.3302752293577982,42.27522935779817,82.4,1.3211009174311927,1.651376146788991,0.0,0,0.036,Low,2,Defensive,1.2389216573663897,0.21340341891611636
Niccolò Pierozzi,Salernitana,Serie A,DF,Defender,22-261,871.0,1.0,0.0,0.8266360505166476,35.95866819747417,75.9,1.756601607347876,1.1366245694603905,0.10332950631458095,0,0.134,Low,2,Defensive,0.1741654470795398,0.7368162278885999
Lorenzo Pirola,Salernitana,Serie A,DF,Defender,22-100,1987.0,1.0,0.0,0.6794162053346754,47.10619023653749,83.5,1.766482133870156,1.1323603422244588,0.04529441368897836,0,0.073,Low,2,Defensive,0.9951173625134142,-0.020589517301240867
Junior Sambia,Salernitana,Serie A,"DF,MF",Defender,27-266,1032.0,1.0,2.0,1.0465116279069768,44.30232558139535,78.1,1.0465116279069768,0.9593023255813954,0.2616279069767442,1,0.225,Low,2,Defensive,-0.07262024772770734,-0.3507228275544624
Loum Tchaouna,Salernitana,Serie A,"FW,MF",Forward,20-265,2100.0,4.0,3.0,1.885714285714286,32.82857142857143,65.9,0.8571428571428572,0.17142857142857143,0.30000000000000004,1,0.325,High,0,Attacking,-2.325359501538418,-0.07381831705214233
Shon Weissman,Salernitana,Serie A,"FW,DF",Forward,28-106,494.0,1.0,0.0,1.0931174089068827,12.206477732793521,73.1,0.728744939271255,0.5465587044534413,0.18218623481781376,1,0.182,Low,0,Attacking,-1.8311871381152487,0.19232561673009493
Alessandro Zanoli,Salernitana,Serie A,DF,Defender,23-240,921.0,0.0,2.0,0.2931596091205212,42.41042345276873,74.2,1.5635179153094463,0.09771986970684039,0.19543973941368079,1,0.132,Low,2,Defensive,-0.5281440509572112,-0.20813787873947046
Mateusz Łęgowski,Salernitana,Serie A,MF,Midfielder,21-122,1145.0,0.0,0.0,0.5502183406113538,29.711790393013104,77.2,1.8078602620087338,0.5502183406113538,0.0,0,0.072,Low,2,Defensive,-0.31510640793720446,0.4300229565768261
Nedim Bajrami,Sassuolo,Serie A,"MF,FW",Midfielder,25-092,1310.0,2.0,2.0,2.198473282442748,31.603053435114504,71.7,0.8931297709923665,0.4122137404580153,0.2748091603053435,1,0.417,High,0,Attacking,-1.948628758152168,-0.23692448317353718
Domenico Berardi,Sassuolo,Serie A,FW,Forward,29-303,1431.0,9.0,3.0,2.893081761006289,40.31446540880503,63.8,1.069182389937107,0.8176100628930817,0.7547169811320754,1,0.571,High,0,Attacking,-2.0277880998202793,0.46554622201114704
Daniel Boloca,Sassuolo,Serie A,MF,Midfielder,25-160,2022.0,1.0,0.0,0.5786350148367952,47.35905044510386,89.8,2.136498516320475,0.6231454005934719,0.04451038575667656,0,0.102,Low,1,Playmaking,1.1090412520020758,-0.5057747614479365
Samu Castillejo,Sassuolo,Serie A,"FW,MF",Forward,29-133,536.0,0.0,0.0,1.007462686567164,47.51865671641791,75.3,2.014925373134328,0.16791044776119401,0.0,0,0.105,High,2,Defensive,-0.3950172646467596,-0.0303284188600465
Grégoire Defrel,Sassuolo,Serie A,"FW,MF",Forward,32-348,757.0,1.0,2.0,1.42668428005284,26.274768824306474,84.6,2.02113606340819,0.35667107001321,0.35667107001321,1,0.23,High,2,Defensive,-0.5106660098588549,-0.0012325299725130367
Josh Doig,Sassuolo,Serie A,DF,Defender,22-012,1343.0,0.0,2.0,0.5361131794489947,39.60536113179449,68.4,1.6753536857781086,1.0722263588979895,0.13402829486224868,0,0.113,Low,2,Defensive,-0.09741780712603579,1.0443161041752074
Martin Erlic,Sassuolo,Serie A,DF,Defender,26-127,2618.0,1.0,0.0,0.2750190985485103,41.73414820473644,80.1,1.2719633307868603,0.9625668449197861,0.03437738731856379,0,0.023,Low,2,Defensive,0.45848656285832323,-0.17350898033860865
Matheus Henrique,Sassuolo,Serie A,MF,Midfielder,26-163,2501.0,2.0,2.0,0.6837265093962416,36.59736105557777,81.7,1.5473810475809677,0.8996401439424231,0.1439424230307877,0,0.114,Low,2,Defensive,0.27050607965945617,0.0003089110866718196
Armand Lauriente,Sassuolo,Serie A,FW,Forward,25-178,2908.0,5.0,4.0,2.599724896836314,28.101788170563964,69.2,0.9594222833562587,0.4642365887207703,0.2785419532324622,1,0.371,High,0,Attacking,-2.3089170385196915,0.07827518585848556
Gian Marco Ferrari,Sassuolo,Serie A,DF,Defender,32-105,2272.0,1.0,0.0,0.6338028169014085,51.49647887323944,82.5,0.8714788732394366,0.9903169014084507,0.03961267605633803,0,0.071,Low,1,Playmaking,0.5317772450489517,-0.9089480025980331
Samuele Mulattieri,Sassuolo,Serie A,"FW,MF",Forward,23-236,462.0,0.0,0.0,2.5324675324675323,22.597402597402596,69.8,0.1948051948051948,0.1948051948051948,0.0,0,0.291,High,0,Attacking,-3.0118497457751583,-0.6566518461585726
Pedro Obiang,Sassuolo,Serie A,MF,Midfielder,32-064,453.0,0.0,0.0,0.3973509933774835,37.35099337748345,80.9,1.589403973509934,1.589403973509934,0.0,0,0.028,Low,2,Defensive,1.049527670166294,0.6047154853742438
Marcus Pedersen,Sassuolo,Serie A,DF,Defender,23-319,1613.0,0.0,2.0,0.16738995660260386,41.010539367637946,76.6,2.008679479231246,0.5579665220086796,0.1115933044017359,0,0.079,Low,2,Defensive,0.267224810714441,0.3911888424954982
Andrea Pinamonti,Sassuolo,Serie A,FW,Forward,25-011,3076.0,11.0,1.0,2.340702210663199,18.433029908972692,65.2,0.38036410923276986,0.029258777633289986,0.3511053315994799,1,0.5,High,0,Attacking,-3.3608792902376994,-0.20811701428852394
Uroš Račić,Sassuolo,Serie A,MF,Midfielder,26-074,820.0,1.0,1.0,1.8658536585365855,43.463414634146346,81.3,1.0975609756097562,0.7682926829268293,0.21951219512195122,1,0.279,High,0,Attacking,-0.47607288812422305,-0.6991602351825524
Ruan,Sassuolo,Serie A,DF,Defender,24-358,1516.0,0.0,0.0,0.4155672823218997,41.437994722955146,85.0,1.4841688654353562,1.4248021108179418,0.0,0,0.021,Low,1,Playmaking,1.185685102702049,0.023566170487631984
Kristian Thorstvedt,Sassuolo,Serie A,MF,Midfielder,25-078,2397.0,6.0,1.0,1.5769712140175218,36.72090112640801,72.6,1.5018773466833542,0.7884856070087609,0.26282853566958697,1,0.266,High,0,Attacking,-0.8055011736096479,0.40907578592972865
Jeremy Toljan,Sassuolo,Serie A,DF,Defender,29-296,2083.0,0.0,5.0,0.5184829572731636,43.50936149783965,77.0,0.5616898703792607,0.6913106096975515,0.21603456553048486,1,0.128,Low,1,Playmaking,-0.3738470534768567,-0.8236376397328345
Matías Viña,Sassuolo,Serie A,DF,Defender,26-203,1014.0,0.0,3.0,0.7100591715976331,46.86390532544378,73.9,3.0177514792899407,0.7988165680473372,0.2662721893491124,1,0.185,Low,2,Defensive,0.715513470676576,1.4026554589838598
Mattia Viti,Sassuolo,Serie A,DF,Defender,22-127,979.0,1.0,0.0,0.36772216547497444,44.6782431052094,83.5,2.2063329928498465,0.9193054136874361,0.09193054136874361,0,0.078,Low,2,Defensive,1.0903897237725864,0.2677475235804099
Cristian Volpato,Sassuolo,Serie A,"MF,FW",Midfielder,20-197,645.0,1.0,0.0,1.6744186046511627,42.0,64.8,2.2325581395348837,0.13953488372093023,0.13953488372093023,0,0.211,High,0,Attacking,-1.3979650580511405,0.9057744806426771
Marcos Acuña,Sevilla,La Liga,DF,Defender,32-215,1292.0,1.0,2.0,0.6269349845201239,59.0015479876161,74.1,2.2987616099071206,0.2786377708978328,0.2089783281733746,1,0.187,Low,2,Defensive,0.2926309450819086,0.11130095134391299
Lucien Agoume,Sevilla,La Liga,MF,Midfielder,22-111,777.0,0.0,0.0,0.694980694980695,41.698841698841704,83.6,2.664092664092664,0.8108108108108109,0.0,0,0.057,Low,2,Defensive,0.9642772762637208,0.610048130005665
Loïc Bade,Sevilla,La Liga,DF,Defender,24-049,2277.0,0.0,1.0,0.5533596837944664,53.201581027667984,82.7,2.569169960474308,1.5019762845849802,0.039525691699604744,0,0.064,Low,2,Defensive,1.9106451024437505,0.8332233014968854
Isaac Bernal,Sevilla,La Liga,FW,Forward,24-012,1039.0,4.0,4.0,3.638113570741097,18.103946102021176,69.9,0.519730510105871,0.0,0.6929740134744947,1,0.659,High,0,Attacking,-3.710318848760161,-0.5078188930394819
Youssef En-Nesyri,Sevilla,La Liga,FW,Forward,26-364,2570.0,16.0,2.0,2.5214007782101167,11.136186770428015,64.5,0.35019455252918286,0.245136186770428,0.6303501945525292,1,0.534,High,0,Attacking,-3.5129138231800976,0.1406209468031712
Fernando,Sevilla,La Liga,MF,Midfielder,36-310,459.0,0.0,0.0,0.19607843137254904,47.450980392156865,86.4,1.7647058823529413,1.3725490196078431,0.0,0,0.01,Low,1,Playmaking,1.6299846980529178,-0.006647299484894312
Nemanja Gudelj,Sevilla,La Liga,"DF,MF",Defender,32-196,1742.0,1.0,1.0,0.981630309988519,54.8163030998852,86.1,1.6016073478760047,1.3949483352468428,0.10332950631458095,0,0.092,Low,1,Playmaking,1.3784693910188834,-0.3435891876263616
Érik Lamela,Sevilla,La Liga,"FW,MF",Forward,32-087,463.0,2.0,0.0,1.7494600431965441,33.82289416846652,81.6,4.082073434125269,0.19438444924406045,0.3887688984881209,1,0.199,High,2,Defensive,0.20194707665275116,1.5763043174535172
Dodi Lukebakio,Sevilla,La Liga,"FW,MF",Forward,26-249,1125.0,5.0,1.0,3.36,28.08,76.6,0.4,0.16,0.48000000000000004,1,0.521,High,0,Attacking,-2.8175160109894275,-1.152885147065871
Jesús Navas,Sevilla,La Liga,DF,Defender,38-191,2003.0,0.0,2.0,0.3145282076884673,57.064403394907636,72.6,1.6625062406390414,0.9885172241637543,0.08986520219670494,0,0.118,Low,2,Defensive,0.6655946186231881,0.2816521542497344
Lucas Ocampos,Sevilla,La Liga,"FW,MF",Forward,29-324,2871.0,4.0,3.0,1.974921630094044,39.09090909090909,67.1,2.0689655172413794,0.658307210031348,0.21943573667711602,1,0.225,High,0,Attacking,-1.0966708538768168,1.0564334062048917
Adrià Pedrosa,Sevilla,La Liga,DF,Defender,26-017,1753.0,1.0,4.0,0.8214489446662864,47.79806046776954,73.1,2.3616657159155734,0.7701083856246435,0.2567027952082145,1,0.21,Low,2,Defensive,0.3048232818483719,0.8579673794926623
Ivan Rakitić,Sevilla,La Liga,MF,Midfielder,36-081,1425.0,2.0,1.0,2.0210526315789474,69.15789473684211,75.0,1.894736842105263,0.8842105263157894,0.18947368421052632,1,0.287,High,2,Defensive,0.31446372711424836,-0.18150693295863862
Sergio Ramos,Sevilla,La Liga,DF,Defender,38-061,2517.0,3.0,0.0,1.0011918951132301,54.49344457687724,89.0,1.6090584028605484,1.4660309892729442,0.10727056019070322,0,0.094,Low,1,Playmaking,1.5921966014971505,-0.46800160899872156
Kike Salas,Sevilla,La Liga,DF,Defender,22-037,1605.0,3.0,0.0,0.8971962616822431,56.57943925233645,78.7,2.2990654205607477,1.457943925233645,0.16822429906542058,1,0.136,Low,2,Defensive,1.443264987160112,0.7305242836032416
Juanlu Sánchez,Sevilla,La Liga,DF,Defender,20-289,1181.0,0.0,2.0,0.838272650296359,55.630821337849284,79.0,4.267569856054192,0.9144792548687554,0.15241320914479256,0,0.131,Low,2,Defensive,1.8893546037744877,1.9670028036272367
Boubakary Soumaré,Sevilla,La Liga,MF,Midfielder,25-093,2286.0,0.0,1.0,0.03937007874015748,48.50393700787402,90.0,1.535433070866142,1.0236220472440944,0.03937007874015748,0,0.034,Low,1,Playmaking,1.5078329497254863,-0.7082903046963159
Djibril Sow,Sevilla,La Liga,MF,Midfielder,27-114,1460.0,1.0,1.0,1.1095890410958904,42.04109589041096,85.3,1.726027397260274,1.047945205479452,0.12328767123287672,0,0.156,Low,2,Defensive,0.6403134300459449,-0.14149134851056447
Suso,Sevilla,La Liga,"MF,FW",Midfielder,30-193,1517.0,1.0,4.0,1.5425181278839817,53.81015161502967,77.4,1.4238628872775216,0.29663810151615033,0.29663810151615033,1,0.275,High,0,Attacking,-0.5219787058157337,-0.7561336160121149
Óliver Torres,Sevilla,La Liga,MF,Midfielder,29-202,1616.0,0.0,1.0,0.5012376237623762,49.1769801980198,80.9,2.0606435643564356,0.3341584158415842,0.055693069306930694,0,0.067,Low,2,Defensive,0.39458095809223637,-0.23995667484064395
Anel Ahmedhodžić,Sheffield Utd,Premier League,DF,Defender,25-065,2649.0,2.0,0.0,0.6455266138165345,33.5673839184598,75.4,2.17440543601359,1.189127972819932,0.06795016987542468,0,0.094,Low,2,Defensive,0.41379268676737707,1.2276128279511145
Oliver Arblaster,Sheffield Utd,Premier League,MF,Midfielder,20-025,943.0,0.0,0.0,0.09544008483563096,41.802757158006365,79.7,2.1951219512195124,1.4316012725344645,0.0,0,0.014,Low,2,Defensive,1.3995699097303178,0.9805894953083651
Cameron Archer,Sheffield Utd,Premier League,"FW,MF",Forward,22-314,1832.0,4.0,1.0,2.0633187772925767,16.310043668122272,80.1,0.8842794759825328,0.049126637554585156,0.24563318777292578,1,0.361,High,0,Attacking,-2.1890056427922024,-0.6799694929994069
George Baldock,Sheffield Utd,Premier League,DF,Defender,31-082,969.0,0.0,1.0,0.09287925696594426,36.873065015479874,73.3,1.6718266253869967,0.9287925696594427,0.09287925696594426,0,0.076,Low,2,Defensive,0.18475931095931974,0.7120965395107658
Jayden Bogle,Sheffield Utd,Premier League,DF,Defender,23-308,2788.0,3.0,0.0,1.0329985652797704,31.248206599713058,70.7,2.1305595408895264,1.0329985652797704,0.09684361549497848,0,0.103,Low,2,Defensive,-0.2749689425238864,1.4121416796865485
Ben Brereton,Sheffield Utd,Premier League,"FW,MF",Forward,25-042,1105.0,6.0,1.0,2.769230769230769,21.583710407239817,75.5,0.7330316742081447,0.24434389140271492,0.5701357466063348,1,0.592,High,0,Attacking,-2.5368333090686765,-0.5387586458104505
Andre Brooks,Sheffield Utd,Premier League,"MF,DF",Midfielder,20-284,938.0,0.0,0.0,0.8635394456289979,25.042643923240938,75.1,2.1108742004264394,1.3432835820895521,0.0,0,0.111,Low,2,Defensive,0.15743698001917938,1.5038875991226357
John Egan,Sheffield Utd,Premier League,DF,Defender,31-223,482.0,0.0,0.0,0.5601659751037344,34.54356846473029,69.2,1.120331950207469,2.427385892116183,0.0,0,0.072,Low,2,Defensive,0.7862134407649712,1.6657621029058771
Gustavo Hamer,Sheffield Utd,Premier League,MF,Midfielder,26-341,2910.0,4.0,6.0,1.5154639175257731,34.08247422680412,68.4,1.2061855670103092,0.8969072164948453,0.3092783505154639,1,0.276,High,0,Attacking,-1.126249593806699,0.5894187357582369
Mason Holgate,Sheffield Utd,Premier League,DF,Defender,27-221,710.0,0.0,0.0,0.38028169014084506,26.746478873239436,65.4,1.5211267605633803,1.3943661971830985,0.0,0,0.036,Low,2,Defensive,-0.3315612291239251,1.681455970380414
Yasser Larouci,Sheffield Utd,Premier League,DF,Defender,23-150,531.0,0.0,0.0,1.0169491525423728,31.355932203389827,70.8,2.8813559322033897,1.1864406779661016,0.0,0,0.066,Low,2,Defensive,0.23962287965308227,2.1419823259885225
Max Lowe,Sheffield Utd,Premier League,"DF,MF",Defender,27-019,503.0,0.0,0.0,0.35785288270377735,23.26043737574553,64.6,3.7574552683896623,0.8946322067594434,0.0,0,0.086,Low,2,Defensive,0.12918152731884971,3.3049531163833574
James Mcatee,Sheffield Utd,Premier League,"MF,FW",Midfielder,21-225,1822.0,3.0,3.0,1.234906695938529,26.18002195389682,68.3,1.5806805708013174,0.5433589462129528,0.296377607025247,1,0.256,High,0,Attacking,-1.3704464074053402,0.8577398836938938
Oliver McBurnie,Sheffield Utd,Premier League,FW,Forward,27-361,1280.0,6.0,3.0,2.1796875,28.6875,59.3,1.1953125,0.3515625,0.6328125,1,0.389,High,0,Attacking,-2.6337901666050754,0.855153403762956
Oliver Norwood,Sheffield Utd,Premier League,MF,Midfielder,33-048,1440.0,1.0,0.0,0.875,56.9375,69.6,2.5625,1.3125,0.0625,0,0.121,Low,2,Defensive,0.94223968456427,1.4303003138568104
Ben Osborn,Sheffield Utd,Premier League,"DF,MF",Defender,29-299,1367.0,0.0,2.0,0.26335040234089246,40.029261155815654,73.7,1.4484272128749087,0.5267008046817849,0.13167520117044623,0,0.108,Low,2,Defensive,-0.2658952328647122,0.11017827381667222
William Osula,Sheffield Utd,Premier League,FW,Forward,20-300,786.0,0.0,0.0,2.404580152671756,10.648854961832063,52.7,0.22900763358778628,0.22900763358778628,0.0,0,0.277,High,0,Attacking,-4.205158432175146,0.8223476290399162
Jack Robinson,Sheffield Utd,Premier League,DF,Defender,30-272,2885.0,1.0,1.0,0.43674176776429807,39.11958405545927,71.3,1.341421143847487,1.0294627383015598,0.062391681109185436,0,0.072,Low,2,Defensive,-0.09673301254739165,0.5640498587015861
Vinicius Souza,Sheffield Utd,Premier League,MF,Midfielder,24-348,2668.0,1.0,0.0,0.472263868065967,33.530734632683654,79.5,4.2166416791604195,1.0794602698650675,0.03373313343328336,0,0.053,Low,2,Defensive,1.5942473455201216,2.5857132733208155
Luke Thomas,Sheffield Utd,Premier League,DF,Defender,22-355,917.0,0.0,0.0,0.588876772082879,31.308615049073065,73.4,1.9629225736095965,0.9814612868047983,0.0,0,0.12,Low,2,Defensive,-0.028378621973555944,1.0878717175404455
Auston Trusty,Sheffield Utd,Premier League,DF,Defender,25-292,2572.0,0.0,0.0,0.2799377916018662,32.19284603421462,76.2,1.6446345256609642,1.2247278382581648,0.0,0,0.065,Low,2,Defensive,0.3828932213671944,0.8220544715224983
Dilane Bakwa,Strasbourg,Ligue 1,"FW,MF",Forward,21-278,2177.0,3.0,6.0,1.8190169958658704,35.63619660082682,68.1,1.240238860817639,0.8268259072117593,0.37207165824529165,1,0.334,High,0,Attacking,-1.2980208978092433,0.5249296431812224
Ângelo Borges,Strasbourg,Ligue 1,"FW,MF",Forward,19-161,1094.0,0.0,3.0,0.740402193784278,35.04570383912249,70.4,1.9744058500914077,0.740402193784278,0.24680073126142596,1,0.179,Low,2,Defensive,-0.3835212730990141,1.0112571024896957
Thomas Delaine,Strasbourg,Ligue 1,"DF,MF",Defender,32-067,2044.0,1.0,1.0,0.5283757338551859,38.83561643835616,72.3,1.6731898238747553,0.74853228962818,0.08806262230919765,0,0.117,Low,2,Defensive,-0.19787367505656336,0.5645529551320039
Jessy Deminguet,Strasbourg,Ligue 1,"MF,FW",Midfielder,26-144,690.0,0.0,0.0,0.3913043478260869,33.65217391304348,85.7,1.826086956521739,1.1739130434782608,0.0,0,0.03,Low,2,Defensive,0.9426880433756589,0.26769469160151554
Habib Diarra,Strasbourg,Ligue 1,"MF,FW",Midfielder,20-148,2305.0,3.0,1.0,1.4837310195227766,34.12581344902386,84.1,1.1713665943600868,0.6637744034707158,0.1561822125813449,0,0.231,High,0,Attacking,-0.45901388396498854,-0.6421087254735092
Ismaël Doukouré,Strasbourg,Ligue 1,"MF,DF",Midfielder,20-311,1656.0,0.0,0.0,0.48913043478260876,41.902173913043484,85.6,1.25,1.032608695652174,0.0,0,0.029,Low,1,Playmaking,0.7212175918549428,-0.5197485064733937
Emanuel Emegha,Strasbourg,Ligue 1,FW,Forward,21-117,2078.0,8.0,1.0,2.0356111645813284,12.73339749759384,73.1,0.34648700673724736,0.08662175168431184,0.3897978825794033,1,0.465,High,0,Attacking,-2.8914139519134894,-0.5492542784783113
Kévin Gameiro,Strasbourg,Ligue 1,"FW,MF",Forward,37-021,1346.0,4.0,2.0,1.8053491827637445,30.824665676077267,80.9,0.6686478454680534,0.20059435364041606,0.4011887072808321,1,0.354,High,0,Attacking,-1.561273224170413,-1.1372630257752427
Frederic Guilbert,Strasbourg,Ligue 1,"DF,MF",Defender,29-158,2490.0,2.0,0.0,0.7590361445783133,53.024096385542165,75.5,3.144578313253012,2.566265060240964,0.07228915662650602,0,0.089,Low,2,Defensive,2.6592769903468443,2.567383322325656
Dion Moise Sahi,Strasbourg,Ligue 1,"MF,FW",Midfielder,22-162,628.0,3.0,1.0,3.4394904458598727,25.079617834394906,78.3,0.7165605095541401,0.14331210191082802,0.5732484076433121,1,0.533,High,0,Attacking,-2.7129704057947666,-0.9458613946539534
Lebo Mothiba,Strasbourg,Ligue 1,FW,Forward,28-123,617.0,3.0,0.0,2.33387358184765,17.21231766612642,72.9,0.7293354943273906,0.0,0.4376012965964344,1,0.473,High,0,Attacking,-2.8212877159943353,-0.4147298865907405
Junior Mwanga,Strasbourg,Ligue 1,"MF,FW",Midfielder,21-019,1450.0,1.0,1.0,1.2413793103448276,32.33793103448276,79.8,2.4827586206896552,1.1172413793103448,0.12413793103448276,0,0.149,Low,2,Defensive,0.40987850398828335,1.1287330200912837
Gerzino Nyamsi,Strasbourg,Ligue 1,DF,Defender,27-129,1092.0,0.0,0.0,0.4945054945054945,52.08791208791209,87.8,1.4835164835164836,0.8241758241758242,0.0,0,0.033,Low,1,Playmaking,1.0514146926996675,-0.8770289254912048
Lucas Perrin,Strasbourg,Ligue 1,DF,Defender,25-193,2723.0,0.0,1.0,0.39662137348512666,60.782225486595664,87.4,1.5534337128167461,0.9254498714652956,0.03305178112376056,0,0.055,Low,1,Playmaking,1.45392340373285,-0.9242028439051564
Andrey Santos,Strasbourg,Ligue 1,MF,Midfielder,20-027,831.0,1.0,0.0,1.2996389891696751,55.34296028880867,86.9,3.140794223826715,1.0830324909747293,0.10830324909747294,0,0.178,Low,2,Defensive,1.7199119855045621,0.6130755420296912
Marvin Senaya,Strasbourg,Ligue 1,"DF,MF",Defender,23-123,2138.0,1.0,1.0,0.715622076707203,47.14686623012161,77.8,3.030869971936389,1.725912067352666,0.08419083255378858,0,0.089,Low,2,Defensive,1.80742590064526,1.8425613842924566
Ibrahima Sissoko,Strasbourg,Ligue 1,MF,Midfielder,26-216,1642.0,0.0,1.0,0.7673568818514007,41.21802679658953,81.6,2.5761266747868454,1.041412911084044,0.05481120584652863,0,0.072,Low,2,Defensive,0.9745957583496948,0.8470008901603198
Saidou Sow,Strasbourg,Ligue 1,DF,Defender,21-331,719.0,0.0,1.0,0.37552155771905427,44.186369958275385,85.3,2.5034770514603615,1.502086230876217,0.12517385257301808,0,0.098,Low,2,Defensive,1.8555439556574322,0.8430499323720402
Abakar Sylla,Strasbourg,Ligue 1,DF,Defender,21-157,1792.0,2.0,0.0,0.5524553571428571,63.582589285714285,87.8,2.712053571428571,1.3058035714285714,0.10044642857142858,0,0.108,Low,1,Playmaking,2.381181533464355,0.21528013630370307
Waldemar Anton,Stuttgart,Bundesliga,DF,Defender,27-315,2886.0,0.0,3.0,0.8731808731808731,81.82952182952182,88.8,1.216216216216216,1.2474012474012472,0.09355509355509355,0,0.1,Low,1,Playmaking,2.0393585195603086,-1.6082636339040481
Chris Führich,Stuttgart,Bundesliga,"FW,MF",Forward,26-142,2567.0,8.0,7.0,1.8582002337358785,48.03272302298403,81.2,1.0518114530580445,0.24542267238021037,0.5259057265290222,1,0.316,High,0,Attacking,-0.8540824143068834,-1.2329472139647626
Serhou Guirassy,Stuttgart,Bundesliga,FW,Forward,28-079,2208.0,28.0,3.0,3.5869565217391304,31.67119565217391,81.0,0.24456521739130432,0.24456521739130432,1.263586956521739,1,0.763,High,0,Attacking,-2.57456428486523,-1.6121713590370557
Hiroki Ito,Stuttgart,Bundesliga,DF,Defender,25-018,2228.0,0.0,2.0,0.7271095152603231,83.45601436265709,88.7,0.7675044883303411,1.1714542190305206,0.0807899461400359,0,0.089,Low,1,Playmaking,1.8698476352278073,-2.0604839683901384
Atakan Karazor,Stuttgart,Bundesliga,MF,Midfielder,27-230,2623.0,0.0,4.0,0.6519252764010675,65.19252764010675,89.4,2.4704536789935188,0.9264201296225696,0.13724742661075104,0,0.151,Low,1,Playmaking,2.001364028308157,-0.4203123037733326
Silas Katompa,Stuttgart,Bundesliga,"FW,MF",Forward,25-237,900.0,5.0,2.0,2.3,27.9,75.3,0.5,0.0,0.7,1,0.583,High,0,Attacking,-2.4715401528556904,-1.0233188446102388
Jamie Leweling,Stuttgart,Bundesliga,"FW,MF",Forward,23-094,1523.0,4.0,4.0,2.6001313197636247,35.39724228496389,78.5,1.0636900853578464,0.29546946815495734,0.47275114904793175,1,0.52,High,0,Attacking,-1.6840682249232042,-0.7508534264389692
Enzo Millot,Stuttgart,Bundesliga,"MF,FW",Midfielder,21-318,2241.0,5.0,4.0,1.5261044176706828,58.47389558232932,85.0,1.606425702811245,0.642570281124498,0.3614457831325301,1,0.28,High,1,Playmaking,0.455135764799228,-0.9584479947632892
Maximilian Mittelstädt,Stuttgart,Bundesliga,DF,Defender,27-073,2103.0,2.0,4.0,0.8987161198288159,73.09557774607703,84.7,3.8944365192582024,1.9686162624821684,0.25677603423680456,1,0.207,Low,2,Defensive,3.4831902921687363,1.635928340846209
Anthony Rouault,Stuttgart,Bundesliga,DF,Defender,23-001,1010.0,0.0,2.0,0.26732673267326734,82.96039603960396,88.5,1.8712871287128714,0.712871287128713,0.17821782178217824,1,0.117,Low,1,Playmaking,2.168999264526187,-1.428055994849793
Pascal Stenzel,Stuttgart,Bundesliga,DF,Defender,28-071,1064.0,0.0,5.0,1.1842105263157894,69.69924812030075,86.8,1.5225563909774436,1.268796992481203,0.42293233082706766,1,0.313,Low,1,Playmaking,1.5896604889773993,-0.9304281706144825
Leonidas Stergiou,Stuttgart,Bundesliga,DF,Defender,22-088,594.0,1.0,0.0,0.4545454545454546,55.151515151515156,84.6,2.272727272727273,0.7575757575757576,0.15151515151515152,0,0.107,Low,1,Playmaking,1.290825130910349,-0.13420758878910571
Angelo Stiller,Stuttgart,Bundesliga,MF,Midfielder,23-056,2694.0,1.0,5.0,0.5345211581291759,88.0957683741648,89.0,1.8374164810690423,0.9354120267260579,0.20044543429844097,1,0.172,Low,1,Playmaking,2.402561164507139,-1.4685218773000064
Deniz Undav,Stuttgart,Bundesliga,"FW,MF",Forward,27-316,2089.0,18.0,10.0,4.566778362853039,34.42316898037338,74.5,1.2063188128291047,0.2584968884633796,1.2063188128291047,1,0.897,High,0,Attacking,-2.8788499035033444,-0.5152553318406838
Josha Vagnoman,Stuttgart,Bundesliga,DF,Defender,23-171,1183.0,2.0,2.0,1.2933220625528319,46.78782755705833,83.9,2.1301775147928996,0.1521555367709214,0.3043110735418428,1,0.253,High,2,Defensive,-0.03395317105410971,-0.5130645938988344
Jeong Woo-yeong,Stuttgart,Bundesliga,"MF,FW",Midfielder,24-253,633.0,2.0,3.0,2.5592417061611377,46.350710900473935,84.4,2.132701421800948,0.9952606635071091,0.7109004739336493,1,0.731,High,2,Defensive,0.13817463328116142,0.005355091962482825
Dan-Axel Zagadou,Stuttgart,Bundesliga,DF,Defender,24-362,1453.0,1.0,0.0,0.6813489332415691,84.30144528561596,86.6,1.3007570543702682,1.2388162422573983,0.06194081211286992,0,0.079,Low,1,Playmaking,2.113636203761605,-1.4472533147572426
Raoul Bellanova,Torino,Serie A,DF,Defender,24-013,3046.0,1.0,7.0,0.9455022980958635,46.654629021667766,78.0,1.0636900853578464,0.443204202232436,0.23637557452396588,1,0.196,Low,1,Playmaking,-0.43184776127971974,-0.7658903503527436
Alessandro Buongiorno,Torino,Serie A,DF,Defender,24-359,2527.0,3.0,0.0,0.46299960427384246,42.27542540561931,85.3,2.493074792243767,2.4574594380688564,0.10684606252473287,0,0.099,Low,2,Defensive,2.6396493903122216,1.5884782267677133
Koffi Djidji,Torino,Serie A,DF,Defender,31-182,759.0,0.0,0.0,0.23715415019762845,51.462450592885375,85.7,1.6600790513833992,1.1857707509881423,0.0,0,0.024,Low,1,Playmaking,1.4623014715684393,-0.28879860638441673
Gvidas Gineitis,Torino,Serie A,MF,Midfielder,20-045,538.0,0.0,0.0,1.5055762081784387,47.5092936802974,79.9,1.8401486988847584,0.6691449814126395,0.0,0,0.127,High,2,Defensive,-0.0007221322253860553,-0.13854439956913878
Ivan Ilić,Torino,Serie A,MF,Midfielder,23-074,2098.0,3.0,2.0,1.1582459485224024,57.311725452812205,82.4,0.9437559580552908,0.8579599618684461,0.21448999046711154,1,0.194,High,1,Playmaking,0.34422307547461756,-1.1221665774674132
Valentino Lazaro,Torino,Serie A,"DF,MF",Defender,28-067,1994.0,0.0,4.0,0.7673019057171515,49.9197592778335,75.9,0.8124373119358075,0.36108324974924777,0.18054162487462388,1,0.19,Low,0,Attacking,-0.5632079985427115,-0.9656445116848726
Karol Linetty,Torino,Serie A,MF,Midfielder,29-118,1858.0,0.0,0.0,0.77502691065662,42.82023681377825,85.4,1.4531754574811624,1.1141011840688912,0.0,0,0.054,Low,1,Playmaking,0.7664164944571858,-0.3202927480999746
Matteo Lovato,Torino,Serie A,DF,Defender,24-106,544.0,0.0,0.0,0.16544117647058823,45.0,89.3,1.6544117647058825,2.150735294117647,0.0,0,0.026,Low,1,Playmaking,2.4084749799615337,0.35514503715678314
Adam Masina,Torino,Serie A,DF,Defender,30-149,1024.0,0.0,0.0,0.439453125,57.3046875,85.4,1.494140625,0.966796875,0.0,0,0.036,Low,1,Playmaking,1.230771631970634,-0.7288188297940232
Pietro Pellegri,Torino,Serie A,FW,Forward,23-074,756.0,1.0,1.0,1.5476190476190474,16.428571428571427,62.3,0.5952380952380952,0.23809523809523808,0.23809523809523808,1,0.345,High,0,Attacking,-2.8926677305578634,0.4228649687762384
Samuele Ricci,Torino,Serie A,MF,Midfielder,22-283,2395.0,1.0,2.0,1.1273486430062631,49.22755741127349,85.6,1.2400835073068894,1.0146137787056368,0.11273486430062629,0,0.145,Low,1,Playmaking,0.593482143309932,-0.7677612080421526
Ricardo Rodríguez,Torino,Serie A,DF,Defender,31-279,2772.0,1.0,2.0,0.35714285714285715,54.44805194805195,83.5,1.461038961038961,0.7792207792207793,0.0974025974025974,0,0.09,Low,1,Playmaking,0.8929045867687555,-0.6954504641060982
Antonio Sanabria,Torino,Serie A,"FW,MF",Forward,28-087,2133.0,5.0,0.0,2.1940928270042193,26.329113924050635,79.2,0.759493670886076,0.25316455696202533,0.2109704641350211,1,0.342,High,0,Attacking,-1.8867370471130533,-0.8283555098515385
Perr Schuurs,Torino,Serie A,DF,Defender,24-186,770.0,1.0,0.0,0.8181818181818182,47.45454545454545,88.4,2.3376623376623376,1.051948051948052,0.11688311688311688,0,0.111,Low,1,Playmaking,1.4076953173055158,0.05362223813356813
Adrien Tameze,Torino,Serie A,"DF,MF",Defender,30-116,2146.0,0.0,2.0,0.37744641192917056,53.513513513513516,86.7,1.46784715750233,1.9711090400745572,0.08387698042870456,0,0.073,Low,1,Playmaking,2.1461239903577263,0.011751975514756046
Nikola Vlašić,Torino,Serie A,"MF,FW",Midfielder,26-239,2608.0,3.0,2.0,1.5874233128834356,34.440184049079754,80.8,0.9662576687116564,0.379601226993865,0.17254601226993865,1,0.288,High,0,Attacking,-1.048049334990341,-0.8233223285106683
Mërgim Vojvoda,Torino,Serie A,DF,Defender,29-119,1379.0,0.0,3.0,0.5873821609862219,62.91515591007977,79.0,1.1094996374184192,0.8484408992023205,0.19579405366207395,1,0.12,Low,1,Playmaking,0.6662843115697353,-0.8655642742327839
Duván Zapata,Torino,Serie A,FW,Forward,33-059,2880.0,12.0,4.0,3.09375,23.5,65.4,0.5625,0.21875,0.5,1,0.441,High,0,Attacking,-3.315461276136524,-0.10753407395546673
Rodrigo Bentancur,Tottenham,Premier League,MF,Midfielder,26-340,1005.0,1.0,1.0,1.6119402985074627,71.64179104477613,84.3,2.0597014925373136,1.5223880597014927,0.17910447761194032,1,0.2,High,1,Playmaking,1.7824504308983284,-0.2097890999180815
Yves Bissouma,Tottenham,Premier League,MF,Midfielder,27-274,2068.0,0.0,0.0,1.0444874274661509,80.16441005802707,91.7,3.481624758220503,1.6102514506769825,0.0,0,0.09,Low,1,Playmaking,3.4792264578565297,0.3819229501825457
Ben Davies,Tottenham,Premier League,DF,Defender,31-036,1090.0,1.0,0.0,0.9908256880733946,70.18348623853211,90.1,1.981651376146789,0.8256880733944955,0.08256880733944955,0,0.136,Low,1,Playmaking,1.6909164624222306,-1.0945615942937068
Emerson,Tottenham,Premier League,DF,Defender,25-137,1161.0,1.0,0.0,0.46511627906976744,80.46511627906976,90.3,2.7906976744186047,1.5503875968992247,0.07751937984496124,0,0.097,Low,1,Playmaking,3.313647382379665,-0.11027569771795268
Son Heung-min,Tottenham,Premier League,FW,Forward,31-327,2934.0,17.0,10.0,2.5460122699386503,32.97546012269939,82.5,0.6441717791411042,0.24539877300613497,0.8282208588957055,1,0.611,High,0,Attacking,-1.7467581504859506,-1.3353600361443043
Pierre Højbjerg,Tottenham,Premier League,MF,Midfielder,28-299,1311.0,0.0,0.0,1.3043478260869565,97.1395881006865,87.2,2.196796338672769,1.3043478260869565,0.0,0,0.158,High,1,Playmaking,2.6917422057778606,-1.0547736757408996
Brennan Johnson,Tottenham,Premier League,FW,Forward,23-007,2085.0,5.0,10.0,2.158273381294964,31.424460431654676,71.3,1.1223021582733812,0.4316546762589928,0.6474820143884892,1,0.517,High,0,Attacking,-1.8297797068827253,0.001384801078711699
Dejan Kulusevski,Tottenham,Premier League,"FW,MF",Forward,24-035,2762.0,8.0,3.0,1.8573497465604634,40.209992758870385,77.2,2.020275162925416,0.5865314989138305,0.3584359160028964,1,0.319,High,2,Defensive,-0.5277932802872793,0.28085644348053046
Giovani Lo Celso,Tottenham,Premier League,MF,Midfielder,28-051,506.0,2.0,2.0,2.3122529644268774,89.46640316205534,89.3,3.91304347826087,0.8893280632411068,0.7114624505928854,1,0.681,High,1,Playmaking,2.517206494325653,0.03892352444330333
James Maddison,Tottenham,Premier League,MF,Midfielder,27-189,2135.0,4.0,9.0,2.4449648711943794,63.23185011709602,80.7,1.3911007025761124,0.5480093676814989,0.5480093676814989,1,0.505,High,1,Playmaking,-0.2956125138947667,-1.1090952676476016
Pape Matar Sarr,Tottenham,Premier League,MF,Midfielder,21-259,2069.0,3.0,3.0,1.5659739004349928,58.68052199130015,87.4,1.4789753504108265,1.348477525374577,0.2609956500724988,1,0.264,High,1,Playmaking,1.1715144669867819,-0.7025935673830832
Pedro Porro,Tottenham,Premier League,DF,Defender,24-260,3089.0,3.0,7.0,1.544189057947556,69.02233732599547,76.2,2.6513434768533504,0.9906118484946584,0.29135642602784073,1,0.314,High,2,Defensive,1.0714857674785443,0.48504806174886167
Richarlison,Tottenham,Premier League,FW,Forward,27-020,1491.0,11.0,4.0,3.7424547283702214,23.661971830985916,68.1,0.96579476861167,0.482897384305835,0.9054325955734407,1,0.717,High,0,Attacking,-3.044310729772069,0.19673203783779888
Cristian Romero,Tottenham,Premier League,DF,Defender,26-033,2790.0,5.0,0.0,0.7741935483870968,84.06451612903226,91.7,2.129032258064516,1.4193548387096775,0.16129032258064516,0,0.134,Low,1,Playmaking,2.9074860593453167,-0.9601609929560592
Oliver Skipp,Tottenham,Premier League,"MF,DF",Midfielder,23-257,707.0,0.0,0.0,0.5091937765205092,48.75530410183876,91.6,2.2913719943422914,0.3818953323903819,0.0,0,0.053,Low,1,Playmaking,1.1340552063646026,-0.7047666445610791
Destiny Udogie,Tottenham,Premier League,DF,Defender,21-184,2391.0,2.0,3.0,0.33877038895859474,54.203262233375156,85.8,2.559598494353827,1.3927227101631117,0.18820577164366376,1,0.13,Low,2,Defensive,2.1141675197219514,0.5311525843655899
Micky van de Ven,Tottenham,Premier League,DF,Defender,23-041,2339.0,3.0,0.0,0.30782385634886705,69.64514749893117,93.8,1.8854211201368107,0.6926036767849508,0.11543394613082515,0,0.127,Low,1,Playmaking,2.0530983044310163,-1.4540822593923208
Timo Werner,Tottenham,Premier League,FW,Forward,28-085,809.0,2.0,3.0,3.2262051915945613,40.716934487021014,76.8,0.7787391841779975,0.3337453646477132,0.5562422744128553,1,0.595,High,0,Attacking,-2.036885814285632,-1.0234222911547632
Zakaria Aboukhlal,Toulouse,Ligue 1,"MF,FW",Midfielder,24-102,754.0,3.0,0.0,3.222811671087533,23.39522546419098,71.4,1.0742705570291777,0.11936339522546419,0.35809018567639256,1,0.492,High,0,Attacking,-2.894929105648812,-0.15710465501475415
Cristian Cásseres Jr.,Toulouse,Ligue 1,MF,Midfielder,24-131,1946.0,1.0,3.0,0.6937307297019527,47.636176772867415,81.3,3.237410071942446,1.2487153134635147,0.18499486125385406,1,0.131,Low,2,Defensive,1.6838427165304064,1.4177107880895574
Logan Costa,Toulouse,Ligue 1,DF,Defender,23-059,2650.0,1.0,1.0,0.47547169811320755,60.588679245283025,83.6,1.358490566037736,0.7811320754716982,0.06792452830188679,0,0.116,Low,1,Playmaking,0.9691972814080789,-0.9454656044708304
Thijs Dallinga,Toulouse,Ligue 1,FW,Forward,23-301,2510.0,14.0,2.0,2.904382470119522,22.266932270916335,67.0,1.0398406374501992,0.10756972111553785,0.5737051792828686,1,0.525,High,0,Attacking,-3.0442028976370037,0.1448125893113793
Mikkel Desler,Toulouse,Ligue 1,DF,Defender,29-101,1544.0,0.0,1.0,0.9326424870466321,55.0259067357513,83.5,1.049222797927461,1.1075129533678756,0.05829015544041451,0,0.089,Low,1,Playmaking,0.7340740913119382,-0.8479005945747863
Moussa Diarra,Toulouse,Ligue 1,DF,Defender,23-202,1397.0,1.0,2.0,0.3221188260558339,43.808160343593414,80.9,2.061560486757337,1.2884753042233357,0.19327129563350037,1,0.132,Low,2,Defensive,1.2160688045514554,0.6184286501623124
Aron Dønnum,Toulouse,Ligue 1,"FW,MF",Forward,26-040,1595.0,0.0,1.0,1.1849529780564263,32.21943573667712,75.0,0.9028213166144201,0.45141065830721006,0.05642633228840126,0,0.178,High,0,Attacking,-1.2018422777938755,-0.3582867269990013
Yann Gboho,Toulouse,Ligue 1,"MF,FW",Midfielder,23-137,1193.0,3.0,2.0,1.7351215423302597,21.50041911148365,74.0,1.0561609388097233,0.3017602682313495,0.3772003352891869,1,0.461,High,0,Attacking,-1.9046396630023057,-0.05274337582636061
Gelabert,Toulouse,Ligue 1,"MF,FW",Midfielder,23-212,754.0,1.0,2.0,1.6710875331564985,42.49336870026525,77.2,1.6710875331564985,0.5968169761273209,0.35809018567639256,1,0.218,High,0,Attacking,-0.5257208249401096,-0.04419627348845577
Denis Genreau,Toulouse,Ligue 1,"MF,FW",Midfielder,25-009,464.0,0.0,0.0,0.5818965517241379,39.762931034482754,72.2,2.3275862068965516,1.1637931034482758,0.0,0,0.115,Low,2,Defensive,0.4919807641244822,1.3977643560513235
Waren Kamanzi,Toulouse,Ligue 1,"DF,FW",Defender,23-201,1187.0,0.0,3.0,0.4549283909014322,45.79612468407751,83.1,2.729570345408593,0.6823925863521483,0.2274641954507161,1,0.07,Low,2,Defensive,1.0844042860790533,0.5177004334443176
Kévin Keben Biakolo,Toulouse,Ligue 1,DF,Defender,20-125,521.0,0.0,0.0,0.1727447216890595,44.91362763915547,80.4,0.690978886756238,1.381957773512476,0.0,0,0.009,Low,1,Playmaking,0.7316769186551071,-0.43335198033289674
Frank Magri,Toulouse,Ligue 1,"FW,MF",Forward,24-269,1438.0,5.0,2.0,2.566063977746871,20.84144645340751,69.4,1.376912378303199,0.25034770514603616,0.43810848400556324,1,0.475,High,0,Attacking,-2.4901780052371176,0.4333017794129962
Christian Mawissa,Toulouse,Ligue 1,DF,Defender,19-042,1118.0,2.0,0.0,0.4025044722719141,49.6690518783542,82.8,1.7710196779964222,1.7710196779964222,0.16100178890876565,0,0.085,Low,2,Defensive,1.7617548756095822,0.46274331863747187
Rasmus Nicolaisen,Toulouse,Ligue 1,DF,Defender,27-075,2925.0,2.0,0.0,0.5846153846153846,51.66153846153846,84.9,1.5384615384615385,1.2923076923076924,0.06153846153846154,0,0.066,Low,1,Playmaking,1.2921055371779553,-0.2876681831091436
Niklas Schmidt,Toulouse,Ligue 1,MF,Midfielder,26-090,1269.0,1.0,1.0,1.4184397163120568,59.57446808510638,80.8,2.5531914893617023,0.28368794326241137,0.14184397163120568,0,0.17,High,2,Defensive,0.4187189007180837,-0.18423490303329926
Vincent Sierro,Toulouse,Ligue 1,MF,Midfielder,28-235,2261.0,6.0,2.0,1.2339672711189738,52.38390092879256,77.5,1.6320212295444492,1.0747456877487838,0.31844316674038037,1,0.241,High,2,Defensive,0.416841583390051,0.048411934500316056
Stijn Spierings,Toulouse,Ligue 1,MF,Midfielder,28-079,1516.0,0.0,1.0,0.6530343007915567,64.65039577836411,86.7,3.146437994722955,1.5435356200527703,0.059366754617414245,0,0.077,Low,2,Defensive,2.7264630692520813,0.7920278087717366
Gabriel Suazo,Toulouse,Ligue 1,DF,Defender,26-295,2357.0,0.0,4.0,0.38184132371658885,56.58888417479847,78.5,2.5201527365294867,0.992787441663131,0.15273652948663555,0,0.144,Low,2,Defensive,1.3604796429928459,0.61676505760081
Jaka Bijol,Udinese,Serie A,DF,Defender,25-115,2084.0,0.0,0.0,0.6477927063339731,35.49904030710173,78.5,1.8570057581573898,0.9932821497120922,0.0,0,0.098,Low,2,Defensive,0.31033571593945686,0.566809590503051
Festy Ebosele,Udinese,Serie A,DF,Defender,21-302,1700.0,0.0,0.0,0.8470588235294118,22.18235294117647,66.3,1.7470588235294118,0.5294117647058824,0.0,0,0.095,Low,0,Attacking,-1.3395126602883307,1.2430103228564209
Kingsley Ehizibue,Udinese,Serie A,DF,Defender,29-005,955.0,0.0,1.0,1.6963350785340314,24.219895287958117,68.1,2.073298429319372,0.7539267015706806,0.09424083769633508,0,0.185,High,0,Attacking,-1.2379253019600907,1.4521164490697758
João Ferreira,Udinese,Serie A,DF,Defender,23-069,1822.0,0.0,1.0,0.1481888035126235,42.38199780461032,75.6,2.8649835345773877,1.4324917672886939,0.04939626783754117,0,0.045,Low,2,Defensive,1.477314226957259,1.7882544021655848
Lautaro Gianetti,Udinese,Serie A,DF,Defender,30-199,630.0,1.0,0.0,0.42857142857142855,42.857142857142854,87.7,1.2857142857142858,2.7142857142857144,0.14285714285714285,0,0.092,Low,1,Playmaking,2.4753541088104662,0.6085756826106116
Christian Kabasele,Udinese,Serie A,DF,Defender,33-096,861.0,1.0,1.0,0.7317073170731707,32.822299651567945,81.8,1.0452961672473868,1.2543554006968642,0.20905923344947736,1,0.137,Low,2,Defensive,0.23579957572257926,-0.06874387597754507
Hassane Kamara,Udinese,Serie A,DF,Defender,30-086,2225.0,1.0,1.0,1.051685393258427,33.087640449438204,73.3,1.8202247191011236,1.051685393258427,0.08089887640449439,0,0.119,Low,2,Defensive,-0.21477140039351433,0.9512627162211875
Thomas Kristensen,Udinese,Serie A,DF,Defender,22-134,2096.0,0.0,1.0,0.42938931297709926,37.05629770992367,76.7,1.5028625954198473,1.245229007633588,0.042938931297709926,0,0.051,Low,2,Defensive,0.42832703847756975,0.5563309854248077
Sandi Lovrić,Udinese,Serie A,MF,Midfielder,26-063,1987.0,1.0,3.0,1.9476597886260694,32.52138902868646,75.6,1.1323603422244588,0.9511826874685455,0.1811776547559134,1,0.332,High,0,Attacking,-0.9647811980866579,0.10373099889406821
Lorenzo Lucca,Udinese,Serie A,FW,Forward,23-263,2592.0,8.0,4.0,2.1180555555555554,15.76388888888889,59.7,0.6597222222222222,0.10416666666666666,0.4166666666666667,1,0.397,High,0,Attacking,-3.43464900656165,0.522251894192776
Martín Payero,Udinese,Serie A,MF,Midfielder,25-262,1796.0,2.0,2.0,1.9042316258351892,27.410913140311802,75.5,2.706013363028953,0.7516703786191536,0.20044543429844097,1,0.286,High,2,Defensive,-0.5357447712550892,1.3968089962983856
Roberto Pereyra,Udinese,Serie A,"FW,MF",Forward,33-144,1858.0,4.0,3.0,1.2594187298170074,28.96663078579117,78.9,0.9203444564047362,0.33907427341227125,0.33907427341227125,1,0.309,High,0,Attacking,-1.2086659204971988,-0.6086676672146212
Nehuén Pérez,Udinese,Serie A,DF,Defender,23-341,3238.0,0.0,0.0,0.5558987029030266,44.44410129709698,79.2,2.001235330450896,1.25077208153181,0.0,0,0.062,Low,2,Defensive,0.9591971871579394,0.619209664785044
Lazar Samardzic,Udinese,Serie A,MF,Midfielder,22-096,2372.0,6.0,2.0,2.124789207419899,37.44940978077572,74.3,1.5177065767284992,0.3794266441821248,0.30354131534569984,1,0.377,High,0,Attacking,-1.3329391244005617,-0.052072395688380006
Isaac Success,Udinese,Serie A,"FW,MF",Forward,28-144,880.0,1.0,1.0,1.8409090909090908,20.863636363636363,63.7,0.6136363636363635,0.20454545454545453,0.20454545454545453,1,0.287,High,0,Attacking,-2.8545678961840006,0.1909287180115829
Florian Thauvin,Udinese,Serie A,FW,Forward,31-125,1710.0,5.0,3.0,2.473684210526316,28.842105263157894,70.3,0.3684210526315789,0.15789473684210525,0.42105263157894735,1,0.457,High,0,Attacking,-2.727578081284249,-0.7224223192410661
Walace,Udinese,Serie A,MF,Midfielder,29-056,3238.0,2.0,0.0,0.7504632489190859,39.94132180358246,79.7,1.8344657195799878,1.1951822112415071,0.05558987029030266,0,0.095,Low,2,Defensive,0.6311631682287324,0.503338198546351
Jordan Zemura,Udinese,Serie A,DF,Defender,24-198,1038.0,1.0,0.0,0.43352601156069365,30.0,69.9,2.0809248554913293,1.1271676300578035,0.08670520231213873,0,0.081,Low,2,Defensive,0.005381403358848718,1.5676058498566066
Brenden Aaronson,Union Berlin,Bundesliga,"MF,FW",Midfielder,23-221,1267.0,2.0,2.0,1.2786108918705603,33.52801894238358,77.3,2.273086029992107,0.1420678768745067,0.2841357537490134,1,0.231,High,2,Defensive,-0.7199413450403508,0.35856115458738747
Sheraldo Becker,Union Berlin,Bundesliga,"FW,MF",Forward,29-111,645.0,0.0,1.0,2.2325581395348837,39.06976744186046,65.4,0.41860465116279066,0.0,0.13953488372093023,0,0.363,High,0,Attacking,-2.7132563443922644,-0.7117729220498288
Kevin Behrens,Union Berlin,Bundesliga,FW,Forward,33-117,1262.0,4.0,0.0,2.923930269413629,23.961965134706816,64.0,0.9270998415213946,0.42789223454833597,0.28526148969889065,1,0.436,High,0,Attacking,-2.9299617773707873,0.4439919323917131
Leonardo Bonucci,Union Berlin,Bundesliga,DF,Defender,37-029,460.0,1.0,0.0,0.0,48.52173913043479,76.6,1.173913043478261,1.3695652173913044,0.1956521739130435,1,0.055,Low,2,Defensive,0.9241271998886511,0.13116422659946106
David Datro Fofana,Union Berlin,Bundesliga,"FW,MF",Forward,21-160,682.0,1.0,0.0,3.43108504398827,20.058651026392962,69.7,1.3196480938416422,0.0,0.13196480938416422,0,0.309,High,0,Attacking,-3.1841936553738854,0.1361792378079187
Danilho Doekhi,Union Berlin,Bundesliga,DF,Defender,25-335,2160.0,2.0,0.0,0.6666666666666666,38.291666666666664,80.3,1.4166666666666667,1.5833333333333333,0.08333333333333333,0,0.076,Low,2,Defensive,0.821820325571363,0.4535734192067236
Robin Gosens,Union Berlin,Bundesliga,"DF,MF",Defender,29-330,2283.0,6.0,3.0,1.2614980289093298,46.6754270696452,72.5,2.483574244415243,1.419185282522996,0.354796320630749,1,0.236,Low,2,Defensive,0.6811834669844918,1.4791190569827255
Janik Haberer,Union Berlin,Bundesliga,"MF,DF",Midfielder,30-058,1221.0,1.0,1.0,1.1056511056511056,40.761670761670764,74.5,2.6535626535626538,0.8845208845208845,0.14742014742014742,0,0.143,Low,2,Defensive,0.28532618140393534,1.246734009179234
Benedict Hollerbach,Union Berlin,Bundesliga,"FW,MF",Forward,23-013,1282.0,5.0,0.0,2.386895475819033,27.94071762870515,63.6,1.1934477379095165,0.280811232449298,0.3510140405616225,1,0.37,High,0,Attacking,-2.582612592292903,0.5222164839572706
Josip Juranović,Union Berlin,Bundesliga,DF,Defender,28-288,1294.0,0.0,2.0,0.7650695517774343,50.42503863987635,70.8,1.3910355486862442,0.8346213292117465,0.1391035548686244,0,0.138,Low,2,Defensive,-0.12086708691402562,0.1905084921787006
Mikkel Kaufmann,Union Berlin,Bundesliga,FW,Forward,23-148,486.0,1.0,0.0,2.7777777777777777,23.333333333333332,53.2,1.111111111111111,0.18518518518518517,0.18518518518518517,1,0.306,High,0,Attacking,-3.621389304853112,1.149936193885871
Rani Khedira,Union Berlin,Bundesliga,MF,Midfielder,30-124,1343.0,0.0,0.0,0.20104244229337304,30.156366344005956,73.1,2.345495160089352,1.4743112434847356,0.0,0,0.025,Low,2,Defensive,0.7527678870174173,1.8494379391724416
Robin Knoche,Union Berlin,Bundesliga,DF,Defender,32-008,1917.0,1.0,0.0,0.32863849765258213,54.13145539906103,80.7,1.596244131455399,0.6103286384976525,0.046948356807511735,0,0.087,Low,1,Playmaking,0.6476015035143166,-0.5157942120342388
Alex Král,Union Berlin,Bundesliga,MF,Midfielder,26-011,1370.0,0.0,0.0,1.1824817518248176,31.99270072992701,69.8,1.248175182481752,0.7226277372262774,0.0,0,0.127,High,0,Attacking,-1.0843035003414352,0.47776649252257347
Aïssa Laïdouni,Union Berlin,Bundesliga,MF,Midfielder,27-169,1071.0,0.0,3.0,1.0924369747899159,43.02521008403361,78.9,1.7647058823529411,1.0084033613445378,0.25210084033613445,1,0.212,Low,2,Defensive,0.29858226607327165,0.25787759156311213
Diogo Leite,Union Berlin,Bundesliga,DF,Defender,25-128,2702.0,0.0,0.0,0.43301258327165065,52.66099185788305,79.9,1.7320503330866026,1.5655070318282753,0.0,0,0.037,Low,2,Defensive,1.4599908280369294,0.3912840243047541
Jérôme Roussillon,Union Berlin,Bundesliga,DF,Defender,31-145,752.0,0.0,1.0,0.8377659574468085,42.48670212765957,74.1,1.9148936170212765,0.5984042553191489,0.11968085106382978,0,0.146,Low,2,Defensive,-0.1702828523910432,0.4228843187660693
András Schäfer,Union Berlin,Bundesliga,MF,Midfielder,25-047,1214.0,1.0,2.0,1.556836902800659,41.29324546952224,75.0,2.1499176276771004,1.4827018121911038,0.22240527182866554,1,0.21,High,2,Defensive,0.4220868722969363,1.1968416615608057
Lucas Tousart,Union Berlin,Bundesliga,MF,Midfielder,27-031,1572.0,0.0,0.0,1.4312977099236643,29.942748091603058,74.4,2.00381679389313,1.4312977099236643,0.0,0,0.117,Low,2,Defensive,0.008158686103331666,1.3650872087476833
Christopher Trimmel,Union Berlin,Bundesliga,DF,Defender,37-096,1646.0,0.0,2.0,0.32806804374240583,51.99878493317133,66.4,1.2575941676792224,0.7108140947752126,0.10935601458080195,0,0.098,Low,2,Defensive,-0.2847593677258846,0.26858322905097903
Yorbe Vertessen,Union Berlin,Bundesliga,"FW,MF",Forward,23-143,593.0,3.0,2.0,3.642495784148398,20.94435075885329,71.0,0.45531197301854975,0.15177065767284992,0.7588532883642496,1,0.711,High,0,Attacking,-3.4587053892554085,-0.5904028164679355
Kevin Vogt,Union Berlin,Bundesliga,DF,Defender,32-250,1323.0,0.0,0.0,0.06802721088435375,50.0,88.7,0.6802721088435374,0.4761904761904762,0.0,0,0.024,Low,1,Playmaking,0.5501935381875794,-1.7806333282495623
Kevin Volland,Union Berlin,Bundesliga,"FW,MF",Forward,31-305,1345.0,3.0,4.0,2.20817843866171,28.104089219330856,61.4,1.4721189591078068,0.40148698884758366,0.46840148698884754,1,0.394,High,0,Attacking,-2.369103559653152,0.9968176743088782
Domingos André Ribeiro Almeida,Valencia,La Liga,"FW,MF",Forward,24-000,965.0,2.0,1.0,0.9326424870466322,37.212435233160626,78.9,2.3316062176165806,0.5595854922279793,0.2797927461139897,1,0.204,Low,2,Defensive,0.06268208031749659,0.5480946825404895
Selim Amallah,Valencia,La Liga,"FW,MF",Forward,27-197,604.0,0.0,1.0,1.6390728476821192,24.43708609271523,73.2,2.533112582781457,1.6390728476821192,0.14900662251655628,0,0.211,High,2,Defensive,0.12326624969823656,2.1589959535763996
Sergi Canós,Valencia,La Liga,"MF,FW",Midfielder,27-118,1229.0,1.0,2.0,3.1489015459723353,29.65825874694874,64.2,1.6842961757526445,0.80553295362083,0.21969080553295364,1,0.295,High,0,Attacking,-2.157734378047098,1.1849977971662944
Thierry Correia,Valencia,La Liga,DF,Defender,25-082,2154.0,0.0,2.0,0.20891364902506965,55.98885793871866,75.9,2.632311977715877,1.3788300835654597,0.08356545961002786,0,0.054,Low,2,Defensive,1.6943271809110767,1.1958708284793758
Mouctar Diakhaby,Valencia,La Liga,"DF,MF",Defender,27-163,1073.0,1.0,0.0,0.587138863000932,45.79683131407269,87.0,1.5097856477166822,0.9226467847157502,0.08387698042870456,0,0.096,Low,1,Playmaking,0.8839472456570552,-0.580962623887635
Hugo Duro,Valencia,La Liga,FW,Forward,24-202,2976.0,13.0,2.0,1.9959677419354838,17.23790322580645,71.2,0.48387096774193544,0.15120967741935482,0.4536290322580645,1,0.487,High,0,Attacking,-2.7244511179524133,-0.37042861005726324
Dimitri Foulquier,Valencia,La Liga,"DF,MF",Defender,31-068,1842.0,0.0,0.0,0.3420195439739414,50.91205211726385,73.5,1.9055374592833878,0.7817589576547231,0.0,0,0.042,Low,2,Defensive,0.4492046162413519,0.4195592528564657
Peter González,Valencia,La Liga,"MF,FW",Midfielder,21-310,649.0,0.0,0.0,2.357473035439137,22.465331278890602,66.7,0.6933744221879815,0.9707241910631741,0.0,0,0.332,High,0,Attacking,-2.146703515119905,0.5557725302699993
Javier Guerra,Valencia,La Liga,MF,Midfielder,21-150,2498.0,4.0,1.0,1.5132105684547639,34.911929543634905,72.2,1.945556445156125,0.6485188150520416,0.1801441152922338,1,0.226,High,2,Defensive,-0.768213326003299,0.7483059789413437
Hugo Guillamón,Valencia,La Liga,MF,Midfielder,24-120,1315.0,1.0,0.0,0.20532319391634982,47.56653992395437,81.2,1.6425855513307985,0.8212927756653993,0.06844106463878327,0,0.02,Low,1,Playmaking,0.7664446122798386,-0.18205340307206208
Yarek Hernandis,Valencia,La Liga,DF,Defender,19-139,735.0,0.0,0.0,0.12244897959183675,35.75510204081633,71.2,2.6938775510204085,1.836734693877551,0.0,0,0.034,Low,2,Defensive,1.3468912116416463,2.4016667440776183
Diego López,Valencia,La Liga,"MF,FW",Midfielder,22-017,2656.0,3.0,6.0,1.3893072289156625,26.803463855421686,64.7,1.2537650602409638,0.677710843373494,0.30496987951807225,1,0.275,High,0,Attacking,-1.6616376075484616,0.89629316837631
José Luis Gayà,Valencia,La Liga,DF,Defender,29-005,1791.0,1.0,2.0,0.5025125628140704,53.366834170854275,75.4,3.5678391959798996,0.5527638190954774,0.15075376884422112,0,0.114,Low,2,Defensive,1.1212033216052748,1.4320521432258326
Cristhian Mosquera,Valencia,La Liga,DF,Defender,19-338,3075.0,0.0,0.0,0.2634146341463415,48.175609756097565,88.3,1.6682926829268294,1.053658536585366,0.0,0,0.022,Low,1,Playmaking,1.3824939954807622,-0.4720974676193507
Cenk Özkacar,Valencia,La Liga,DF,Defender,23-237,1598.0,0.0,0.0,0.3379224030037547,48.43554443053817,81.2,1.4643304130162702,1.013767209011264,0.0,0,0.063,Low,1,Playmaking,0.8199817031007419,-0.21728720735239912
Gabriel Paulista,Valencia,La Liga,DF,Defender,33-186,1398.0,0.0,0.0,0.45064377682403434,52.532188841201716,85.7,0.6437768240343348,1.5450643776824033,0.0,0,0.039,Low,1,Playmaking,1.2396765330814536,-0.9060209803704605
Francisco Perez,Valencia,La Liga,"MF,FW",Midfielder,21-264,2049.0,1.0,4.0,0.8784773060029283,25.651537335285507,74.7,1.3177159590043925,0.6149341142020498,0.21961932650073207,1,0.173,Low,0,Attacking,-0.9068678024172562,0.3117487285476437
José Luis García Vayá,Valencia,La Liga,MF,Midfielder,25-293,3302.0,7.0,1.0,0.7359176256814052,58.11023622047244,78.4,2.1259842519685037,1.3355542095699575,0.2180496668685645,1,0.13,Low,2,Defensive,1.3546522862667094,0.4890355451511766
Jesus Vazquez,Valencia,La Liga,"DF,MF",Defender,21-149,716.0,1.0,0.0,0.8798882681564245,32.93296089385475,66.0,3.016759776536313,0.3770949720670391,0.12569832402234637,0,0.114,Low,2,Defensive,-0.6047293078018664,1.93598941665306
Roman Yaremchuk,Valencia,La Liga,FW,Forward,28-185,928.0,3.0,0.0,1.7456896551724137,20.366379310344826,67.6,0.48491379310344823,0.09698275862068965,0.29094827586206895,1,0.34,High,0,Attacking,-2.7630422422890057,-0.2329529792090402
Ilias Akhomach,Villarreal,La Liga,"MF,FW",Midfielder,20-044,1511.0,2.0,2.0,1.7868960953011253,28.64990072799471,77.3,2.14427531436135,0.7743216412971542,0.2382528127068167,1,0.236,High,2,Defensive,-0.585669841991596,0.8072183228230724
Raúl Albiol,Villarreal,La Liga,DF,Defender,38-269,2031.0,0.0,1.0,0.2658788774002954,56.36632200886263,86.1,1.1078286558345642,0.7090103397341211,0.04431314623338257,0,0.044,Low,1,Playmaking,0.9070221279839168,-1.2523254062140476
Adrià Altimira,Villarreal,La Liga,"DF,MF",Defender,23-063,775.0,0.0,0.0,0.11612903225806452,54.0,83.7,1.8580645161290323,0.5806451612903226,0.0,0,0.043,Low,1,Playmaking,1.0143398367250804,-0.4988230005049067
Alex Baena,Villarreal,La Liga,"MF,FW",Midfielder,22-315,2579.0,2.0,14.0,2.5126017836370687,43.796044978673905,71.2,1.1865063978286157,0.45366421093447074,0.5583559519193486,1,0.488,High,0,Attacking,-1.6054423419366952,-0.2525022181662141
Eric Bailly,Villarreal,La Liga,DF,Defender,30-048,839.0,0.0,0.0,0.2145411203814064,41.29916567342074,87.5,0.536352800953516,0.9654350417163289,0.0,0,0.009,Low,1,Playmaking,0.5467256191953183,-1.252400241368211
Étienne Capoue,Villarreal,La Liga,MF,Midfielder,35-324,1455.0,1.0,1.0,0.8659793814432989,50.28865979381443,86.0,1.979381443298969,1.360824742268041,0.12371134020618556,0,0.124,Low,1,Playmaking,1.4474846169981221,0.07096050165333222
Santi Comesaña,Villarreal,La Liga,MF,Midfielder,27-238,1653.0,2.0,0.0,0.925589836660617,47.259528130671505,86.6,2.395644283121597,1.1978221415607986,0.1088929219600726,0,0.105,Low,2,Defensive,1.41050332428889,0.3258077124611266
Francis Coquelin,Villarreal,La Liga,MF,Midfielder,33-017,910.0,0.0,0.0,0.2967032967032967,42.62637362637363,87.9,1.978021978021978,1.5824175824175826,0.0,0,0.017,Low,2,Defensive,1.8219998545496339,0.34033361140968016
Jorge Cuenca,Villarreal,La Liga,DF,Defender,24-195,1963.0,3.0,1.0,0.9169638308711157,52.72542027508915,83.2,1.925624044829343,0.9628120224146715,0.18339276617422315,1,0.169,Low,1,Playmaking,0.9395085717826488,-0.15086107527421752
Kiko Femenía,Villarreal,La Liga,DF,Defender,33-118,1583.0,0.0,0.0,0.056854074542008845,63.733417561591914,83.8,1.9898926089703095,1.7624763108022743,0.0,0,0.048,Low,1,Playmaking,2.4883967701027743,0.2510035210943007
Juan Foyth,Villarreal,La Liga,DF,Defender,26-139,1062.0,1.0,1.0,0.5084745762711864,58.474576271186436,81.9,2.2033898305084745,1.0169491525423728,0.1694915254237288,1,0.14,Low,1,Playmaking,1.4155343383357601,0.09325487738246067
Matteo Gabbia,Villarreal,La Liga,DF,Defender,24-222,477.0,0.0,0.0,0.0,56.41509433962264,89.3,1.8867924528301887,1.509433962264151,0.0,0,0.024,Low,1,Playmaking,2.3323287598092652,-0.19994652553375805
Gonçalo Guedes,Villarreal,La Liga,"FW,MF",Forward,27-183,951.0,3.0,2.0,2.460567823343849,31.514195583596216,76.6,0.5678233438485805,0.18927444794952683,0.4731861198738171,1,0.477,High,0,Attacking,-2.1664853797261636,-1.011527476225539
José Luis Morales,Villarreal,La Liga,"FW,MF",Forward,36-312,1048.0,7.0,0.0,2.232824427480916,18.37786259541985,72.0,0.42938931297709926,0.601145038167939,0.601145038167939,1,0.584,High,0,Attacking,-2.372141467602172,-0.17732666833801655
Aïssa Mandi,Villarreal,La Liga,DF,Defender,32-221,1113.0,1.0,0.0,0.32345013477088946,59.35309973045822,91.4,1.0512129380053907,0.6469002695417789,0.08086253369272237,0,0.089,Low,1,Playmaking,1.17781976519574,-1.7710333600825547
Alberto Moreno,Villarreal,La Liga,DF,Defender,31-330,1484.0,2.0,2.0,1.0309973045822103,44.45417789757413,79.9,1.8800539083557954,1.4555256064690028,0.24258760107816715,1,0.114,Low,2,Defensive,0.8961028032650827,0.5911135739371713
Gerard Moreno,Villarreal,La Liga,FW,Forward,32-053,2215.0,10.0,6.0,2.4379232505643342,40.67268623024831,77.8,1.0158013544018059,0.3656884875846501,0.6501128668171557,1,0.641,High,0,Attacking,-1.4492023438007735,-0.810515124496106
Yerson Mosquera,Villarreal,La Liga,DF,Defender,23-028,1229.0,2.0,1.0,0.7323026851098454,53.75101708706266,85.6,1.9772172497965828,1.2449145646867372,0.21969080553295364,1,0.167,Low,1,Playmaking,1.481884927567098,-0.06678663359562338
Daniel Parejo,Villarreal,La Liga,MF,Midfielder,35-044,2580.0,3.0,5.0,0.313953488372093,64.43023255813954,87.9,1.5,0.7325581395348837,0.27906976744186046,1,0.179,Low,1,Playmaking,1.4232314608145322,-1.2292669256852766
Alfonso Pedraza,Villarreal,La Liga,DF,Defender,28-051,1116.0,1.0,3.0,0.7258064516129032,48.225806451612904,76.8,2.0161290322580645,1.0483870967741935,0.3225806451612903,1,0.129,Low,2,Defensive,0.6675040608175989,0.5325248887066398
Yeremi Pino,Villarreal,La Liga,"MF,FW",Midfielder,21-223,475.0,0.0,0.0,1.7052631578947368,32.4,80.1,4.736842105263158,0.9473684210526316,0.0,0,0.15,High,2,Defensive,1.1078875157485586,2.8187156270978737
Alexander Sørloth,Villarreal,La Liga,FW,Forward,28-177,2489.0,23.0,6.0,2.8204098031337885,17.211731619124148,75.0,0.21695460024106067,0.0,1.0486139011651265,1,0.851,High,0,Attacking,-3.186934754266152,-1.0128727253693812
Ramón Terrats,Villarreal,La Liga,"MF,DF",Midfielder,23-225,785.0,0.0,2.0,0.9171974522292995,52.96815286624204,81.2,1.9490445859872614,0.3439490445859873,0.22929936305732487,1,0.216,Low,1,Playmaking,0.27022317135911217,-0.46828484551192834
Bertrand Traoré,Villarreal,La Liga,MF,Midfielder,28-267,568.0,1.0,0.0,3.1690140845070425,33.75,78.4,0.7922535211267606,0.15845070422535212,0.15845070422535212,0,0.405,High,0,Attacking,-2.274708227991033,-1.0723328878135827
Felix Agu,Werder Bremen,Bundesliga,"DF,MF",Defender,24-246,1614.0,0.0,0.0,0.6133828996282528,37.30483271375465,72.9,2.5092936802973975,0.724907063197026,0.0,0,0.073,Low,2,Defensive,0.12370863189153335,1.2332988534811546
Leonardo Bittencourt,Werder Bremen,Bundesliga,MF,Midfielder,30-163,1578.0,1.0,2.0,1.768060836501901,47.28136882129277,80.2,2.3954372623574143,0.741444866920152,0.17110266159695817,1,0.193,High,2,Defensive,0.20950107801100393,0.3434956136181912
Rafael Borré,Werder Bremen,Bundesliga,FW,Forward,28-258,991.0,4.0,0.0,1.8163471241170535,27.336024217961654,74.1,0.9081735620585267,0.18163471241170534,0.3632694248234107,1,0.424,High,0,Attacking,-1.9535393552709703,-0.42141582707699665
Olivier Deman,Werder Bremen,Bundesliga,DF,Defender,24-054,1365.0,2.0,1.0,1.120879120879121,48.13186813186813,74.4,1.8461538461538463,0.9230769230769231,0.19780219780219782,1,0.145,Low,2,Defensive,0.13709265143719843,0.4291401666533695
Marvin Ducksch,Werder Bremen,Bundesliga,FW,Forward,30-084,2696.0,12.0,9.0,2.470326409495549,31.71364985163205,59.6,0.26706231454005935,0.13353115727002968,0.7010385756676558,1,0.537,High,0,Attacking,-3.3161251034127477,-0.19341907070252792
Marco Friedl,Werder Bremen,Bundesliga,DF,Defender,26-075,2197.0,1.0,0.0,0.2867546654528903,44.28311333636778,86.0,2.1711424670004553,1.4337733272644515,0.040964952207555756,0,0.025,Low,2,Defensive,1.7209410089662245,0.474225259651055
Christian Groß,Werder Bremen,Bundesliga,"DF,MF",Defender,35-112,797.0,0.0,1.0,0.45169385194479295,56.34880803011292,85.6,2.371392722710163,1.468005018820577,0.11292346298619824,0,0.096,Low,1,Playmaking,2.0892763394120597,0.3832563311821405
Anthony Jung,Werder Bremen,Bundesliga,DF,Defender,32-209,2579.0,1.0,0.0,0.17448623497479643,62.64055835595192,86.5,1.2911981388134937,0.8375339278790229,0.03489724699495929,0,0.044,Low,1,Playmaking,1.3609283734825988,-1.1783027994248718
Senne Lynen,Werder Bremen,Bundesliga,MF,Midfielder,25-101,1797.0,0.0,3.0,0.6010016694490818,45.22537562604341,82.6,3.2053422370617697,2.0534223706176964,0.15025041736227046,0,0.115,Low,2,Defensive,2.4659173028449652,1.9726752010115276
Julián Malatini,Werder Bremen,Bundesliga,DF,Defender,22-365,602.0,1.0,0.0,0.4485049833887043,54.41860465116279,81.0,2.691029900332226,1.9435215946843853,0.14950166112956811,0,0.113,Low,2,Defensive,2.3696200672332224,1.353141621435915
Justin Njinmah,Werder Bremen,Bundesliga,FW,Forward,23-197,1016.0,6.0,2.0,2.9232283464566926,19.04527559055118,67.9,0.44291338582677164,0.17716535433070865,0.7086614173228346,1,0.731,High,0,Attacking,-3.3132615031927077,-0.2798613744110204
Amos Pieper,Werder Bremen,Bundesliga,DF,Defender,26-134,590.0,0.0,0.0,0.6101694915254238,47.59322033898305,73.4,2.135593220338983,1.3728813559322035,0.0,0,0.061,Low,2,Defensive,0.873310577633405,1.1208927839115574
Romano Schmid,Werder Bremen,Bundesliga,"MF,FW",Midfielder,24-124,2601.0,4.0,6.0,1.3148788927335642,41.90311418685121,77.7,1.2110726643598617,0.3806228373702422,0.34602076124567477,1,0.325,High,0,Attacking,-0.7564604832142012,-0.5801479856086551
Jens Stage,Werder Bremen,Bundesliga,MF,Midfielder,27-204,2327.0,3.0,1.0,1.5470562956596476,40.300816501933824,74.4,2.011173184357542,0.8895573700042975,0.15470562956596476,0,0.168,High,2,Defensive,-0.25178116145287877,0.7032977975245762
Niklas Stark,Werder Bremen,Bundesliga,DF,Defender,29-046,1088.0,2.0,0.0,0.33088235294117646,49.21875,79.8,2.150735294117647,1.5716911764705883,0.16544117647058823,0,0.123,Low,2,Defensive,1.6102290052984487,0.842190052541419
Miloš Veljković,Werder Bremen,Bundesliga,DF,Defender,28-247,1920.0,2.0,1.0,0.28125,60.703125,82.3,1.453125,0.796875,0.140625,0,0.099,Low,1,Playmaking,1.0550534217457186,-0.7587131031799178
Mitchell Weiser,Werder Bremen,Bundesliga,"DF,MF",Defender,30-039,2636.0,3.0,7.0,1.5022761760242793,49.267830045523525,74.4,2.1851289833080427,0.6828528072837633,0.34142640364188165,1,0.235,High,2,Defensive,-0.08202682612361328,0.47578241744807787
Nick Woltemade,Werder Bremen,Bundesliga,"FW,MF",Forward,22-106,1189.0,2.0,0.0,1.665264928511354,31.185870479394453,76.7,2.573591253153911,0.37846930193439865,0.15138772077375948,0,0.198,High,2,Defensive,-0.6507638778471145,0.8537546255795951
Nayef Aguerd,West Ham,Premier League,DF,Defender,28-061,1857.0,1.0,0.0,0.6785137318255251,57.043618739903074,80.1,1.260096930533118,0.8239095315024233,0.048465266558966075,0,0.08,Low,1,Playmaking,0.5631138132891987,-0.692959363805208
Edson Álvarez,West Ham,Premier League,MF,Midfielder,26-219,2377.0,1.0,1.0,0.6436684896928901,45.7004627681952,85.6,3.0290281867900717,1.5902397980647875,0.07572570466975179,0,0.088,Low,2,Defensive,2.1135626606456612,1.268929027649125
Michail Antonio,West Ham,Premier League,FW,Forward,34-063,1695.0,6.0,2.0,1.592920353982301,16.353982300884958,58.4,0.7964601769911505,0.21238938053097348,0.4247787610619469,1,0.416,High,0,Attacking,-3.065282778884949,0.825113341447158
Saïd Benrahma,West Ham,Premier League,"FW,MF",Forward,28-294,620.0,0.0,1.0,2.6129032258064515,37.306451612903224,75.1,1.161290322580645,0.7258064516129031,0.14516129032258063,0,0.37,High,0,Attacking,-1.3810889448426271,-0.173453979142236
Jarrod Bowen,West Ham,Premier League,FW,Forward,27-162,3019.0,16.0,6.0,2.504140443855581,20.927459423650216,68.9,1.2520702219277906,0.5664127194435243,0.6558463067240808,1,0.56,High,0,Attacking,-2.250728687745035,0.6007687418064795
Vladimír Coufal,West Ham,Premier League,DF,Defender,31-282,3132.0,0.0,7.0,0.2298850574712644,47.844827586206904,69.3,1.8390804597701151,1.2356321839080462,0.20114942528735633,1,0.116,Low,2,Defensive,0.5705796098406644,1.062345316046148
Ben Johnson,West Ham,Premier League,"DF,FW",Defender,24-127,544.0,0.0,0.0,0.9926470588235294,55.25735294117647,73.7,1.8198529411764706,0.8272058823529412,0.0,0,0.091,Low,2,Defensive,0.26415133125980567,0.21538824256880493
Mohammed Kudus,West Ham,Premier League,"FW,MF",Forward,23-302,2484.0,8.0,6.0,2.4275362318840576,31.702898550724637,77.4,2.3550724637681157,0.39855072463768115,0.5072463768115942,1,0.374,High,0,Attacking,-1.0592653048664686,0.5738100372908285
Konstantinos Mavropanos,West Ham,Premier League,DF,Defender,26-171,1500.0,1.0,0.0,0.72,38.099999999999994,75.9,1.68,1.38,0.06,0,0.113,Low,2,Defensive,0.4781877886141741,0.8098688781770158
Angelo Ogbonna,West Ham,Premier League,DF,Defender,36-007,635.0,0.0,0.0,0.14173228346456693,30.330708661417322,79.9,1.5590551181102363,0.4251968503937008,0.0,0,0.024,Low,2,Defensive,-0.17683177431091682,-0.03281978982095785
Emerson Palmieri,West Ham,Premier League,DF,Defender,29-301,3137.0,1.0,2.0,0.5451067899266816,50.06375518010839,81.4,3.0411220911699077,1.2336627350972267,0.08606949314631815,0,0.087,Low,2,Defensive,1.7258691128899462,1.18786256280479
Lucas Paquetá,West Ham,Premier League,"FW,MF",Forward,26-277,2622.0,4.0,6.0,1.3729977116704806,50.28604118993135,73.9,2.4370709382151032,0.7208237986270023,0.34324942791762014,1,0.247,High,2,Defensive,0.13766804875092134,0.7303278126894216
Tomáš Souček,West Ham,Premier League,MF,Midfielder,29-093,2870.0,7.0,2.0,1.348432055749129,30.16724738675958,75.1,1.6620209059233448,1.1602787456445993,0.28222996515679444,1,0.251,Low,2,Defensive,-0.31842678188572054,0.8334921243255896
James Ward-Prowse,West Ham,Premier League,MF,Midfielder,29-211,3001.0,7.0,7.0,1.259580139953349,50.14328557147618,82.9,1.3495501499500169,1.1396201266244586,0.4198600466511163,1,0.222,Low,1,Playmaking,0.570200115833902,-0.43852153518001286
Kurt Zouma,West Ham,Premier League,DF,Defender,29-216,2838.0,3.0,0.0,0.507399577167019,36.40591966173361,83.8,0.7293868921775898,0.919661733615222,0.09513742071881606,0,0.073,Low,1,Playmaking,0.10192859338820798,-0.7842003256344642
Maximilian Arnold,Wolfsburg,Bundesliga,MF,Midfielder,30-003,2506.0,2.0,1.0,1.149241819632881,56.815642458100555,81.2,1.8316041500399043,0.8619313647246608,0.1077414205905826,0,0.147,High,1,Playmaking,0.690946546605954,-0.29050799904890595
Ridle Baku,Wolfsburg,Bundesliga,"DF,MF",Defender,26-052,2013.0,1.0,0.0,1.2071535022354694,46.85543964232489,75.3,1.65424739195231,0.9388971684053651,0.044709388971684055,0,0.121,High,2,Defensive,0.03218931772850127,0.2478181060056701
Kevin Behrens,Wolfsburg,Bundesliga,FW,Forward,33-117,616.0,1.0,1.0,1.6071428571428572,25.56818181818182,64.0,0.29220779220779225,0.4383116883116883,0.29220779220779225,1,0.322,High,0,Attacking,-2.5219572297773114,-0.020106945834324194
Sebastiaan Bornauw,Wolfsburg,Bundesliga,DF,Defender,25-069,1431.0,0.0,0.0,0.6289308176100629,52.9559748427673,87.5,1.6352201257861634,1.1320754716981132,0.0,0,0.078,Low,1,Playmaking,1.3505335334424082,-0.5325729823627163
Václav Černý,Wolfsburg,Bundesliga,"FW,MF",Forward,26-226,921.0,4.0,1.0,1.954397394136808,35.57003257328991,70.1,0.7817589576547231,0.7817589576547231,0.48859934853420195,1,0.429,High,0,Attacking,-1.5134164423321887,-0.02865963674251747
Yannick Gerhardt,Wolfsburg,Bundesliga,"MF,DF",Midfielder,30-078,1630.0,2.0,1.0,1.049079754601227,41.74233128834356,77.4,1.7116564417177915,0.38650306748466257,0.1656441717791411,0,0.196,High,2,Defensive,-0.40373670031635267,-0.11738769648022043
Moritz Jenz,Wolfsburg,Bundesliga,DF,Defender,25-030,1742.0,0.0,1.0,0.3616532721010333,55.17795637198623,88.1,1.756601607347876,1.3432835820895523,0.05166475315729047,0,0.052,Low,1,Playmaking,1.8341175185787932,-0.34894261842607444
Jakub Kamiński,Wolfsburg,Bundesliga,"FW,MF",Forward,21-360,473.0,0.0,2.0,1.9027484143763214,37.10359408033827,77.9,2.66384778012685,0.38054968287526425,0.38054968287526425,1,0.369,High,2,Defensive,-0.486622920891217,0.6887009940656852
Maxence Lacroix,Wolfsburg,Bundesliga,DF,Defender,24-054,2362.0,4.0,1.0,0.4572396274343777,55.2116850127011,84.7,1.8289585097375107,0.9144792548687554,0.1905165114309907,1,0.126,Low,1,Playmaking,1.232468151454643,-0.39372587524814423
Lovro Majer,Wolfsburg,Bundesliga,"MF,FW",Midfielder,26-134,2106.0,5.0,5.0,1.4957264957264957,44.401709401709404,73.1,1.6666666666666667,0.5128205128205129,0.4273504273504274,1,0.309,High,0,Attacking,-0.6948053500059551,0.12396792804386672
Joakim Mæhle,Wolfsburg,Bundesliga,"DF,MF",Defender,27-010,2452.0,2.0,3.0,0.734094616639478,57.07585644371942,81.2,2.2756933115823816,1.064437194127243,0.1835236541598695,1,0.129,Low,2,Defensive,1.3025137723960107,0.2528584164482772
Kevin Paredes,Wolfsburg,Bundesliga,"FW,MF",Forward,21-023,1432.0,3.0,0.0,1.1941340782122905,37.20670391061452,76.9,2.6396648044692737,1.4455307262569832,0.18854748603351956,1,0.15,Low,2,Defensive,0.7889256851446267,1.5778183280371365
Rogério,Wolfsburg,Bundesliga,DF,Defender,26-138,906.0,1.0,0.0,0.3973509933774835,54.83443708609272,82.4,1.390728476821192,0.49668874172185434,0.09933774834437087,0,0.093,Low,1,Playmaking,0.5265117596623162,-0.9050283565930637
Mattias Svanberg,Wolfsburg,Bundesliga,MF,Midfielder,25-146,1715.0,1.0,3.0,2.204081632653061,42.349854227405245,71.1,1.9416909620991252,1.1020408163265305,0.20991253644314867,1,0.254,High,2,Defensive,-0.5399723620084507,0.9229488938547169
Tiago Tomás,Wolfsburg,Bundesliga,"FW,MF",Forward,21-349,1032.0,1.0,1.0,2.354651162790698,24.24418604651163,65.1,0.436046511627907,0.2616279069767442,0.1744186046511628,1,0.318,High,0,Attacking,-2.9646187323777076,-0.1259540849536109
Aster Vranckx,Wolfsburg,Bundesliga,MF,Midfielder,21-239,1153.0,0.0,0.0,0.3122289679098005,45.66348655680832,85.3,2.497831743278404,1.0928013876843017,0.0,0,0.055,Low,2,Defensive,1.546531288823067,0.5009616801033471
Patrick Wimmer,Wolfsburg,Bundesliga,"FW,MF",Forward,23-000,589.0,2.0,0.0,1.5280135823429541,30.560271646859086,64.0,2.139219015280136,0.45840407470288624,0.30560271646859083,1,0.265,High,0,Attacking,-1.4465297368925971,1.4110953172785157
Jonas Wind,Wolfsburg,Bundesliga,FW,Forward,25-113,2651.0,11.0,7.0,2.4443606186344775,22.847981893625047,70.3,0.4413428894756696,0.1018483591097699,0.6110901546586194,1,0.519,High,0,Attacking,-2.9024670507315053,-0.5539962521694222
Cedric Zesiger,Wolfsburg,Bundesliga,DF,Defender,25-341,1634.0,0.0,0.0,0.8812729498164015,61.578947368421055,84.3,1.0465116279069768,0.8261933904528764,0.0,0,0.075,Low,1,Playmaking,0.7299478865115819,-1.2703482500048748
Rayan Aït-Nouri,Wolves,Premier League,"DF,MF",Defender,22-359,2329.0,2.0,1.0,0.9274366680978962,45.98540145985402,84.5,2.7436668097896093,0.579647917561185,0.11592958351223702,0,0.143,Low,2,Defensive,0.8455976990229903,0.3221918516996993
Jean-Ricner Bellegarde,Wolves,Premier League,"MF,FW",Midfielder,25-338,958.0,2.0,1.0,1.4091858037578289,29.498956158663884,76.8,1.5970772442588728,0.7515657620041754,0.28183716075156573,1,0.255,High,2,Defensive,-0.6823674904220083,0.3750014647258526
Hugo Bueno,Wolves,Premier League,"DF,MF",Defender,21-255,741.0,0.0,0.0,0.6072874493927126,49.31174089068826,78.3,2.550607287449393,0.7287449392712552,0.0,0,0.057,Low,2,Defensive,0.7979791471422473,0.621015935917255
Santiago Bueno,Wolves,Premier League,DF,Defender,25-203,822.0,0.0,0.0,0.0,52.55474452554745,88.8,1.4233576642335768,0.6569343065693432,0.0,0,0.028,Low,1,Playmaking,1.1824337639842057,-1.0933322580563878
Matheus Cunha,Wolves,Premier League,"FW,MF",Forward,25-003,2440.0,12.0,7.0,2.6557377049180326,30.651639344262296,79.2,1.1065573770491803,0.4795081967213115,0.7008196721311475,1,0.54,High,0,Attacking,-1.6171516554981566,-0.5109019714592171
Craig Dawson,Wolves,Premier League,DF,Defender,34-024,2209.0,1.0,1.0,0.6518786781349026,52.02806699864192,86.5,1.2222725215029424,0.6518786781349026,0.08148483476686283,0,0.089,Low,1,Playmaking,0.6148675190857187,-1.1471484926564028
Matt Doherty,Wolves,Premier League,"DF,MF",Defender,32-135,1150.0,1.0,0.0,0.7043478260869565,51.10434782608695,78.9,2.426086956521739,0.5478260869565217,0.07826086956521738,0,0.109,Low,2,Defensive,0.6080657506243166,0.2920697091813767
Tommy Doyle,Wolves,Premier League,MF,Midfielder,22-226,1222.0,0.0,0.0,1.0310965630114566,70.3355155482815,83.9,1.9148936170212767,0.88379705400982,0.0,0,0.153,Low,1,Playmaking,1.348874855449503,-0.7065807647307962
João Gomes,Wolves,Premier League,MF,Midfielder,23-108,2649.0,2.0,1.0,0.883352208380521,43.45413363533409,82.2,4.34881087202718,0.6115515288788221,0.10192525481313702,0,0.112,Low,2,Defensive,1.4549710853033928,1.8950225147024942
Toti Gomes,Wolves,Premier League,DF,Defender,25-135,2772.0,1.0,3.0,0.3246753246753247,59.967532467532465,82.1,1.4285714285714286,0.8441558441558441,0.12987012987012986,0,0.124,Low,1,Playmaking,1.0334609122103635,-0.7156895524245155
Hwang Hee-chan,Wolves,Premier League,"FW,MF",Forward,28-125,2119.0,12.0,3.0,1.8688060405851816,23.402548371873525,77.0,0.8494572911750826,0.4247286455875413,0.6370929683813119,1,0.563,High,0,Attacking,-1.7312541173084999,-0.3857840123648511
Max Kilman,Wolves,Premier League,DF,Defender,27-007,3420.0,2.0,0.0,0.3684210526315789,60.76315789473684,85.7,1.236842105263158,1.0263157894736843,0.05263157894736842,0,0.068,Low,1,Playmaking,1.3155139492530348,-0.9977347943804246
Mario Lemina,Wolves,Premier League,MF,Midfielder,30-272,2968.0,4.0,1.0,1.4555256064690028,44.57547169811321,85.8,2.72911051212938,1.2432614555256065,0.15161725067385448,0,0.136,High,2,Defensive,1.225857276311961,0.7170150430522325
Pedro Neto,Wolves,Premier League,"FW,MF",Forward,24-082,1516.0,2.0,9.0,2.1372031662269126,42.86279683377309,74.5,0.4155672823218997,0.2968337730870712,0.6530343007915567,1,0.589,High,0,Attacking,-1.7710476603759207,-1.176096668223216
Pablo Sarabia,Wolves,Premier League,"MF,FW",Midfielder,32-019,1745.0,4.0,7.0,2.2693409742120343,50.33810888252149,70.1,1.0315186246418337,0.5157593123209169,0.5673352435530086,1,0.534,High,0,Attacking,-1.3748164381465433,-0.40626900524147036
Nélson Semedo,Wolves,Premier League,"DF,MF",Defender,30-196,3084.0,0.0,1.0,0.4961089494163424,53.959143968871594,79.7,2.305447470817121,1.0505836575875487,0.029182879377431907,0,0.058,Low,2,Defensive,1.2479525347328402,0.45949084553096914
Boubacar Traoré,Wolves,Premier League,MF,Midfielder,22-284,819.0,0.0,0.0,1.208791208791209,50.0,84.2,3.8461538461538463,0.5494505494505495,0.0,0,0.111,High,2,Defensive,1.2982395650978722,1.1155212391978173
